"point_id","class","direction","species","count"
1,"basalarea","none","Acer_rubrum","4"
1,"basalarea","none","Quercus_rubra","1"
1,"basalarea","none","Quercus_montana","2"
1,"basalarea","none","Nyssa_sylvatica","1"
1,"snag","none","snag","0"
1,"basalarea_edge","none","nodata","2"
1,"large_woody_stems","north","Acer_rubrum","3"
1,"large_woody_stems","north","Hamamelis_virginiana","3"
1,"large_woody_stems","north","Quercus_rubra","5"
1,"large_woody_stems","north","Amelanchier_spp","1"
1,"medium_woody_stems","south","Hamamelis_virginiana","1"
1,"large_woody_stems","south","Hamamelis_virginiana","7"
1,"large_woody_stems","south","Quercus_alba","1"
2,"basalarea","none","Acer_rubrum","4"
2,"basalarea","none","Quercus_rubra","1"
2,"snag","none","snag","0"
2,"basalarea_edge","none","nodata","3"
2,"small_woody_stems","north","Kalmia_latifolia","4"
2,"small_woody_stems","north","Vaccinium_spp","4"
2,"small_woody_stems","north","Gaylussacia_spp","2"
2,"small_woody_stems","north","Acer_rubrum","1"
2,"medium_woody_stems","north","Gaylussacia_spp","12"
2,"medium_woody_stems","north","Kalmia_latifolia","7"
2,"medium_woody_stems","north","Quercus_rubra","1"
2,"medium_woody_stems","north","Prunus_spp","3"
2,"medium_woody_stems","north","Ilex_montana","2"
2,"large_woody_stems","north","Quercus_rubra","7"
2,"large_woody_stems","north","Amelanchier_spp","2"
2,"large_woody_stems","north","Acer_rubrum","3"
2,"large_woody_stems","north","Ilex_montana","1"
2,"large_woody_stems","north","Kalmia_latifolia","1"
2,"small_woody_stems","south","Gaylussacia_spp","4"
2,"small_woody_stems","south","Vaccinium_spp","2"
2,"small_woody_stems","south","Sassafras_albidum","4"
2,"medium_woody_stems","south","Gaylussacia_spp","17"
2,"medium_woody_stems","south","Kalmia_latifolia","4"
2,"medium_woody_stems","south","Ilex_montana","1"
2,"large_woody_stems","south","Acer_rubrum","7"
2,"large_woody_stems","south","Quercus_rubra","6"
2,"large_woody_stems","south","Sassafras_albidum","1"
3,"basalarea","none","Quercus_rubra","1"
3,"basalarea","none","Quercus_montana","1"
3,"snag","none","snag","0"
3,"basalarea_edge","none","nodata","1"
3,"small_woody_stems","north","Rhododendron_spp","5"
3,"small_woody_stems","north","Quercus_rubra","1"
3,"small_woody_stems","north","Acer_rubrum","6"
3,"small_woody_stems","north","Prunus_spp","1"
3,"small_woody_stems","north","Hamamelis_virginiana","1"
3,"small_woody_stems","north","Gaylussacia_spp","9"
3,"medium_woody_stems","north","Prunus_spp","1"
3,"medium_woody_stems","north","Quercus_montana","2"
3,"medium_woody_stems","north","Quercus_rubra","2"
3,"medium_woody_stems","north","Hamamelis_virginiana","2"
3,"medium_woody_stems","north","Sassafras_albidum","1"
3,"medium_woody_stems","north","Kalmia_latifolia","1"
3,"medium_woody_stems","north","Rhododendron_spp","2"
3,"medium_woody_stems","north","Acer_rubrum","2"
3,"large_woody_stems","north","Prunus_spp","4"
3,"large_woody_stems","north","Kalmia_latifolia","1"
3,"large_woody_stems","north","Amelanchier_spp","2"
3,"large_woody_stems","north","Quercus_rubra","4"
3,"large_woody_stems","north","Quercus_montana","1"
3,"large_woody_stems","north","Sassafras_albidum","5"
3,"large_woody_stems","north","Acer_rubrum","4"
3,"large_woody_stems","north","Hamamelis_virginiana","5"
3,"small_woody_stems","south","Vaccinium_spp","61"
3,"small_woody_stems","south","Hamamelis_virginiana","7"
3,"small_woody_stems","south","Kalmia_latifolia","6"
3,"small_woody_stems","south","Amelanchier_spp","1"
3,"small_woody_stems","south","Gaylussacia_spp","19"
3,"small_woody_stems","south","Prunus_spp","10"
3,"small_woody_stems","south","Acer_rubrum","2"
3,"small_woody_stems","south","Sassafras_albidum","4"
3,"small_woody_stems","south","Quercus_montana","3"
3,"medium_woody_stems","south","Kalmia_latifolia","6"
3,"medium_woody_stems","south","Gaylussacia_spp","10"
3,"medium_woody_stems","south","Quercus_rubra","2"
3,"medium_woody_stems","south","Prunus_spp","11"
3,"medium_woody_stems","south","Vaccinium_spp","1"
3,"medium_woody_stems","south","Sassafras_albidum","1"
3,"medium_woody_stems","south","Hamamelis_virginiana","2"
3,"large_woody_stems","south","Sassafras_albidum","4"
3,"large_woody_stems","south","Quercus_rubra","4"
3,"large_woody_stems","south","Hamamelis_virginiana","3"
3,"large_woody_stems","south","Quercus_montana","5"
4,"basalarea","none","Quercus_rubra","1"
4,"snag","none","snag","0"
4,"basalarea_edge","none","nodata","1"
5,"basalarea","none","Quercus_montana","1"
5,"snag","none","snag","0"
5,"basalarea_edge","none","nodata","0"
5,"small_woody_stems","north","Rhododendron_spp","4"
5,"small_woody_stems","north","Gaylussacia_spp","6"
5,"medium_woody_stems","north","Rhododendron_spp","10"
5,"large_woody_stems","north","Rhododendron_spp","4"
5,"large_woody_stems","north","Quercus_rubra","2"
5,"large_woody_stems","north","Acer_rubrum","1"
5,"large_woody_stems","north","Quercus_montana","5"
5,"large_woody_stems","north","Amelanchier_spp","6"
5,"large_woody_stems","north","Hamamelis_virginiana","15"
5,"large_woody_stems","north","Quercus_alba","1"
5,"small_woody_stems","south","Amelanchier_spp","1"
5,"small_woody_stems","south","Acer_rubrum","1"
5,"small_woody_stems","south","Gaylussacia_spp","5"
5,"large_woody_stems","south","Rhododendron_spp","2"
5,"large_woody_stems","south","Acer_rubrum","25"
5,"large_woody_stems","south","Quercus_montana","2"
5,"large_woody_stems","south","Quercus_alba","3"
5,"large_woody_stems","south","Betula_lenta","3"
5,"large_woody_stems","south","Amelanchier_spp","2"
5,"large_woody_stems","south","Hamamelis_virginiana","5"
5,"large_woody_stems","south","Quercus_rubra","2"
6,"snag","none","snag","0"
6,"basalarea_edge","none","nodata","0"
6,"small_woody_stems","north","Nyssa_sylvatica","1"
6,"medium_woody_stems","north","Hamamelis_virginiana","1"
6,"large_woody_stems","north","Quercus_rubra","2"
6,"large_woody_stems","north","Quercus_alba","4"
6,"large_woody_stems","north","Hamamelis_virginiana","25"
6,"large_woody_stems","south","Hamamelis_virginiana","27"
6,"large_woody_stems","south","Quercus_alba","7"
6,"large_woody_stems","south","Nyssa_sylvatica","1"
6,"large_woody_stems","south","Acer_rubrum","3"
6,"large_woody_stems","south","Betula_lenta","3"
7,"basalarea","none","Quercus_rubra","1"
7,"basalarea","none","Acer_rubrum","1"
7,"snag","none","snag","0"
7,"basalarea_edge","none","nodata","0"
7,"medium_woody_stems","north","Acer_rubrum","5"
7,"medium_woody_stems","north","Quercus_rubra","1"
7,"medium_woody_stems","north","Prunus_virginiana","2"
7,"medium_woody_stems","north","Rhododendron_spp","2"
7,"large_woody_stems","north","Prunus_virginiana","1"
7,"large_woody_stems","north","Quercus_rubra","1"
7,"large_woody_stems","north","Sassafras_albidum","1"
7,"large_woody_stems","north","Acer_rubrum","8"
7,"large_woody_stems","north","Hamamelis_virginiana","10"
7,"large_woody_stems","north","Rhododendron_spp","2"
7,"large_woody_stems","north","Amelanchier_spp","5"
7,"small_woody_stems","south","Vaccinium_spp","1"
7,"medium_woody_stems","south","Quercus_alba","1"
7,"medium_woody_stems","south","Amelanchier_spp","2"
7,"medium_woody_stems","south","Prunus_virginiana","1"
7,"large_woody_stems","south","Sassafras_albidum","3"
7,"large_woody_stems","south","Acer_rubrum","5"
7,"large_woody_stems","south","Hamamelis_virginiana","4"
7,"large_woody_stems","south","Amelanchier_spp","5"
7,"large_woody_stems","south","Quercus_alba","10"
7,"large_woody_stems","south","Prunus_virginiana","1"
7,"large_woody_stems","south","Prunus_serotina","1"
8,"basalarea","none","Quercus_rubra","2"
8,"snag","none","snag","0"
8,"basalarea_edge","none","nodata","1"
8,"small_woody_stems","north","Hamamelis_virginiana","2"
8,"medium_woody_stems","north","Hamamelis_virginiana","3"
8,"large_woody_stems","north","Hamamelis_virginiana","4"
8,"medium_woody_stems","south","Quercus_alba","1"
8,"medium_woody_stems","south","Acer_rubrum","1"
8,"large_woody_stems","south","Hamamelis_virginiana","18"
8,"large_woody_stems","south","Prunus_serotina","1"
8,"large_woody_stems","south","Prunus_virginiana","5"
8,"large_woody_stems","south","Acer_rubrum","3"
8,"large_woody_stems","south","Amelanchier_spp","1"
8,"large_woody_stems","south","Sassafras_albidum","1"
9,"basalarea","none","Quercus_montana","1"
9,"basalarea","none","Quercus_alba","1"
9,"snag","none","snag","0"
9,"basalarea_edge","none","nodata","0"
9,"medium_woody_stems","north","Acer_rubrum","3"
9,"large_woody_stems","north","Sassafras_albidum","1"
9,"large_woody_stems","north","Quercus_montana","1"
9,"large_woody_stems","north","Quercus_rubra","8"
9,"large_woody_stems","north","Acer_rubrum","10"
9,"large_woody_stems","north","Quercus_alba","1"
9,"large_woody_stems","north","Prunus_serotina","3"
9,"large_woody_stems","south","Quercus_montana","5"
9,"large_woody_stems","south","Acer_rubrum","9"
9,"large_woody_stems","south","Quercus_rubra","7"
9,"large_woody_stems","south","Amelanchier_spp","3"
9,"large_woody_stems","south","Prunus_serotina","3"
9,"large_woody_stems","south","Nyssa_sylvatica","4"
9,"large_woody_stems","south","Hamamelis_virginiana","4"
10,"basalarea","none","Prunus_serotina","2"
10,"basalarea","none","Acer_rubrum","1"
10,"snag","none","snag","0"
10,"basalarea_edge","none","nodata","1"
10,"large_woody_stems","north","Acer_rubrum","22"
10,"large_woody_stems","north","Quercus_alba","1"
10,"large_woody_stems","north","Prunus_serotina","7"
10,"large_woody_stems","north","Amelanchier_spp","1"
10,"large_woody_stems","north","Quercus_rubra","1"
10,"large_woody_stems","south","Betula_lenta","1"
10,"large_woody_stems","south","Nyssa_sylvatica","2"
10,"large_woody_stems","south","Aralia_spinosa","4"
10,"large_woody_stems","south","Prunus_serotina","5"
10,"large_woody_stems","south","Acer_rubrum","6"
10,"large_woody_stems","south","Quercus_montana","3"
10,"large_woody_stems","south","Quercus_rubra","4"
10,"large_woody_stems","south","Quercus_alba","2"
10,"large_woody_stems","south","Sassafras_albidum","1"
11,"basalarea","none","Quercus_montana","2"
11,"snag","none","snag","0"
11,"basalarea_edge","none","nodata","1"
11,"medium_woody_stems","north","Amelanchier_spp","2"
11,"large_woody_stems","north","Prunus_serotina","6"
11,"large_woody_stems","north","Acer_rubrum","29"
11,"large_woody_stems","north","Quercus_montana","2"
11,"large_woody_stems","north","Sassafras_albidum","1"
11,"large_woody_stems","north","Quercus_rubra","1"
11,"large_woody_stems","north","Amelanchier_spp","3"
11,"medium_woody_stems","south","Acer_rubrum","1"
11,"large_woody_stems","south","Acer_rubrum","18"
11,"large_woody_stems","south","Prunus_serotina","7"
11,"large_woody_stems","south","Amelanchier_spp","9"
11,"large_woody_stems","south","Nyssa_sylvatica","1"
11,"large_woody_stems","south","Quercus_alba","2"
11,"large_woody_stems","south","Quercus_rubra","4"
12,"basalarea","none","Quercus_rubra","1"
12,"basalarea","none","Quercus_alba","1"
12,"snag","none","snag","0"
12,"basalarea_edge","none","nodata","0"
12,"small_woody_stems","north","Acer_rubrum","1"
12,"small_woody_stems","north","Quercus_rubra","1"
12,"small_woody_stems","north","Amelanchier_spp","1"
12,"small_woody_stems","north","Nyssa_sylvatica","3"
12,"small_woody_stems","north","Vaccinium_stamineum","1"
12,"small_woody_stems","north","Gaylussacia_spp","10"
12,"medium_woody_stems","north","Amelanchier_spp","2"
12,"medium_woody_stems","north","Acer_rubrum","1"
12,"medium_woody_stems","north","Quercus_rubra","1"
12,"large_woody_stems","north","Quercus_rubra","1"
12,"large_woody_stems","north","Amelanchier_spp","8"
12,"large_woody_stems","north","Betula_lenta","5"
12,"large_woody_stems","north","Acer_rubrum","3"
12,"small_woody_stems","south","Gaylussacia_spp","10"
12,"small_woody_stems","south","Acer_rubrum","8"
12,"medium_woody_stems","south","Acer_rubrum","11"
12,"medium_woody_stems","south","Quercus_alba","1"
12,"large_woody_stems","south","Acer_rubrum","14"
12,"large_woody_stems","south","Betula_lenta","2"
12,"large_woody_stems","south","Amelanchier_spp","7"
12,"large_woody_stems","south","Prunus_serotina","2"
12,"large_woody_stems","south","Quercus_alba","5"
12,"large_woody_stems","south","Quercus_rubra","1"
13,"basalarea","none","Quercus_alba","2"
13,"basalarea","none","Betula_lenta","1"
13,"snag","none","snag","0"
13,"basalarea_edge","none","nodata","1"
13,"medium_woody_stems","north","Acer_rubrum","2"
13,"large_woody_stems","north","Betula_lenta","31"
13,"large_woody_stems","north","Quercus_alba","1"
13,"large_woody_stems","north","Quercus_rubra","1"
13,"large_woody_stems","north","Acer_rubrum","2"
13,"large_woody_stems","north","Quercus_alba","1"
13,"large_woody_stems","north","Hamamelis_virginiana","9"
13,"small_woody_stems","south","Amelanchier_spp","2"
13,"medium_woody_stems","south","Betula_lenta","1"
13,"medium_woody_stems","south","Acer_rubrum","1"
13,"large_woody_stems","south","Acer_rubrum","8"
13,"large_woody_stems","south","Quercus_rubra","4"
13,"large_woody_stems","south","Betula_lenta","16"
13,"large_woody_stems","south","Quercus_montana","2"
13,"large_woody_stems","south","Quercus_alba","2"
13,"large_woody_stems","south","Prunus_serotina","1"
14,"basalarea","none","Prunus_serotina","3"
14,"basalarea","none","Quercus_alba","1"
14,"snag","none","snag","0"
14,"basalarea_edge","none","nodata","0"
14,"small_woody_stems","north","Amelanchier_spp","2"
14,"medium_woody_stems","north","Amelanchier_spp","1"
14,"medium_woody_stems","north","Hamamelis_virginiana","1"
14,"medium_woody_stems","north","Betula_lenta","1"
14,"large_woody_stems","north","Nyssa_sylvatica","1"
14,"large_woody_stems","north","Sassafras_albidum","1"
14,"large_woody_stems","north","Amelanchier_spp","4"
14,"large_woody_stems","north","Quercus_rubra","11"
14,"large_woody_stems","north","Quercus_montana","1"
14,"large_woody_stems","north","Acer_rubrum","4"
14,"large_woody_stems","north","Hamamelis_virginiana","9"
14,"medium_woody_stems","south","Quercus_rubra","1"
14,"large_woody_stems","south","Nyssa_sylvatica","1"
14,"large_woody_stems","south","Acer_rubrum","11"
14,"large_woody_stems","south","Hamamelis_virginiana","15"
14,"large_woody_stems","south","Quercus_rubra","1"
14,"large_woody_stems","south","Amelanchier_spp","2"
14,"large_woody_stems","south","Prunus_serotina","6"
14,"large_woody_stems","south","Quercus_alba","1"
14,"large_woody_stems","south","Prunus_spp","3"
15,"basalarea","none","Quercus_rubra","2"
15,"snag","none","snag","0"
15,"basalarea_edge","none","nodata","1"
15,"small_woody_stems","north","Sassafras_albidum","1"
15,"small_woody_stems","north","Quercus_rubra","2"
15,"medium_woody_stems","north","Hamamelis_virginiana","1"
15,"medium_woody_stems","north","Sassafras_albidum","4"
15,"large_woody_stems","north","Hamamelis_virginiana","1"
15,"small_woody_stems","south","Hamamelis_virginiana","2"
15,"small_woody_stems","south","Sassafras_albidum","5"
15,"medium_woody_stems","south","Castanea_dentata","1"
15,"medium_woody_stems","south","Hamamelis_virginiana","2"
15,"medium_woody_stems","south","Quercus_alba","1"
15,"medium_woody_stems","south","Kalmia_latifolia","3"
15,"medium_woody_stems","south","Rhododendron_spp","1"
15,"large_woody_stems","south","Sassafras_albidum","4"
15,"large_woody_stems","south","Castanea_dentata","2"
15,"large_woody_stems","south","Hamamelis_virginiana","4"
15,"large_woody_stems","south","Kalmia_latifolia","1"
16,"basalarea","none","Quercus_rubra","4"
16,"snag","none","snag","0"
16,"basalarea_edge","none","nodata","2"
16,"small_woody_stems","north","Acer_rubrum","1"
16,"small_woody_stems","north","Quercus_alba","1"
16,"large_woody_stems","north","Sassafras_albidum","1"
16,"large_woody_stems","north","Hamamelis_virginiana","7"
16,"large_woody_stems","north","Dogwood sp.","1"
16,"large_woody_stems","north","Acer_rubrum","1"
16,"small_woody_stems","south","Sassafras_albidum","2"
16,"small_woody_stems","south","Amelanchier_spp","1"
16,"small_woody_stems","south","Rhododendron_spp","1"
16,"medium_woody_stems","south","Acer_rubrum","1"
16,"medium_woody_stems","south","Rhododendron_spp","1"
16,"large_woody_stems","south","Sassafras_albidum","4"
16,"large_woody_stems","south","Hamamelis_virginiana","8"
16,"large_woody_stems","south","Carya_spp","1"
16,"large_woody_stems","south","Rhododendron_spp","3"
16,"large_woody_stems","south","Quercus_montana","1"
16,"large_woody_stems","south","Amelanchier_spp","1"
17,"basalarea","none","Quercus_alba","1"
17,"snag","none","snag","0"
17,"basalarea_edge","none","nodata","1"
17,"large_woody_stems","north","Prunus_serotina","4"
17,"large_woody_stems","north","Acer_rubrum","25"
17,"large_woody_stems","north","Quercus_rubra","2"
17,"large_woody_stems","north","Hamamelis_virginiana","2"
17,"large_woody_stems","south","Quercus_alba","3"
17,"large_woody_stems","south","Hamamelis_virginiana","1"
17,"large_woody_stems","south","Acer_rubrum","14"
17,"large_woody_stems","south","Amelanchier_spp","1"
17,"large_woody_stems","south","Quercus_montana","1"
17,"large_woody_stems","south","Nyssa_sylvatica","3"
17,"large_woody_stems","south","Prunus_serotina","3"
17,"large_woody_stems","south","Quercus_rubra","1"
18,"basalarea","none","Quercus_alba","2"
18,"snag","none","snag","0"
18,"basalarea_edge","none","nodata","1"
18,"small_woody_stems","north","Acer_rubrum","4"
18,"small_woody_stems","north","Amelanchier_spp","2"
18,"small_woody_stems","north","Prunus_serotina","1"
18,"medium_woody_stems","north","Quercus_alba","3"
18,"medium_woody_stems","north","Amelanchier_spp","1"
18,"large_woody_stems","north","Acer_rubrum","5"
18,"large_woody_stems","north","Quercus_rubra","1"
18,"large_woody_stems","north","Quercus_alba","4"
18,"large_woody_stems","north","Prunus_serotina","2"
18,"large_woody_stems","north","Nyssa_sylvatica","1"
18,"large_woody_stems","north","Magnolia_accuminata","2"
18,"large_woody_stems","north","Hamamelis_virginiana","3"
18,"large_woody_stems","south","Acer_rubrum","14"
18,"large_woody_stems","south","Nyssa_sylvatica","2"
18,"large_woody_stems","south","Quercus_alba","3"
18,"large_woody_stems","south","Hamamelis_virginiana","15"
18,"large_woody_stems","south","Prunus_serotina","1"
18,"large_woody_stems","south","Quercus_rubra","2"
19,"basalarea","none","Acer_rubrum","1"
19,"basalarea","none","Quercus_alba","1"
19,"snag","none","snag","0"
19,"basalarea_edge","none","nodata","2"
19,"medium_woody_stems","north","Nyssa_sylvatica","1"
19,"large_woody_stems","north","Quercus_montana","1"
19,"large_woody_stems","north","Prunus_serotina","7"
19,"large_woody_stems","north","Acer_rubrum","5"
19,"large_woody_stems","north","Hamamelis_virginiana","6"
19,"large_woody_stems","north","Quercus_rubra","3"
19,"large_woody_stems","north","Nyssa_sylvatica","1"
19,"large_woody_stems","south","Quercus_alba","1"
19,"large_woody_stems","south","Acer_rubrum","10"
19,"large_woody_stems","south","Prunus_serotina","11"
19,"large_woody_stems","south","Amelanchier_spp","1"
19,"large_woody_stems","south","Hamamelis_virginiana","8"
19,"large_woody_stems","south","Nyssa_sylvatica","1"
19,"large_woody_stems","south","Quercus_rubra","1"
20,"basalarea","none","Quercus_alba","3"
20,"snag","none","snag","0"
20,"basalarea_edge","none","nodata","0"
20,"small_woody_stems","north","Acer_rubrum","4"
20,"small_woody_stems","north","Amelanchier_spp","1"
20,"small_woody_stems","north","Crataegus_spp","1"
20,"medium_woody_stems","north","Acer_rubrum","4"
20,"medium_woody_stems","north","Amelanchier_spp","2"
20,"large_woody_stems","north","Quercus_alba","3"
20,"large_woody_stems","north","Prunus_serotina","1"
20,"large_woody_stems","north","Quercus_rubra","5"
20,"large_woody_stems","north","Acer_rubrum","20"
20,"large_woody_stems","north","Nyssa_sylvatica","1"
20,"large_woody_stems","north","Amelanchier_spp","2"
20,"small_woody_stems","south","Acer_rubrum","4"
20,"small_woody_stems","south","Nyssa_sylvatica","1"
20,"medium_woody_stems","south","Quercus_alba","1"
20,"large_woody_stems","south","Prunus_serotina","6"
20,"large_woody_stems","south","Quercus_alba","8"
20,"large_woody_stems","south","Acer_rubrum","24"
20,"large_woody_stems","south","Quercus_rubra","3"
20,"large_woody_stems","south","Amelanchier_spp","1"
20,"large_woody_stems","south","Magnolia_accuminata","1"
21,"basalarea","none","Acer_rubrum","2"
21,"basalarea","none","Quercus_montana","6"
21,"snag","none","snag","0"
21,"basalarea_edge","none","nodata","4"
21,"small_woody_stems","north","Quercus_montana","4"
21,"small_woody_stems","north","Quercus_alba","1"
21,"medium_woody_stems","north","Prunus_serotina","1"
21,"medium_woody_stems","north","Quercus_montana","3"
21,"medium_woody_stems","north","Quercus_alba","1"
21,"large_woody_stems","north","Quercus_montana","6"
21,"large_woody_stems","north","Hamamelis_virginiana","2"
21,"large_woody_stems","north","Acer_rubrum","1"
21,"large_woody_stems","north","Quercus_rubra","3"
21,"large_woody_stems","north","Quercus_alba","1"
21,"small_woody_stems","south","Sassafras_albidum","2"
21,"medium_woody_stems","south","Quercus_montana","6"
21,"medium_woody_stems","south","Sassafras_albidum","1"
21,"medium_woody_stems","south","Quercus_rubra","1"
21,"medium_woody_stems","south","Amelanchier_spp","1"
21,"large_woody_stems","south","Quercus_montana","3"
21,"large_woody_stems","south","Quercus_rubra","1"
21,"large_woody_stems","south","Carya_spp","1"
21,"large_woody_stems","south","Hamamelis_virginiana","5"
21,"large_woody_stems","south","Amelanchier_spp","1"
21,"large_woody_stems","south","Acer_rubrum","1"
22,"basalarea","none","Acer_rubrum","1"
22,"basalarea","none","Quercus_montana","1"
22,"snag","none","snag","0"
22,"basalarea_edge","none","nodata","0"
22,"medium_woody_stems","north","Aralia_spinosa","1"
22,"large_woody_stems","north","Sassafras_albidum","16"
22,"large_woody_stems","north","Quercus_rubra","2"
22,"large_woody_stems","north","Acer_rubrum","1"
22,"large_woody_stems","north","Aralia_spinosa","1"
22,"medium_woody_stems","south","Quercus_montana","1"
22,"medium_woody_stems","south","Quercus_rubra","1"
22,"medium_woody_stems","south","Sassafras_albidum","1"
22,"large_woody_stems","south","Acer_rubrum","1"
22,"large_woody_stems","south","Sassafras_albidum","14"
22,"large_woody_stems","south","Prunus_serotina","1"
22,"large_woody_stems","south","Aralia_spinosa","1"
23,"basalarea","none","Acer_rubrum","6"
23,"basalarea","none","Quercus_montana","2"
23,"snag","none","snag","0"
23,"basalarea_edge","none","nodata","6"
23,"small_woody_stems","north","Quercus_montana","3"
23,"small_woody_stems","north","Sassafras_albidum","5"
23,"small_woody_stems","north","Amelanchier_spp","2"
23,"small_woody_stems","north","Hamamelis_virginiana","2"
23,"medium_woody_stems","north","Quercus_montana","2"
23,"medium_woody_stems","north","Hamamelis_virginiana","1"
23,"medium_woody_stems","north","Amelanchier_spp","1"
23,"large_woody_stems","north","Quercus_alba","1"
23,"large_woody_stems","north","Quercus_montana","4"
23,"large_woody_stems","north","Amelanchier_spp","5"
23,"large_woody_stems","north","Acer_rubrum","2"
23,"large_woody_stems","north","Quercus_rubra","5"
23,"large_woody_stems","north","Acer_rubrum","2"
23,"large_woody_stems","north","Hamamelis_virginiana","2"
23,"small_woody_stems","south","Carya_spp","2"
23,"small_woody_stems","south","Quercus_montana","5"
23,"small_woody_stems","south","Sassafras_albidum","2"
23,"small_woody_stems","south","Hamamelis_virginiana","2"
23,"medium_woody_stems","south","Quercus_rubra","1"
23,"medium_woody_stems","south","Quercus_montana","2"
23,"large_woody_stems","south","Sassafras_albidum","3"
23,"large_woody_stems","south","Quercus_montana","1"
23,"large_woody_stems","south","Quercus_rubra","7"
23,"large_woody_stems","south","Acer_rubrum","2"
23,"large_woody_stems","south","Hamamelis_virginiana","2"
24,"basalarea","none","Quercus_montana","1"
24,"basalarea","none","Acer_rubrum","3"
24,"basalarea","none","Quercus_alba","1"
24,"basalarea","none","Sassafras_albidum","3"
24,"basalarea","none","Quercus_montana","4"
24,"snag","none","snag","0"
24,"basalarea_edge","none","nodata","1"
24,"small_woody_stems","north","Sassafras_albidum","4"
24,"small_woody_stems","north","Quercus_rubra","2"
24,"small_woody_stems","north","Hamamelis_virginiana","1"
24,"small_woody_stems","north","Fagus_grandifolia","2"
24,"medium_woody_stems","north","Acer_rubrum","1"
24,"medium_woody_stems","north","Quercus_rubra","1"
24,"medium_woody_stems","north","Prunus_serotina","1"
24,"medium_woody_stems","north","Hamamelis_virginiana","1"
24,"large_woody_stems","north","Sassafras_albidum","1"
24,"large_woody_stems","north","Fagus_grandifolia","1"
24,"large_woody_stems","north","Quercus_montana","1"
24,"small_woody_stems","south","Sassafras_albidum","1"
24,"small_woody_stems","south","Hamamelis_virginiana","2"
24,"small_woody_stems","south","Quercus_montana","2"
24,"medium_woody_stems","south","Quercus_rubra","4"
24,"medium_woody_stems","south","Amelanchier_spp","1"
24,"medium_woody_stems","south","Quercus_montana","5"
24,"medium_woody_stems","south","Hamamelis_virginiana","2"
24,"medium_woody_stems","south","Quercus_alba","1"
24,"large_woody_stems","south","Sassafras_albidum","1"
24,"large_woody_stems","south","Amelanchier_spp","1"
24,"large_woody_stems","south","Quercus_rubra","4"
24,"large_woody_stems","south","Quercus_montana","2"
24,"large_woody_stems","south","Fagus_grandifolia","1"
24,"large_woody_stems","south","Acer_rubrum","1"
24,"large_woody_stems","south","Hamamelis_virginiana","1"
25,"basalarea","none","Acer_rubrum","6"
25,"basalarea","none","Quercus_rubra","2"
25,"basalarea","none","Quercus_montana","1"
25,"snag","none","snag","0"
25,"basalarea_edge","none","nodata","2"
25,"small_woody_stems","north","Vaccinium_spp","3"
25,"small_woody_stems","north","Sassafras_albidum","2"
25,"small_woody_stems","north","Quercus_alba","1"
25,"small_woody_stems","north","Quercus_rubra","1"
25,"medium_woody_stems","north","Sassafras_albidum","12"
25,"medium_woody_stems","north","Quercus_rubra","6"
25,"large_woody_stems","north","Quercus_rubra","10"
25,"large_woody_stems","north","Sassafras_albidum","17"
25,"small_woody_stems","south","Vaccinium_spp","5"
25,"small_woody_stems","south","Acer_rubrum","1"
25,"medium_woody_stems","south","Sassafras_albidum","3"
25,"large_woody_stems","south","Sassafras_albidum","23"
25,"large_woody_stems","south","Quercus_rubra","2"
25,"large_woody_stems","south","Bigtooth aspen","2"
26,"basalarea","none","Acer_rubrum","3"
26,"basalarea","none","Quercus_montana","1"
26,"basalarea","none","Sassafras_albidum","1"
26,"snag","none","snag","0"
26,"basalarea_edge","none","nodata","2"
26,"small_woody_stems","north","Quercus_montana","11"
26,"small_woody_stems","north","Sassafras_albidum","2"
26,"small_woody_stems","north","Kalmia_latifolia","3"
26,"small_woody_stems","north","Vaccinium_spp","8"
26,"medium_woody_stems","north","Quercus_montana","8"
26,"medium_woody_stems","north","Sassafras_albidum","2"
26,"medium_woody_stems","north","Kalmia_latifolia","3"
26,"large_woody_stems","north","Amelanchier_spp","1"
26,"large_woody_stems","north","Quercus_montana","19"
26,"large_woody_stems","north","Sassafras_albidum","18"
26,"large_woody_stems","north","Quercus_rubra","5"
26,"large_woody_stems","north","Bigtooth aspen","4"
26,"large_woody_stems","north","Quaking aspen","1"
26,"small_woody_stems","south","Sassafras_albidum","4"
26,"small_woody_stems","south","Acer_rubrum","1"
26,"small_woody_stems","south","Quercus_montana","1"
26,"medium_woody_stems","south","Sassafras_albidum","1"
26,"medium_woody_stems","south","Quercus_montana","2"
26,"medium_woody_stems","south","Quercus_rubra","3"
26,"medium_woody_stems","south","Prunus_serotina","1"
26,"medium_woody_stems","south","Carya_spp","1"
26,"large_woody_stems","south","Acer_rubrum","2"
26,"large_woody_stems","south","Sassafras_albidum","8"
26,"large_woody_stems","south","Quercus_rubra","5"
27,"basalarea","none","Quercus_montana","6"
27,"basalarea","none","Quercus_alba","1"
27,"basalarea","none","Acer_rubrum","4"
27,"snag","none","snag","0"
27,"basalarea_edge","none","nodata","3"
27,"small_woody_stems","north","Quercus_montana","1"
27,"medium_woody_stems","north","Quercus_montana","3"
27,"medium_woody_stems","north","Sassafras_albidum","1"
27,"medium_woody_stems","north","Hamamelis_virginiana","1"
27,"medium_woody_stems","north","Amelanchier_spp","3"
27,"medium_woody_stems","north","Quercus_alba","1"
27,"large_woody_stems","north","Prunus_serotina","1"
27,"large_woody_stems","north","Quercus_rubra","1"
27,"large_woody_stems","north","Quercus_montana","1"
27,"small_woody_stems","south","Quercus_montana","5"
27,"small_woody_stems","south","Amelanchier_spp","2"
27,"small_woody_stems","south","Sassafras_albidum","2"
27,"medium_woody_stems","south","Quercus_montana","3"
27,"medium_woody_stems","south","Quercus_rubra","2"
27,"medium_woody_stems","south","Hamamelis_virginiana","4"
27,"medium_woody_stems","south","Sassafras_albidum","1"
27,"large_woody_stems","south","Quercus_montana","7"
27,"large_woody_stems","south","Amelanchier_spp","1"
27,"large_woody_stems","south","Carya_spp","1"
27,"large_woody_stems","south","Hamamelis_virginiana","1"
27,"large_woody_stems","south","Sassafras_albidum","1"
28,"basalarea","none","Quercus_rubra","1"
28,"snag","none","snag","0"
28,"basalarea_edge","none","nodata","1"
28,"medium_woody_stems","north","Quercus_rubra","1"
28,"large_woody_stems","north","Acer_rubrum","4"
28,"large_woody_stems","north","Quercus_rubra","7"
28,"large_woody_stems","north","Sassafras_albidum","1"
28,"large_woody_stems","north","Prunus_serotina","2"
28,"large_woody_stems","south","Acer_rubrum","4"
28,"large_woody_stems","south","Hamamelis_virginiana","2"
28,"large_woody_stems","south","Aralia_spinosa","1"
28,"large_woody_stems","south","Prunus_serotina","1"
28,"large_woody_stems","south","Quercus_rubra","3"
28,"large_woody_stems","south","Betula_lenta","1"
29,"basalarea","none","Quercus_montana","1"
29,"basalarea","none","Carya_spp","1"
29,"basalarea","none","Acer_rubrum","2"
29,"basalarea","none","Quercus_rubra","1"
29,"snag","none","snag","0"
29,"basalarea_edge","none","nodata","4"
29,"small_woody_stems","north","Quercus_montana","3"
29,"medium_woody_stems","north","Quercus_rubra","2"
29,"medium_woody_stems","north","Hamamelis_virginiana","7"
29,"large_woody_stems","north","Sassafras_albidum","1"
29,"large_woody_stems","north","Carya_spp","1"
29,"large_woody_stems","north","Quercus_rubra","3"
29,"large_woody_stems","north","Quercus_alba","1"
29,"large_woody_stems","north","Hamamelis_virginiana","3"
29,"large_woody_stems","north","Acer_rubrum","1"
29,"large_woody_stems","north","Amelanchier_spp","1"
29,"small_woody_stems","south","Sassafras_albidum","1"
29,"small_woody_stems","south","Hamamelis_virginiana","4"
29,"small_woody_stems","south","Quercus_rubra","1"
29,"medium_woody_stems","south","Hamamelis_virginiana","7"
29,"medium_woody_stems","south","Sassafras_albidum","1"
29,"medium_woody_stems","south","Amelanchier_spp","1"
29,"medium_woody_stems","south","Quercus_montana","1"
29,"medium_woody_stems","south","Prunus_serotina","1"
29,"large_woody_stems","south","Hamamelis_virginiana","9"
29,"large_woody_stems","south","Quercus_rubra","7"
29,"large_woody_stems","south","Sassafras_albidum","1"
30,"basalarea","none","Acer_rubrum","2"
30,"basalarea","none","Quercus_rubra","1"
30,"snag","none","snag","0"
30,"basalarea_edge","none","nodata","2"
30,"small_woody_stems","south","Sassafras_albidum","1"
30,"medium_woody_stems","south","Hamamelis_virginiana","1"
30,"medium_woody_stems","south","Sassafras_albidum","1"
30,"large_woody_stems","south","Sassafras_albidum","6"
30,"large_woody_stems","south","Hamamelis_virginiana","1"
31,"basalarea","none","Quercus_rubra","1"
31,"basalarea","none","Sassafras_albidum","1"
31,"basalarea","none","Quercus_alba","1"
31,"snag","none","snag","0"
31,"basalarea_edge","none","nodata","2"
31,"small_woody_stems","north","Quercus_montana","2"
31,"small_woody_stems","north","Acer_rubrum","15"
31,"small_woody_stems","north","Vaccinium_spp","2"
31,"small_woody_stems","north","Sassafras_albidum","1"
31,"medium_woody_stems","north","Acer_rubrum","5"
31,"medium_woody_stems","north","Quercus_rubra","2"
31,"medium_woody_stems","north","Hamamelis_virginiana","1"
31,"large_woody_stems","north","Hamamelis_virginiana","2"
31,"large_woody_stems","north","Sassafras_albidum","5"
31,"large_woody_stems","north","Quercus_rubra","10"
31,"large_woody_stems","north","Quercus_alba","1"
31,"large_woody_stems","north","Acer_rubrum","4"
31,"large_woody_stems","north","Amelanchier_spp","1"
31,"small_woody_stems","south","Acer_rubrum","11"
31,"small_woody_stems","south","Vaccinium_spp","20"
31,"small_woody_stems","south","Quercus_alba","1"
31,"small_woody_stems","south","Quercus_montana","4"
31,"medium_woody_stems","south","Quercus_rubra","2"
31,"medium_woody_stems","south","Acer_rubrum","10"
31,"medium_woody_stems","south","Quercus_montana","2"
31,"medium_woody_stems","south","Quercus_alba","1"
31,"medium_woody_stems","south","Amelanchier_spp","1"
31,"medium_woody_stems","south","Hamamelis_virginiana","1"
31,"medium_woody_stems","south","Vaccinium_spp","3"
31,"large_woody_stems","south","Quercus_rubra","6"
31,"large_woody_stems","south","Quercus_alba","1"
31,"large_woody_stems","south","Sassafras_albidum","15"
31,"large_woody_stems","south","Hamamelis_virginiana","6"
31,"large_woody_stems","south","Quercus_montana","9"
31,"large_woody_stems","south","Acer_rubrum","3"
32,"basalarea","none","Sassafras_albidum","1"
32,"snag","none","snag","0"
32,"basalarea_edge","none","nodata","1"
32,"small_woody_stems","north","Kalmia_latifolia","2"
32,"medium_woody_stems","north","Hamamelis_virginiana","3"
32,"medium_woody_stems","north","Quercus_montana","2"
32,"medium_woody_stems","north","Acer_rubrum","5"
32,"medium_woody_stems","north","Kalmia_latifolia","2"
32,"medium_woody_stems","north","Quercus_rubra","2"
32,"large_woody_stems","north","Quercus_rubra","2"
32,"large_woody_stems","north","Amelanchier_spp","1"
32,"large_woody_stems","north","Quercus_montana","11"
32,"large_woody_stems","north","Hamamelis_virginiana","33"
32,"large_woody_stems","north","Sassafras_albidum","5"
32,"large_woody_stems","north","Acer_rubrum","5"
32,"large_woody_stems","north","Kalmia_latifolia","2"
32,"small_woody_stems","south","Kalmia_latifolia","4"
32,"small_woody_stems","south","Hamamelis_virginiana","1"
32,"small_woody_stems","south","Acer_rubrum","2"
32,"medium_woody_stems","south","Quercus_montana","7"
32,"medium_woody_stems","south","Amelanchier_spp","1"
32,"medium_woody_stems","south","Hamamelis_virginiana","2"
32,"medium_woody_stems","south","Quercus_rubra","1"
32,"medium_woody_stems","south","Kalmia_latifolia","6"
32,"medium_woody_stems","south","Acer_rubrum","1"
32,"large_woody_stems","south","Hamamelis_virginiana","25"
32,"large_woody_stems","south","Acer_rubrum","2"
32,"large_woody_stems","south","Quercus_montana","10"
32,"large_woody_stems","south","Sassafras_albidum","3"
32,"large_woody_stems","south","Quercus_rubra","4"
32,"large_woody_stems","south","Kalmia_latifolia","1"
33,"basalarea","none","Quercus_rubra","1"
33,"basalarea","none","Quercus_montana","3"
33,"basalarea","none","Sassafras_albidum","2"
33,"basalarea","none","Acer_rubrum","1"
33,"basalarea","none","Quercus_alba","1"
33,"snag","none","snag","0"
33,"basalarea_edge","none","nodata","0"
33,"small_woody_stems","north","Vaccinium_spp","19"
33,"small_woody_stems","north","Sassafras_albidum","1"
33,"small_woody_stems","north","Quercus_montana","1"
33,"small_woody_stems","north","Acer_rubrum","2"
33,"medium_woody_stems","north","Hamamelis_virginiana","2"
33,"medium_woody_stems","north","Acer_rubrum","1"
33,"medium_woody_stems","north","Sassafras_albidum","1"
33,"medium_woody_stems","north","Vaccinium_spp","4"
33,"large_woody_stems","north","Quercus_montana","1"
33,"large_woody_stems","north","Sassafras_albidum","15"
33,"large_woody_stems","north","Hamamelis_virginiana","8"
33,"large_woody_stems","north","Castanea_dentata","1"
33,"large_woody_stems","north","Aralia_spinosa","1"
33,"large_woody_stems","north","Quercus_rubra","5"
33,"small_woody_stems","south","Vaccinium_spp","21"
33,"small_woody_stems","south","Acer_rubrum","4"
33,"small_woody_stems","south","Prunus_serotina","1"
33,"small_woody_stems","south","Quercus_montana","5"
33,"small_woody_stems","south","Sassafras_albidum","1"
33,"medium_woody_stems","south","Sassafras_albidum","2"
33,"medium_woody_stems","south","Vaccinium_spp","1"
33,"medium_woody_stems","south","Quercus_montana","1"
33,"large_woody_stems","south","Hamamelis_virginiana","1"
33,"large_woody_stems","south","Quercus_rubra","3"
33,"large_woody_stems","south","Sassafras_albidum","10"
34,"basalarea","none","Quercus_montana","4"
34,"snag","none","snag","0"
34,"basalarea_edge","none","nodata","2"
34,"small_woody_stems","north","Acer_rubrum","3"
34,"small_woody_stems","north","Kalmia_latifolia","3"
34,"small_woody_stems","north","Sassafras_albidum","3"
34,"small_woody_stems","north","Quercus_rubra","1"
34,"medium_woody_stems","north","Quercus_rubra","1"
34,"medium_woody_stems","north","Pinus_strobus","1"
34,"medium_woody_stems","north","Hamamelis_virginiana","2"
34,"medium_woody_stems","north","Sassafras_albidum","4"
34,"medium_woody_stems","north","Acer_rubrum","2"
34,"large_woody_stems","north","Hamamelis_virginiana","3"
34,"large_woody_stems","north","Sassafras_albidum","8"
34,"large_woody_stems","north","Quercus_montana","2"
34,"large_woody_stems","north","Acer_rubrum","8"
34,"large_woody_stems","north","Quercus_rubra","3"
34,"small_woody_stems","south","Vaccinium_spp","3"
34,"small_woody_stems","south","Sassafras_albidum","4"
34,"small_woody_stems","south","Acer_rubrum","4"
34,"small_woody_stems","south","Kalmia_latifolia","5"
34,"small_woody_stems","south","Hamamelis_virginiana","1"
34,"small_woody_stems","south","Gaylussacia_spp","1"
34,"small_woody_stems","south","Carya_spp","2"
34,"medium_woody_stems","south","Kalmia_latifolia","18"
34,"medium_woody_stems","south","Sassafras_albidum","5"
34,"medium_woody_stems","south","Acer_rubrum","3"
34,"medium_woody_stems","south","Nyssa_sylvatica","1"
34,"medium_woody_stems","south","Betula_lenta","1"
34,"large_woody_stems","south","Sassafras_albidum","10"
34,"large_woody_stems","south","Hamamelis_virginiana","15"
34,"large_woody_stems","south","Quercus_rubra","1"
34,"large_woody_stems","south","Acer_rubrum","2"
34,"large_woody_stems","south","Betula_lenta","2"
35,"basalarea","none","Acer_rubrum","4"
35,"snag","none","snag","0"
35,"basalarea_edge","none","nodata","1"
35,"small_woody_stems","north","Quercus_rubra","1"
35,"small_woody_stems","north","Kalmia_latifolia","1"
35,"medium_woody_stems","north","Quercus_rubra","2"
35,"medium_woody_stems","north","Hamamelis_virginiana","1"
35,"medium_woody_stems","north","Kalmia_latifolia","6"
35,"medium_woody_stems","north","Gaylussacia_spp","2"
35,"large_woody_stems","north","Kalmia_latifolia","24"
35,"large_woody_stems","north","Sassafras_albidum","3"
35,"large_woody_stems","north","Quercus_rubra","1"
35,"large_woody_stems","north","Gaylussacia_spp","3"
35,"large_woody_stems","north","Hamamelis_virginiana","1"
35,"small_woody_stems","south","Quercus_rubra","4"
35,"small_woody_stems","south","Kalmia_latifolia","6"
35,"medium_woody_stems","south","Quercus_rubra","2"
35,"medium_woody_stems","south","Kalmia_latifolia","6"
35,"large_woody_stems","south","Kalmia_latifolia","12"
35,"large_woody_stems","south","Amelanchier_spp","1"
35,"large_woody_stems","south","Quercus_rubra","5"
35,"large_woody_stems","south","Hamamelis_virginiana","1"
35,"large_woody_stems","south","Sassafras_albidum","3"
36,"basalarea","none","Acer_rubrum","3"
36,"snag","none","snag","0"
36,"basalarea_edge","none","nodata","4"
36,"small_woody_stems","north","Sassafras_albidum","1"
36,"small_woody_stems","north","Kalmia_latifolia","2"
36,"medium_woody_stems","north","Kalmia_latifolia","5"
36,"medium_woody_stems","north","Hamamelis_virginiana","1"
36,"medium_woody_stems","north","Sassafras_albidum","1"
36,"large_woody_stems","north","Kalmia_latifolia","14"
36,"large_woody_stems","north","Acer_rubrum","1"
36,"large_woody_stems","north","Betula_lenta","1"
36,"medium_woody_stems","south","Quercus_rubra","1"
36,"medium_woody_stems","south","Acer_rubrum","1"
36,"medium_woody_stems","south","Hamamelis_virginiana","1"
36,"medium_woody_stems","south","Kalmia_latifolia","1"
36,"large_woody_stems","south","Kalmia_latifolia","11"
36,"large_woody_stems","south","Sassafras_albidum","4"
37,"basalarea","none","Quercus_montana","1"
37,"basalarea","none","Quercus_rubra","1"
37,"snag","none","snag","0"
37,"basalarea_edge","none","nodata","0"
37,"small_woody_stems","north","Sassafras_albidum","1"
37,"small_woody_stems","north","Quercus_rubra","2"
37,"medium_woody_stems","north","Quercus_montana","2"
37,"medium_woody_stems","north","Acer_rubrum","3"
37,"medium_woody_stems","north","Sassafras_albidum","1"
37,"large_woody_stems","north","Quercus_rubra","6"
37,"large_woody_stems","north","Sassafras_albidum","12"
37,"large_woody_stems","north","Hamamelis_virginiana","10"
37,"large_woody_stems","north","Acer_rubrum","2"
37,"large_woody_stems","north","Quercus_montana","1"
37,"small_woody_stems","south","Sassafras_albidum","1"
37,"small_woody_stems","south","Hamamelis_virginiana","2"
37,"medium_woody_stems","south","Sassafras_albidum","2"
37,"medium_woody_stems","south","Hamamelis_virginiana","1"
37,"large_woody_stems","south","Hamamelis_virginiana","6"
37,"large_woody_stems","south","Quercus_rubra","1"
37,"large_woody_stems","south","Sassafras_albidum","2"
38,"basalarea","none","Quercus_rubra","1"
38,"basalarea","none","Quercus_montana","1"
38,"snag","none","snag","0"
38,"basalarea_edge","none","nodata","0"
38,"small_woody_stems","north","Acer_rubrum","4"
38,"small_woody_stems","north","Vaccinium_spp","20"
38,"small_woody_stems","north","Hamamelis_virginiana","4"
38,"small_woody_stems","north","Kalmia_latifolia","8"
38,"small_woody_stems","north","Quercus_montana","2"
38,"small_woody_stems","north","Quercus_rubra","1"
38,"small_woody_stems","north","Sassafras_albidum","2"
38,"medium_woody_stems","north","Hamamelis_virginiana","4"
38,"medium_woody_stems","north","Pinus_strobus","3"
38,"medium_woody_stems","north","Sassafras_albidum","4"
38,"medium_woody_stems","north","Acer_rubrum","3"
38,"medium_woody_stems","north","Quercus_rubra","1"
38,"large_woody_stems","north","Sassafras_albidum","5"
38,"large_woody_stems","north","Quercus_rubra","1"
38,"large_woody_stems","north","Hamamelis_virginiana","1"
38,"small_woody_stems","south","Kalmia_latifolia","15"
38,"small_woody_stems","south","Amelanchier_spp","3"
38,"small_woody_stems","south","Acer_rubrum","2"
38,"small_woody_stems","south","Vaccinium_spp","5"
38,"small_woody_stems","south","Sassafras_albidum","8"
38,"small_woody_stems","south","Quercus_montana","1"
38,"small_woody_stems","south","Hamamelis_virginiana","2"
38,"medium_woody_stems","south","Sassafras_albidum","4"
38,"medium_woody_stems","south","Kalmia_latifolia","1"
38,"large_woody_stems","south","Hamamelis_virginiana","3"
38,"large_woody_stems","south","Acer_rubrum","1"
38,"large_woody_stems","south","Sassafras_albidum","12"
38,"large_woody_stems","south","Amelanchier_spp","1"
38,"large_woody_stems","south","Quercus_rubra","2"
39,"basalarea","none","Acer_rubrum","4"
39,"snag","none","snag","0"
39,"basalarea_edge","none","nodata","1"
39,"small_woody_stems","north","Quercus_rubra","1"
39,"small_woody_stems","north","Kalmia_latifolia","1"
39,"medium_woody_stems","north","Quercus_rubra","2"
39,"medium_woody_stems","north","Hamamelis_virginiana","1"
39,"medium_woody_stems","north","Kalmia_latifolia","6"
39,"medium_woody_stems","north","Gaylussacia_spp","2"
39,"large_woody_stems","north","Kalmia_latifolia","24"
39,"large_woody_stems","north","Sassafras_albidum","3"
39,"large_woody_stems","north","Quercus_rubra","1"
39,"large_woody_stems","north","Gaylussacia_spp","3"
39,"large_woody_stems","north","Hamamelis_virginiana","1"
39,"small_woody_stems","south","Quercus_rubra","4"
39,"small_woody_stems","south","Kalmia_latifolia","6"
39,"medium_woody_stems","south","Quercus_rubra","2"
39,"medium_woody_stems","south","Kalmia_latifolia","6"
39,"large_woody_stems","south","Kalmia_latifolia","12"
39,"large_woody_stems","south","Amelanchier_spp","1"
39,"large_woody_stems","south","Quercus_rubra","5"
39,"large_woody_stems","south","Hamamelis_virginiana","1"
39,"large_woody_stems","south","Sassafras_albidum","3"
40,"basalarea","none","Quercus_rubra","2"
40,"basalarea","none","Acer_rubrum","3"
40,"basalarea","none","Quercus_montana","1"
40,"snag","none","snag","0"
40,"basalarea_edge","none","nodata","3"
40,"small_woody_stems","north","Kalmia_latifolia","3"
40,"small_woody_stems","north","Sassafras_albidum","1"
40,"small_woody_stems","north","Hamamelis_virginiana","1"
40,"medium_woody_stems","north","Kalmia_latifolia","5"
40,"medium_woody_stems","north","Sassafras_albidum","4"
40,"large_woody_stems","north","Sassafras_albidum","5"
40,"large_woody_stems","north","Kalmia_latifolia","5"
40,"large_woody_stems","north","Prunus_spp","1"
40,"small_woody_stems","south","Kalmia_latifolia","3"
40,"small_woody_stems","south","Sassafras_albidum","1"
40,"medium_woody_stems","south","Kalmia_latifolia","7"
40,"large_woody_stems","south","Sassafras_albidum","4"
40,"large_woody_stems","south","Kalmia_latifolia","11"
40,"large_woody_stems","south","Acer_rubrum","2"
40,"large_woody_stems","south","Hamamelis_virginiana","1"
41,"basalarea","none","Quercus_montana","3"
41,"snag","none","snag","0"
41,"basalarea_edge","none","nodata","2"
41,"small_woody_stems","north","Amelanchier_spp","1"
41,"small_woody_stems","north","Pinus_strobus","2"
41,"small_woody_stems","north","Betula_lenta","1"
41,"small_woody_stems","north","Kalmia_latifolia","7"
41,"small_woody_stems","north","Hamamelis_virginiana","1"
41,"small_woody_stems","north","Acer_rubrum","3"
41,"small_woody_stems","north","Vaccinium_spp","4"
41,"small_woody_stems","north","Gaylussacia_spp","3"
41,"small_woody_stems","north","Sassafras_albidum","12"
41,"medium_woody_stems","north","Pinus_strobus","2"
41,"medium_woody_stems","north","Amelanchier_spp","1"
41,"medium_woody_stems","north","Betula_lenta","1"
41,"medium_woody_stems","north","Kalmia_latifolia","17"
41,"medium_woody_stems","north","Vaccinium_spp","2"
41,"medium_woody_stems","north","Gaylussacia_spp","2"
41,"medium_woody_stems","north","Sassafras_albidum","23"
41,"medium_woody_stems","north","Acer_rubrum","1"
41,"large_woody_stems","north","Sassafras_albidum","11"
41,"large_woody_stems","north","Hamamelis_virginiana","1"
41,"large_woody_stems","north","Betula_lenta","1"
41,"small_woody_stems","south","Quercus_montana","2"
41,"small_woody_stems","south","Sassafras_albidum","19"
41,"small_woody_stems","south","Betula_lenta","1"
41,"small_woody_stems","south","Kalmia_latifolia","7"
41,"small_woody_stems","south","Vaccinium_spp","1"
41,"small_woody_stems","south","Gaylussacia_spp","1"
41,"medium_woody_stems","south","Hamamelis_virginiana","1"
41,"medium_woody_stems","south","Kalmia_latifolia","11"
41,"medium_woody_stems","south","Sassafras_albidum","26"
41,"medium_woody_stems","south","Betula_lenta","2"
41,"medium_woody_stems","south","Vaccinium_spp","1"
41,"medium_woody_stems","south","Pinus_strobus","1"
41,"large_woody_stems","south","Sassafras_albidum","19"
41,"large_woody_stems","south","Pinus_strobus","1"
41,"large_woody_stems","south","Hamamelis_virginiana","1"
41,"large_woody_stems","south","Betula_lenta","1"
42,"basalarea","none","Quercus_montana","2"
42,"basalarea","none","Quercus_rubra","1"
42,"snag","none","snag","0"
42,"basalarea_edge","none","nodata","1"
42,"small_woody_stems","north","Sassafras_albidum","8"
42,"small_woody_stems","north","Gaylussacia_spp","10"
42,"small_woody_stems","north","Kalmia_latifolia","9"
42,"medium_woody_stems","north","Hamamelis_virginiana","4"
42,"medium_woody_stems","north","Gaylussacia_spp","31"
42,"medium_woody_stems","north","Kalmia_latifolia","9"
42,"medium_woody_stems","north","Acer_rubrum","1"
42,"large_woody_stems","north","Sassafras_albidum","7"
42,"large_woody_stems","north","Quercus_montana","1"
42,"large_woody_stems","north","Kalmia_latifolia","1"
42,"large_woody_stems","north","Vaccinium_stamineum","1"
42,"large_woody_stems","north","Hamamelis_virginiana","1"
42,"small_woody_stems","south","Gaylussacia_spp","10"
42,"small_woody_stems","south","Pinus_strobus","1"
42,"small_woody_stems","south","Kalmia_latifolia","2"
42,"medium_woody_stems","south","Sassafras_albidum","5"
42,"medium_woody_stems","south","Pinus_strobus","1"
42,"medium_woody_stems","south","Gaylussacia_spp","19"
42,"medium_woody_stems","south","Betula_lenta","5"
42,"medium_woody_stems","south","Acer_rubrum","1"
42,"large_woody_stems","south","Betula_lenta","11"
42,"large_woody_stems","south","Sassafras_albidum","3"
43,"basalarea","none","Quercus_rubra","1"
43,"snag","none","snag","0"
43,"basalarea_edge","none","nodata","0"
43,"small_woody_stems","north","Acer_rubrum","9"
43,"small_woody_stems","north","Vaccinium_spp","59"
43,"small_woody_stems","north","Kalmia_latifolia","2"
43,"small_woody_stems","north","Quercus_alba","1"
43,"medium_woody_stems","north","Sassafras_albidum","6"
43,"medium_woody_stems","north","Quercus_rubra","1"
43,"medium_woody_stems","north","Acer_rubrum","15"
43,"medium_woody_stems","north","Vaccinium_spp","28"
43,"medium_woody_stems","north","Kalmia_latifolia","3"
43,"medium_woody_stems","north","Amelanchier_spp","1"
43,"medium_woody_stems","north","Quercus_alba","3"
43,"large_woody_stems","north","Vaccinium_spp","3"
43,"large_woody_stems","north","Quercus_alba","1"
43,"large_woody_stems","north","Quercus_rubra","6"
43,"large_woody_stems","north","Kalmia_latifolia","3"
43,"large_woody_stems","north","Acer_rubrum","7"
43,"large_woody_stems","north","Sassafras_albidum","3"
43,"large_woody_stems","north","Hamamelis_virginiana","4"
43,"small_woody_stems","south","Acer_rubrum","6"
43,"small_woody_stems","south","Gaylussacia_spp","6"
43,"small_woody_stems","south","Vaccinium_spp","4"
43,"small_woody_stems","south","Prunus_serotina","1"
43,"small_woody_stems","south","Quercus_alba","1"
43,"small_woody_stems","south","Sassafras_albidum","2"
43,"medium_woody_stems","south","Vaccinium_spp","4"
43,"medium_woody_stems","south","Acer_rubrum","18"
43,"medium_woody_stems","south","Amelanchier_spp","1"
43,"medium_woody_stems","south","Sassafras_albidum","6"
43,"medium_woody_stems","south","Quercus_rubra","4"
43,"medium_woody_stems","south","Hamamelis_virginiana","1"
43,"medium_woody_stems","south","Magnolia_accuminata","1"
43,"large_woody_stems","south","Quercus_rubra","8"
43,"large_woody_stems","south","Sassafras_albidum","4"
43,"large_woody_stems","south","Acer_rubrum","6"
44,"basalarea","none","Quercus_alba","1"
44,"snag","none","snag","0"
44,"basalarea_edge","none","nodata","1"
44,"small_woody_stems","north","Sassafras_albidum","1"
44,"small_woody_stems","north","Acer_rubrum","3"
44,"medium_woody_stems","north","Sassafras_albidum","2"
44,"medium_woody_stems","north","Quercus_rubra","1"
44,"large_woody_stems","north","Sassafras_albidum","3"
44,"large_woody_stems","north","Acer_rubrum","4"
44,"large_woody_stems","north","Quercus_rubra","3"
44,"large_woody_stems","north","Quercus_montana","1"
44,"medium_woody_stems","south","Sassafras_albidum","1"
44,"large_woody_stems","south","Hamamelis_virginiana","2"
44,"large_woody_stems","south","Sassafras_albidum","4"
45,"basalarea","none","Quercus_rubra","1"
45,"basalarea","none","Sassafras_albidum","1"
45,"basalarea","none","Quercus_alba","1"
45,"snag","none","snag","0"
45,"basalarea_edge","none","nodata","2"
45,"small_woody_stems","north","Quercus_montana","2"
45,"small_woody_stems","north","Acer_rubrum","15"
45,"small_woody_stems","north","Vaccinium_spp","2"
45,"small_woody_stems","north","Sassafras_albidum","2"
45,"medium_woody_stems","north","Acer_rubrum","5"
45,"medium_woody_stems","north","Quercus_rubra","2"
45,"medium_woody_stems","north","Hamamelis_virginiana","1"
45,"large_woody_stems","north","Hamamelis_virginiana","2"
45,"large_woody_stems","north","Prunus_serotina","1"
45,"large_woody_stems","north","Sassafras_albidum","5"
45,"large_woody_stems","north","Quercus_rubra","10"
45,"large_woody_stems","north","Quercus_alba","1"
45,"large_woody_stems","north","Acer_rubrum","6"
45,"large_woody_stems","north","Amelanchier_spp","1"
45,"small_woody_stems","south","Acer_rubrum","10"
45,"small_woody_stems","south","Vaccinium_spp","15"
45,"small_woody_stems","south","Quercus_alba","1"
45,"small_woody_stems","south","Quercus_montana","3"
45,"medium_woody_stems","south","Quercus_rubra","2"
45,"medium_woody_stems","south","Quercus_montana","1"
45,"medium_woody_stems","south","Acer_rubrum","9"
45,"medium_woody_stems","south","Quercus_alba","1"
45,"medium_woody_stems","south","Amelanchier_spp","1"
45,"medium_woody_stems","south","Hamamelis_virginiana","1"
45,"medium_woody_stems","south","Vaccinium_spp","1"
45,"large_woody_stems","south","Quercus_rubra","6"
45,"large_woody_stems","south","Quercus_alba","1"
45,"large_woody_stems","south","Sassafras_albidum","14"
45,"large_woody_stems","south","Hamamelis_virginiana","4"
45,"large_woody_stems","south","Quercus_montana","7"
45,"large_woody_stems","south","Acer_rubrum","3"
46,"basalarea","none","Acer_rubrum","1"
46,"snag","none","snag","0"
46,"basalarea_edge","none","nodata","2"
46,"small_woody_stems","north","Sassafras_albidum","1"
46,"small_woody_stems","north","Amelanchier_spp","1"
46,"small_woody_stems","north","Acer_rubrum","1"
46,"small_woody_stems","north","Vaccinium_spp","1"
46,"small_woody_stems","north","Hamamelis_virginiana","2"
46,"small_woody_stems","north","Quercus_montana","2"
46,"medium_woody_stems","north","Hamamelis_virginiana","7"
46,"medium_woody_stems","north","Kalmia_latifolia","1"
46,"medium_woody_stems","north","Aronia_spp","1"
46,"medium_woody_stems","north","Quercus_rubra","1"
46,"medium_woody_stems","north","Amelanchier_spp","1"
46,"large_woody_stems","north","Quercus_rubra","2"
46,"large_woody_stems","north","Hamamelis_virginiana","5"
46,"large_woody_stems","north","Sassafras_albidum","25"
46,"large_woody_stems","north","Aralia_spinosa","1"
46,"large_woody_stems","north","Bigtooth aspen","1"
46,"large_woody_stems","north","Hamamelis_virginiana","11"
46,"large_woody_stems","north","Quercus_montana","1"
46,"small_woody_stems","south","Vaccinium_spp","6"
46,"small_woody_stems","south","Sassafras_albidum","7"
46,"small_woody_stems","south","Acer_rubrum","5"
46,"small_woody_stems","south","Kalmia_latifolia","2"
46,"small_woody_stems","south","Hamamelis_virginiana","1"
46,"medium_woody_stems","south","Quercus_rubra","1"
46,"medium_woody_stems","south","Hamamelis_virginiana","5"
46,"medium_woody_stems","south","Sassafras_albidum","2"
46,"medium_woody_stems","south","Acer_rubrum","2"
46,"medium_woody_stems","south","Kalmia_latifolia","6"
46,"large_woody_stems","south","Sassafras_albidum","36"
46,"large_woody_stems","south","Hamamelis_virginiana","10"
46,"large_woody_stems","south","Castanea_dentata","1"
46,"large_woody_stems","south","Acer_rubrum","2"
47,"basalarea","none","Acer_rubrum","4"
47,"snag","none","snag","0"
47,"basalarea_edge","none","nodata","1"
47,"small_woody_stems","north","Quercus_rubra","1"
47,"small_woody_stems","north","Kalmia_latifolia","1"
47,"medium_woody_stems","north","Quercus_rubra","2"
47,"medium_woody_stems","north","Hamamelis_virginiana","1"
47,"medium_woody_stems","north","Kalmia_latifolia","6"
47,"medium_woody_stems","north","Gaylussacia_spp","2"
47,"large_woody_stems","north","Kalmia_latifolia","24"
47,"large_woody_stems","north","Sassafras_albidum","3"
47,"large_woody_stems","north","Quercus_rubra","1"
47,"large_woody_stems","north","Gaylussacia_spp","2"
47,"large_woody_stems","north","Hamamelis_virginiana","1"
47,"small_woody_stems","south","Quercus_rubra","4"
47,"small_woody_stems","south","Kalmia_latifolia","6"
47,"medium_woody_stems","south","Quercus_rubra","2"
47,"medium_woody_stems","south","Kalmia_latifolia","6"
47,"large_woody_stems","south","Kalmia_latifolia","12"
47,"large_woody_stems","south","Amelanchier_spp","1"
47,"large_woody_stems","south","Quercus_rubra","5"
47,"large_woody_stems","south","Hamamelis_virginiana","1"
47,"large_woody_stems","south","Sassafras_albidum","3"
48,"basalarea","none","Quercus_rubra","1"
48,"basalarea","none","Quercus_montana","1"
48,"snag","none","snag","0"
48,"basalarea_edge","none","nodata","1"
48,"small_woody_stems","north","Vaccinium_spp","5"
48,"small_woody_stems","north","Kalmia_latifolia","5"
48,"small_woody_stems","north","Quercus_rubra","2"
48,"small_woody_stems","north","Sassafras_albidum","4"
48,"medium_woody_stems","north","Betula_lenta","2"
48,"medium_woody_stems","north","Vaccinium_spp","3"
48,"medium_woody_stems","north","Sassafras_albidum","2"
48,"medium_woody_stems","north","Kalmia_latifolia","6"
48,"medium_woody_stems","north","Quercus_rubra","4"
48,"medium_woody_stems","north","Pinus_strobus","1"
48,"large_woody_stems","north","Sassafras_albidum","8"
48,"small_woody_stems","south","Sassafras_albidum","8"
48,"small_woody_stems","south","Kalmia_latifolia","1"
48,"small_woody_stems","south","Quercus_montana","3"
48,"small_woody_stems","south","Quercus_rubra","1"
48,"medium_woody_stems","south","Hamamelis_virginiana","2"
48,"medium_woody_stems","south","Kalmia_latifolia","20"
48,"medium_woody_stems","south","Betula_lenta","2"
48,"medium_woody_stems","south","Pinus_strobus","1"
48,"medium_woody_stems","south","Quercus_montana","1"
48,"medium_woody_stems","south","Gaylussacia_spp","3"
48,"large_woody_stems","south","Sassafras_albidum","3"
48,"large_woody_stems","south","Kalmia_latifolia","1"
49,"basalarea","none","Quercus_rubra","2"
49,"basalarea","none","Quercus_montana","1"
49,"snag","none","snag","0"
49,"basalarea_edge","none","nodata","0"
49,"small_woody_stems","north","Sassafras_albidum","3"
49,"small_woody_stems","north","Quercus_rubra","4"
49,"small_woody_stems","north","Quercus_montana","1"
49,"medium_woody_stems","north","Quercus_rubra","2"
49,"medium_woody_stems","north","Hamamelis_virginiana","1"
49,"large_woody_stems","north","Sassafras_albidum","11"
49,"large_woody_stems","north","Quercus_rubra","2"
49,"medium_woody_stems","south","Quercus_rubra","2"
49,"medium_woody_stems","south","Acer_rubrum","1"
49,"medium_woody_stems","south","Sassafras_albidum","2"
49,"large_woody_stems","south","Quercus_montana","2"
49,"large_woody_stems","south","Sassafras_albidum","15"
49,"large_woody_stems","south","Castanea_dentata","2"
49,"large_woody_stems","south","Acer_rubrum","3"
49,"large_woody_stems","south","Quercus_rubra","2"
50,"basalarea","none","Acer_rubrum","1"
50,"basalarea","none","Quercus_alba","2"
50,"basalarea","none","Quercus_montana","1"
50,"basalarea","none","Sassafras_albidum","1"
50,"snag","none","snag","0"
50,"basalarea_edge","none","nodata","4"
50,"small_woody_stems","north","Carya_spp","9"
50,"small_woody_stems","north","Quercus_rubra","1"
50,"small_woody_stems","north","Sassafras_albidum","2"
50,"medium_woody_stems","north","Quercus_montana","5"
50,"medium_woody_stems","north","Quercus_rubra","1"
50,"medium_woody_stems","north","Magnolia_accuminata","1"
50,"medium_woody_stems","north","Amelanchier_spp","1"
50,"large_woody_stems","north","Acer_rubrum","1"
50,"large_woody_stems","north","Quercus_rubra","3"
50,"large_woody_stems","north","Quercus_montana","7"
50,"large_woody_stems","north","Hamamelis_virginiana","2"
50,"large_woody_stems","north","Quercus_alba","1"
50,"large_woody_stems","north","Sassafras_albidum","3"
50,"small_woody_stems","south","Quercus_montana","3"
50,"small_woody_stems","south","Quercus_alba","1"
50,"medium_woody_stems","south","Amelanchier_spp","1"
50,"medium_woody_stems","south","Hamamelis_virginiana","2"
50,"medium_woody_stems","south","Quercus_rubra","1"
50,"medium_woody_stems","south","Quercus_montana","2"
50,"large_woody_stems","south","Quercus_montana","3"
50,"large_woody_stems","south","Amelanchier_spp","3"
50,"large_woody_stems","south","Hamamelis_virginiana","12"
50,"large_woody_stems","south","Sassafras_albidum","3"
50,"large_woody_stems","south","Quercus_rubra","3"
51,"basalarea","none","Acer_rubrum","4"
51,"snag","none","snag","0"
51,"basalarea_edge","none","nodata","1"
51,"small_woody_stems","north","Quercus_rubra","1"
51,"small_woody_stems","north","Kalmia_latifolia","1"
51,"medium_woody_stems","north","Quercus_rubra","2"
51,"medium_woody_stems","north","Hamamelis_virginiana","1"
51,"medium_woody_stems","north","Kalmia_latifolia","6"
51,"medium_woody_stems","north","Gaylussacia_spp","2"
51,"large_woody_stems","north","Kalmia_latifolia","24"
51,"large_woody_stems","north","Sassafras_albidum","3"
51,"large_woody_stems","north","Quercus_rubra","1"
51,"large_woody_stems","north","Gaylussacia_spp","3"
51,"large_woody_stems","north","Hamamelis_virginiana","1"
51,"small_woody_stems","south","Quercus_rubra","4"
51,"small_woody_stems","south","Kalmia_latifolia","6"
51,"medium_woody_stems","south","Quercus_rubra","2"
51,"medium_woody_stems","south","Kalmia_latifolia","6"
51,"large_woody_stems","south","Kalmia_latifolia","12"
51,"large_woody_stems","south","Amelanchier_spp","1"
51,"large_woody_stems","south","Quercus_rubra","5"
51,"large_woody_stems","south","Hamamelis_virginiana","1"
51,"large_woody_stems","south","Sassafras_albidum","3"
52,"basalarea","none","Acer_rubrum","2"
52,"basalarea","none","Sassafras_albidum","1"
52,"basalarea","none","Quercus_montana","1"
52,"snag","none","snag","0"
52,"basalarea_edge","none","nodata","1"
52,"small_woody_stems","north","Sassafras_albidum","5"
52,"small_woody_stems","north","Quercus_montana","2"
52,"small_woody_stems","north","Quercus_rubra","3"
52,"small_woody_stems","north","Vaccinium_spp","4"
52,"small_woody_stems","north","Acer_rubrum","4"
52,"medium_woody_stems","north","Quercus_montana","1"
52,"medium_woody_stems","north","Sassafras_albidum","3"
52,"large_woody_stems","north","Sassafras_albidum","12"
52,"large_woody_stems","north","Quercus_rubra","4"
52,"large_woody_stems","north","Betula_lenta","1"
52,"small_woody_stems","south","Vaccinium_spp","11"
52,"small_woody_stems","south","Sassafras_albidum","9"
52,"small_woody_stems","south","Acer_rubrum","4"
52,"small_woody_stems","south","Quercus_rubra","3"
52,"small_woody_stems","south","Quercus_montana","5"
52,"medium_woody_stems","south","Quercus_rubra","1"
52,"medium_woody_stems","south","Betula_lenta","2"
52,"large_woody_stems","south","Betula_lenta","4"
52,"large_woody_stems","south","Quercus_rubra","5"
52,"large_woody_stems","south","Quercus_montana","2"
52,"large_woody_stems","south","Sassafras_albidum","1"
53,"basalarea","none","Quercus_montana","1"
53,"basalarea","none","Quercus_alba","1"
53,"snag","none","snag","0"
53,"basalarea_edge","none","nodata","0"
53,"small_woody_stems","north","Acer_rubrum","7"
53,"small_woody_stems","north","Kalmia_latifolia","29"
53,"small_woody_stems","north","Quercus_montana","2"
53,"small_woody_stems","north","Vaccinium_spp","7"
53,"small_woody_stems","north","Hamamelis_virginiana","1"
53,"medium_woody_stems","north","Quercus_montana","1"
53,"medium_woody_stems","north","Hamamelis_virginiana","2"
53,"medium_woody_stems","north","Acer_rubrum","3"
53,"medium_woody_stems","north","Sassafras_albidum","1"
53,"medium_woody_stems","north","Kalmia_latifolia","4"
53,"large_woody_stems","north","Quercus_rubra","4"
53,"large_woody_stems","north","Quercus_montana","7"
53,"large_woody_stems","north","Hamamelis_virginiana","8"
53,"large_woody_stems","north","Acer_rubrum","30"
53,"large_woody_stems","north","Sassafras_albidum","15"
53,"large_woody_stems","north","Quercus_alba","1"
53,"small_woody_stems","south","Quercus_montana","4"
53,"small_woody_stems","south","Acer_rubrum","5"
53,"small_woody_stems","south","Kalmia_latifolia","13"
53,"small_woody_stems","south","Vaccinium_spp","22"
53,"small_woody_stems","south","Amelanchier_spp","1"
53,"medium_woody_stems","south","Acer_rubrum","12"
53,"medium_woody_stems","south","Quercus_montana","4"
53,"medium_woody_stems","south","Amelanchier_spp","2"
53,"medium_woody_stems","south","Kalmia_latifolia","4"
53,"large_woody_stems","south","Quercus_montana","21"
53,"large_woody_stems","south","Sassafras_albidum","10"
53,"large_woody_stems","south","Kalmia_latifolia","1"
53,"large_woody_stems","south","Acer_rubrum","23"
53,"large_woody_stems","south","Amelanchier_spp","3"
53,"large_woody_stems","south","Quercus_rubra","1"
53,"large_woody_stems","south","Hamamelis_virginiana","1"
54,"basalarea","none","Quercus_montana","2"
54,"basalarea","none","Quercus_rubra","1"
54,"snag","none","snag","0"
54,"basalarea_edge","none","nodata","2"
54,"small_woody_stems","north","Sassafras_albidum","1"
54,"small_woody_stems","north","Acer_rubrum","1"
54,"medium_woody_stems","north","Quercus_rubra","1"
54,"large_woody_stems","north","Sassafras_albidum","13"
54,"large_woody_stems","north","Quercus_rubra","2"
54,"large_woody_stems","north","Acer_rubrum","3"
54,"large_woody_stems","north","Hamamelis_virginiana","4"
54,"small_woody_stems","south","Hamamelis_virginiana","2"
54,"small_woody_stems","south","Quercus_montana","2"
54,"medium_woody_stems","south","Hamamelis_virginiana","4"
54,"medium_woody_stems","south","Quercus_montana","1"
54,"medium_woody_stems","south","Acer_rubrum","1"
54,"large_woody_stems","south","Quercus_montana","3"
54,"large_woody_stems","south","Hamamelis_virginiana","2"
54,"large_woody_stems","south","Quercus_rubra","8"
54,"large_woody_stems","south","Amelanchier_spp","1"
54,"large_woody_stems","south","Sassafras_albidum","7"
54,"large_woody_stems","south","Acer_rubrum","11"
55,"basalarea","none","Quercus_rubra","1"
55,"basalarea","none","Acer_rubrum","2"
55,"basalarea","none","Quercus_montana","1"
55,"basalarea","none","Betula_lenta","1"
55,"snag","none","snag","0"
55,"basalarea_edge","none","nodata","3"
55,"small_woody_stems","north","Quercus_rubra","2"
55,"small_woody_stems","north","Kalmia_latifolia","17"
55,"small_woody_stems","north","Rhododendron_spp","1"
55,"small_woody_stems","north","Vaccinium_spp","2"
55,"medium_woody_stems","north","Kalmia_latifolia","13"
55,"medium_woody_stems","north","Quercus_montana","1"
55,"large_woody_stems","north","Kalmia_latifolia","12"
55,"large_woody_stems","north","Acer_rubrum","1"
55,"large_woody_stems","north","Betula_lenta","2"
55,"large_woody_stems","north","Sassafras_albidum","5"
55,"large_woody_stems","north","Quercus_rubra","3"
55,"large_woody_stems","north","Hamamelis_virginiana","1"
55,"small_woody_stems","south","Quercus_rubra","2"
55,"small_woody_stems","south","Kalmia_latifolia","12"
55,"small_woody_stems","south","Rhododendron_spp","1"
55,"medium_woody_stems","south","Kalmia_latifolia","9"
55,"medium_woody_stems","south","Rhododendron_spp","5"
55,"medium_woody_stems","south","Betula_lenta","1"
55,"large_woody_stems","south","Acer_rubrum","2"
55,"large_woody_stems","south","Sassafras_albidum","2"
55,"large_woody_stems","south","Quercus_rubra","1"
55,"large_woody_stems","south","Hamamelis_virginiana","3"
55,"large_woody_stems","south","Kalmia_latifolia","16"
55,"large_woody_stems","south","Betula_lenta","1"
56,"basalarea","none","Quercus_alba","1"
56,"basalarea","none","Quercus_montana","2"
56,"basalarea","none","Acer_rubrum","1"
56,"snag","none","snag","0"
56,"basalarea_edge","none","nodata","1"
56,"small_woody_stems","north","Quercus_montana","4"
56,"small_woody_stems","north","Quercus_alba","1"
56,"medium_woody_stems","north","Quercus_montana","1"
56,"large_woody_stems","north","Quercus_montana","15"
56,"large_woody_stems","north","Quercus_rubra","4"
56,"large_woody_stems","north","Acer_rubrum","1"
56,"large_woody_stems","north","Sassafras_albidum","1"
56,"large_woody_stems","north","Prunus_serotina","3"
56,"small_woody_stems","south","Sassafras_albidum","2"
56,"small_woody_stems","south","Quercus_montana","1"
56,"small_woody_stems","south","Vaccinium_spp","3"
56,"medium_woody_stems","south","Quercus_montana","1"
56,"medium_woody_stems","south","Quercus_alba","1"
56,"large_woody_stems","south","Quercus_montana","7"
56,"large_woody_stems","south","Sassafras_albidum","10"
56,"large_woody_stems","south","Betula_lenta","3"
56,"large_woody_stems","south","Quercus_rubra","1"
57,"basalarea","none","Quercus_rubra","1"
57,"basalarea","none","Quercus_montana","4"
57,"basalarea","none","Acer_rubrum","1"
57,"snag","none","snag","0"
57,"basalarea_edge","none","nodata","5"
57,"small_woody_stems","north","Kalmia_latifolia","11"
57,"small_woody_stems","north","Gaylussacia_spp","5"
57,"small_woody_stems","north","Quercus_rubra","1"
57,"medium_woody_stems","north","Kalmia_latifolia","8"
57,"medium_woody_stems","north","Quercus_rubra","1"
57,"medium_woody_stems","north","Gaylussacia_spp","1"
57,"medium_woody_stems","north","Betula_lenta","1"
57,"large_woody_stems","north","Kalmia_latifolia","2"
57,"large_woody_stems","north","Quercus_rubra","2"
57,"large_woody_stems","north","Sassafras_albidum","4"
57,"large_woody_stems","north","Betula_lenta","1"
57,"large_woody_stems","north","Quercus_montana","1"
57,"large_woody_stems","north","Acer_rubrum","1"
57,"small_woody_stems","south","Quercus_montana","1"
57,"small_woody_stems","south","Kalmia_latifolia","28"
57,"small_woody_stems","south","Sassafras_albidum","2"
57,"medium_woody_stems","south","Betula_lenta","3"
57,"medium_woody_stems","south","Kalmia_latifolia","15"
57,"medium_woody_stems","south","Sassafras_albidum","2"
57,"medium_woody_stems","south","Quercus_rubra","1"
57,"large_woody_stems","south","Sassafras_albidum","7"
57,"large_woody_stems","south","Quercus_rubra","1"
57,"large_woody_stems","south","Betula_lenta","3"
58,"basalarea","none","Acer_rubrum","2"
58,"basalarea","none","Betula_lenta","1"
58,"basalarea","none","Quercus_montana","2"
58,"basalarea","none","Quercus_rubra","1"
58,"snag","none","snag","0"
58,"basalarea_edge","none","nodata","3"
58,"small_woody_stems","north","Gaylussacia_spp","17"
58,"small_woody_stems","north","Kalmia_latifolia","4"
58,"small_woody_stems","north","Quercus_rubra","1"
58,"medium_woody_stems","north","Gaylussacia_spp","20"
58,"medium_woody_stems","north","Kalmia_latifolia","15"
58,"large_woody_stems","north","Betula_lenta","3"
58,"large_woody_stems","north","Quercus_montana","1"
58,"large_woody_stems","north","Sassafras_albidum","1"
58,"small_woody_stems","south","Gaylussacia_spp","6"
58,"small_woody_stems","south","Kalmia_latifolia","9"
58,"small_woody_stems","south","Betula_lenta","1"
58,"small_woody_stems","south","Quercus_rubra","3"
58,"medium_woody_stems","south","Gaylussacia_spp","15"
58,"medium_woody_stems","south","Quercus_rubra","3"
58,"medium_woody_stems","south","Kalmia_latifolia","9"
58,"medium_woody_stems","south","Rhododendron_spp","1"
58,"large_woody_stems","south","Quercus_montana","1"
58,"large_woody_stems","south","Kalmia_latifolia","15"
58,"large_woody_stems","south","Hamamelis_virginiana","2"
58,"large_woody_stems","south","Betula_lenta","4"
58,"large_woody_stems","south","Quercus_rubra","1"
58,"large_woody_stems","south","Sassafras_albidum","2"
59,"basalarea","none","Quercus_alba","1"
59,"snag","none","snag","0"
59,"basalarea_edge","none","nodata","0"
59,"small_woody_stems","north","Quercus_rubra","2"
59,"small_woody_stems","north","Acer_rubrum","9"
59,"small_woody_stems","north","Vaccinium_spp","2"
59,"small_woody_stems","north","Amelanchier_spp","1"
59,"small_woody_stems","north","Rhododendron_spp","1"
59,"medium_woody_stems","north","Acer_rubrum","5"
59,"large_woody_stems","north","Amelanchier_spp","4"
59,"large_woody_stems","north","Acer_rubrum","8"
59,"large_woody_stems","north","Quercus_rubra","16"
59,"small_woody_stems","south","Vaccinium_spp","5"
59,"small_woody_stems","south","Acer_rubrum","4"
59,"small_woody_stems","south","Quercus_alba","2"
59,"large_woody_stems","south","Hamamelis_virginiana","2"
59,"large_woody_stems","south","Amelanchier_spp","1"
59,"large_woody_stems","south","Quercus_alba","3"
59,"large_woody_stems","south","Quercus_rubra","7"
59,"large_woody_stems","south","Acer_rubrum","2"
60,"basalarea","none","Quercus_rubra","1"
60,"snag","none","snag","0"
60,"basalarea_edge","none","nodata","1"
60,"small_woody_stems","north","Acer_rubrum","3"
60,"medium_woody_stems","north","Acer_rubrum","9"
60,"medium_woody_stems","north","Gaylussacia_spp","6"
60,"medium_woody_stems","north","Hamamelis_virginiana","1"
60,"medium_woody_stems","north","Quercus_rubra","1"
60,"large_woody_stems","north","Acer_rubrum","16"
60,"large_woody_stems","north","Quercus_montana","16"
60,"large_woody_stems","north","Quercus_alba","3"
60,"large_woody_stems","north","Hamamelis_virginiana","2"
60,"large_woody_stems","north","Quercus_rubra","3"
60,"small_woody_stems","south","Quercus_montana","1"
60,"small_woody_stems","south","Vaccinium_spp","1"
60,"medium_woody_stems","south","Acer_rubrum","15"
60,"medium_woody_stems","south","Gaylussacia_spp","4"
60,"medium_woody_stems","south","Hamamelis_virginiana","1"
60,"medium_woody_stems","south","Quercus_montana","2"
60,"medium_woody_stems","south","Quercus_rubra","1"
60,"large_woody_stems","south","Acer_rubrum","16"
60,"large_woody_stems","south","Hamamelis_virginiana","7"
60,"large_woody_stems","south","Quercus_rubra","4"
60,"large_woody_stems","south","Quercus_montana","3"
60,"large_woody_stems","south","Amelanchier_spp","2"
61,"basalarea","none","Prunus_serotina","1"
61,"snag","none","snag","0"
61,"basalarea_edge","none","nodata","1"
61,"small_woody_stems","north","Acer_rubrum","2"
61,"medium_woody_stems","north","Acer_rubrum","1"
61,"large_woody_stems","north","Prunus_serotina","3"
61,"large_woody_stems","north","Quercus_rubra","10"
61,"large_woody_stems","north","Acer_rubrum","7"
61,"large_woody_stems","north","Hamamelis_virginiana","1"
61,"large_woody_stems","north","Amelanchier_spp","8"
61,"small_woody_stems","south","Acer_rubrum","4"
61,"medium_woody_stems","south","Acer_rubrum","5"
61,"large_woody_stems","south","Acer_rubrum","15"
61,"large_woody_stems","south","Kalmia_latifolia","1"
61,"large_woody_stems","south","Quercus_rubra","5"
61,"large_woody_stems","south","Quercus_montana","4"
61,"large_woody_stems","south","Hamamelis_virginiana","1"
61,"large_woody_stems","south","Prunus_serotina","1"
62,"basalarea","none","Quercus_montana","1"
62,"basalarea","none","Sassafras_albidum","1"
62,"snag","none","snag","0"
62,"basalarea_edge","none","nodata","0"
62,"small_woody_stems","north","Acer_rubrum","2"
62,"small_woody_stems","north","Gaylussacia_spp","1"
62,"small_woody_stems","north","Hamamelis_virginiana","1"
62,"large_woody_stems","north","Acer_rubrum","7"
62,"large_woody_stems","north","Quercus_montana","2"
62,"large_woody_stems","north","Hamamelis_virginiana","17"
62,"large_woody_stems","north","Quercus_rubra","5"
62,"small_woody_stems","south","Quercus_alba","1"
62,"small_woody_stems","south","Gaylussacia_spp","1"
62,"medium_woody_stems","south","Quercus_alba","1"
62,"large_woody_stems","south","Quercus_montana","3"
62,"large_woody_stems","south","Hamamelis_virginiana","16"
62,"large_woody_stems","south","Acer_rubrum","4"
62,"large_woody_stems","south","Quercus_alba","1"
62,"large_woody_stems","south","Quercus_rubra","1"
63,"basalarea","none","Quercus_rubra","2"
63,"basalarea","none","Quercus_alba","1"
63,"snag","none","snag","0"
63,"basalarea_edge","none","nodata","3"
63,"small_woody_stems","north","Quercus_montana","1"
63,"small_woody_stems","north","Gaylussacia_spp","1"
63,"small_woody_stems","north","Quercus_rubra","1"
63,"medium_woody_stems","north","Quercus_rubra","2"
63,"large_woody_stems","north","Kalmia_latifolia","1"
63,"large_woody_stems","north","Hamamelis_virginiana","1"
63,"large_woody_stems","north","Quercus_montana","1"
63,"large_woody_stems","north","Prunus_serotina","1"
63,"large_woody_stems","north","Quercus_rubra","3"
63,"large_woody_stems","north","Amelanchier_spp","2"
63,"large_woody_stems","north","Acer_rubrum","2"
63,"small_woody_stems","south","Acer_rubrum","10"
63,"small_woody_stems","south","Quercus_rubra","1"
63,"medium_woody_stems","south","Acer_rubrum","6"
63,"medium_woody_stems","south","Amelanchier_spp","1"
63,"medium_woody_stems","south","Quercus_rubra","1"
63,"large_woody_stems","south","Prunus_serotina","1"
63,"large_woody_stems","south","Acer_rubrum","1"
63,"large_woody_stems","south","Quercus_rubra","8"
63,"large_woody_stems","south","Quercus_montana","6"
63,"large_woody_stems","south","Amelanchier_spp","1"
64,"basalarea","none","Quercus_montana","3"
64,"basalarea","none","Prunus_serotina","1"
64,"snag","none","snag","0"
64,"basalarea_edge","none","nodata","0"
64,"small_woody_stems","north","Amelanchier_spp","1"
64,"medium_woody_stems","north","Quercus_montana","2"
64,"medium_woody_stems","north","Acer_rubrum","1"
64,"large_woody_stems","north","Quercus_montana","13"
64,"large_woody_stems","north","Hamamelis_virginiana","23"
64,"large_woody_stems","north","Prunus_serotina","2"
64,"large_woody_stems","north","Quercus_rubra","1"
64,"large_woody_stems","north","Acer_rubrum","1"
64,"medium_woody_stems","south","Quercus_rubra","1"
64,"medium_woody_stems","south","Acer_rubrum","3"
64,"large_woody_stems","south","Quercus_montana","1"
64,"large_woody_stems","south","Hamamelis_virginiana","10"
64,"large_woody_stems","south","Quercus_rubra","9"
64,"large_woody_stems","south","Amelanchier_spp","1"
64,"large_woody_stems","south","Sassafras_albidum","1"
64,"large_woody_stems","south","Acer_rubrum","4"
64,"large_woody_stems","south","Prunus_serotina","1"
65,"basalarea","none","Acer_rubrum","3"
65,"basalarea","none","Prunus_serotina","1"
65,"basalarea","none","Pinus_strobus","1"
65,"basalarea","none","Quercus_rubra","2"
65,"snag","none","snag","0"
65,"basalarea_edge","none","nodata","7"
65,"small_woody_stems","north","Quercus_rubra","7"
65,"small_woody_stems","north","Vaccinium_stamineum","1"
65,"small_woody_stems","north","Amelanchier_spp","2"
65,"medium_woody_stems","north","Hamamelis_virginiana","2"
65,"medium_woody_stems","north","Prunus_serotina","1"
65,"medium_woody_stems","north","Quercus_rubra","1"
65,"medium_woody_stems","north","Amelanchier_spp","1"
65,"large_woody_stems","north","Quercus_rubra","4"
65,"large_woody_stems","north","Crataegus_spp","1"
65,"large_woody_stems","north","Amelanchier_spp","4"
65,"large_woody_stems","north","Vaccinium_stamineum","2"
65,"small_woody_stems","south","Amelanchier_spp","1"
65,"small_woody_stems","south","Fagus_grandifolia","1"
65,"small_woody_stems","south","Quercus_rubra","2"
65,"medium_woody_stems","south","Quercus_rubra","3"
65,"medium_woody_stems","south","Quercus_alba","1"
65,"medium_woody_stems","south","Amelanchier_spp","3"
65,"large_woody_stems","south","Quercus_rubra","4"
65,"large_woody_stems","south","Amelanchier_spp","3"
65,"large_woody_stems","south","Fagus_grandifolia","3"
65,"large_woody_stems","south","Acer_rubrum","1"
65,"large_woody_stems","south","Tsuga_canadensis","1"
66,"basalarea","none","Quercus_rubra","1"
66,"snag","none","snag","0"
66,"basalarea_edge","none","nodata","0"
66,"small_woody_stems","north","Quercus_alba","1"
66,"small_woody_stems","north","Sassafras_albidum","1"
66,"medium_woody_stems","north","Acer_rubrum","4"
66,"large_woody_stems","north","Prunus_serotina","1"
66,"large_woody_stems","north","Quercus_montana","2"
66,"large_woody_stems","north","Quercus_alba","5"
66,"large_woody_stems","north","Acer_rubrum","22"
66,"large_woody_stems","north","Hamamelis_virginiana","9"
66,"large_woody_stems","north","Amelanchier_spp","2"
66,"large_woody_stems","north","Quercus_rubra","4"
66,"small_woody_stems","south","Acer_rubrum","9"
66,"small_woody_stems","south","Sassafras_albidum","1"
66,"small_woody_stems","south","Quercus_alba","1"
66,"small_woody_stems","south","Quercus_rubra","1"
66,"medium_woody_stems","south","Quercus_rubra","1"
66,"medium_woody_stems","south","Amelanchier_spp","1"
66,"medium_woody_stems","south","Hamamelis_virginiana","1"
66,"medium_woody_stems","south","Acer_rubrum","1"
66,"large_woody_stems","south","Quercus_montana","1"
66,"large_woody_stems","south","Acer_rubrum","13"
66,"large_woody_stems","south","Quercus_alba","4"
66,"large_woody_stems","south","Hamamelis_virginiana","3"
66,"large_woody_stems","south","Quercus_rubra","2"
66,"large_woody_stems","south","Prunus_serotina","2"
67,"basalarea","none","Pinus_resinosa","9"
67,"basalarea","none","Acer_rubrum","3"
67,"basalarea","none","Quercus_rubra","2"
67,"snag","none","snag","0"
67,"basalarea_edge","none","nodata","3"
67,"small_woody_stems","north","Prunus_serotina","2"
67,"small_woody_stems","north","Quercus_rubra","1"
67,"small_woody_stems","north","Acer_rubrum","1"
67,"medium_woody_stems","north","Crataegus_spp","1"
67,"medium_woody_stems","north","Vaccinium_stamineum","1"
67,"medium_woody_stems","north","Prunus_serotina","1"
67,"medium_woody_stems","north","Acer_rubrum","2"
67,"medium_woody_stems","north","Quercus_alba","1"
67,"large_woody_stems","north","Pinus_resinosa","1"
67,"large_woody_stems","north","Quercus_rubra","5"
67,"large_woody_stems","north","Acer_rubrum","2"
67,"large_woody_stems","north","Tsuga_canadensis","1"
67,"small_woody_stems","south","Quercus_rubra","3"
67,"small_woody_stems","south","Fagus_grandifolia","1"
67,"small_woody_stems","south","Prunus_serotina","2"
67,"small_woody_stems","south","Quercus_alba","1"
67,"medium_woody_stems","south","Crataegus_spp","1"
67,"medium_woody_stems","south","Fagus_grandifolia","1"
67,"large_woody_stems","south","Pinus_resinosa","1"
67,"large_woody_stems","south","Fagus_grandifolia","6"
67,"large_woody_stems","south","Quercus_rubra","2"
68,"basalarea","none","Pinus_resinosa","3"
68,"basalarea","none","Quercus_rubra","2"
68,"basalarea","none","Acer_rubrum","5"
68,"snag","none","snag","0"
68,"basalarea_edge","none","nodata","1"
68,"large_woody_stems","north","Quercus_rubra","1"
68,"large_woody_stems","north","Prunus_serotina","4"
68,"large_woody_stems","north","Acer_rubrum","1"
68,"large_woody_stems","north","Fagus_grandifolia","1"
68,"large_woody_stems","north","Quercus_alba","1"
68,"small_woody_stems","south","Quercus_rubra","3"
68,"large_woody_stems","south","Acer_rubrum","3"
68,"large_woody_stems","south","Quercus_rubra","5"
68,"large_woody_stems","south","Fagus_grandifolia","1"
68,"large_woody_stems","south","Pinus_resinosa","1"
69,"basalarea","none","Tsuga_canadensis","4"
69,"basalarea","none","Acer_rubrum","2"
69,"snag","none","snag","0"
69,"basalarea_edge","none","nodata","3"
69,"small_woody_stems","south","Fagus_grandifolia","1"
69,"medium_woody_stems","south","Fagus_grandifolia","1"
69,"medium_woody_stems","south","Berberis_thunbergii","1"
69,"large_woody_stems","south","Fagus_grandifolia","2"
70,"basalarea","none","Acer_rubrum","8"
70,"basalarea","none","Prunus_serotina","2"
70,"basalarea","none","Quercus_rubra","1"
70,"basalarea","none","Quercus_alba","1"
70,"snag","none","snag","0"
70,"basalarea_edge","none","nodata","5"
70,"small_woody_stems","north","Crataegus_spp","3"
70,"small_woody_stems","north","Prunus_serotina","2"
70,"medium_woody_stems","north","Ostrya_virginiana","2"
70,"medium_woody_stems","north","Crataegus_spp","1"
70,"large_woody_stems","north","Ostrya_virginiana","4"
70,"large_woody_stems","north","Quercus_rubra","3"
70,"large_woody_stems","north","Crataegus_spp","6"
70,"large_woody_stems","north","Fagus_grandifolia","3"
70,"small_woody_stems","south","Ostrya_virginiana","8"
70,"small_woody_stems","south","Crataegus_spp","1"
70,"medium_woody_stems","south","Ostrya_virginiana","3"
70,"large_woody_stems","south","Ostrya_virginiana","7"
70,"large_woody_stems","south","Quercus_rubra","1"
70,"large_woody_stems","south","Tsuga_canadensis","1"
70,"large_woody_stems","south","Acer_rubrum","1"
71,"basalarea","none","Quercus_alba","1"
71,"snag","none","snag","0"
71,"basalarea_edge","none","nodata","0"
71,"small_woody_stems","north","Quercus_alba","1"
71,"small_woody_stems","north","Acer_rubrum","1"
71,"medium_woody_stems","north","Prunus_serotina","1"
71,"medium_woody_stems","north","Quercus_alba","1"
71,"medium_woody_stems","north","Hamamelis_virginiana","2"
71,"medium_woody_stems","north","Amelanchier_spp","1"
71,"large_woody_stems","north","Quercus_alba","18"
71,"large_woody_stems","north","Hamamelis_virginiana","3"
71,"large_woody_stems","north","Quercus_rubra","4"
71,"large_woody_stems","north","Amelanchier_spp","2"
71,"small_woody_stems","south","Prunus_serotina","1"
71,"small_woody_stems","south","Quercus_alba","1"
71,"medium_woody_stems","south","Acer_rubrum","1"
71,"medium_woody_stems","south","Quercus_alba","2"
71,"large_woody_stems","south","Quercus_alba","19"
71,"large_woody_stems","south","Acer_rubrum","6"
71,"large_woody_stems","south","Pinus_strobus","1"
71,"large_woody_stems","south","Quercus_rubra","4"
71,"large_woody_stems","south","Amelanchier_spp","3"
71,"large_woody_stems","south","Hamamelis_virginiana","2"
71,"large_woody_stems","south","Prunus_serotina","1"
72,"basalarea","none","Acer_rubrum","8"
72,"basalarea","none","Quercus_alba","3"
72,"basalarea","none","Quercus_rubra","3"
72,"basalarea","none","Prunus_serotina","2"
72,"snag","none","snag","0"
72,"basalarea_edge","none","nodata","1"
72,"small_woody_stems","north","Quercus_rubra","2"
72,"small_woody_stems","north","Quercus_alba","2"
72,"small_woody_stems","north","Hamamelis_virginiana","3"
72,"medium_woody_stems","north","Quercus_alba","3"
72,"medium_woody_stems","north","Amelanchier_spp","2"
72,"large_woody_stems","north","Prunus_serotina","6"
72,"large_woody_stems","north","Acer_rubrum","1"
72,"large_woody_stems","north","Quercus_rubra","2"
72,"small_woody_stems","south","Amelanchier_spp","1"
72,"small_woody_stems","south","Quercus_alba","2"
72,"medium_woody_stems","south","Amelanchier_spp","4"
72,"medium_woody_stems","south","Hamamelis_virginiana","2"
72,"medium_woody_stems","south","Quercus_alba","2"
72,"large_woody_stems","south","Acer_rubrum","3"
72,"large_woody_stems","south","Hamamelis_virginiana","1"
72,"large_woody_stems","south","Quercus_alba","1"
72,"large_woody_stems","south","Quercus_rubra","1"
73,"basalarea","none","Prunus_serotina","1"
73,"snag","none","snag","0"
73,"basalarea_edge","none","nodata","1"
73,"small_woody_stems","north","Acer_rubrum","2"
73,"medium_woody_stems","north","Acer_rubrum","1"
73,"large_woody_stems","north","Prunus_serotina","3"
73,"large_woody_stems","north","Quercus_rubra","10"
73,"large_woody_stems","north","Acer_rubrum","7"
73,"large_woody_stems","north","Hamamelis_virginiana","1"
73,"large_woody_stems","north","Amelanchier_spp","8"
73,"small_woody_stems","south","Acer_rubrum","4"
73,"medium_woody_stems","south","Acer_rubrum","5"
73,"large_woody_stems","south","Acer_rubrum","15"
73,"large_woody_stems","south","Kalmia_latifolia","1"
73,"large_woody_stems","south","Quercus_rubra","5"
73,"large_woody_stems","south","Quercus_montana","4"
73,"large_woody_stems","south","Hamamelis_virginiana","1"
73,"large_woody_stems","south","Prunus_serotina","1"
74,"snag","none","snag","0"
74,"basalarea_edge","none","nodata","0"
74,"large_woody_stems","north","Quercus_rubra","6"
74,"large_woody_stems","north","Hamamelis_virginiana","3"
74,"small_woody_stems","south","Quercus_alba","2"
74,"medium_woody_stems","south","Hamamelis_virginiana","2"
74,"large_woody_stems","south","Hamamelis_virginiana","13"
74,"large_woody_stems","south","Quercus_rubra","3"
74,"large_woody_stems","south","Prunus_serotina","1"
74,"large_woody_stems","south","Quercus_alba","2"
75,"snag","none","snag","0"
75,"basalarea_edge","none","nodata","1"
75,"large_woody_stems","north","Acer_rubrum","19"
75,"large_woody_stems","north","Amelanchier_spp","2"
75,"large_woody_stems","north","Quercus_rubra","2"
75,"medium_woody_stems","south","Acer_rubrum","3"
75,"large_woody_stems","south","Hamamelis_virginiana","9"
75,"large_woody_stems","south","Amelanchier_spp","1"
75,"large_woody_stems","south","Magnolia_accuminata","1"
75,"large_woody_stems","south","Acer_rubrum","9"
75,"large_woody_stems","south","Quercus_montana","2"
76,"snag","none","snag","0"
76,"basalarea_edge","none","nodata","0"
76,"small_woody_stems","north","Acer_rubrum","1"
76,"small_woody_stems","north","Quercus_montana","1"
76,"medium_woody_stems","north","Acer_rubrum","4"
76,"medium_woody_stems","north","Quercus_montana","1"
76,"large_woody_stems","north","Hamamelis_virginiana","6"
76,"large_woody_stems","north","Acer_rubrum","7"
76,"large_woody_stems","north","Quercus_montana","18"
76,"large_woody_stems","north","Quercus_rubra","6"
76,"large_woody_stems","north","Amelanchier_spp","1"
76,"large_woody_stems","north","Prunus_serotina","1"
76,"small_woody_stems","south","Quercus_montana","1"
76,"small_woody_stems","south","Acer_rubrum","2"
76,"medium_woody_stems","south","Acer_rubrum","4"
76,"large_woody_stems","south","Quercus_montana","15"
76,"large_woody_stems","south","Quercus_alba","3"
76,"large_woody_stems","south","Quercus_rubra","3"
76,"large_woody_stems","south","Acer_rubrum","9"
77,"basalarea","none","Quercus_alba","1"
77,"snag","none","snag","0"
77,"basalarea_edge","none","nodata","0"
77,"small_woody_stems","north","Quercus_rubra","2"
77,"small_woody_stems","north","Acer_rubrum","9"
77,"small_woody_stems","north","Vaccinium_spp","2"
77,"small_woody_stems","north","Amelanchier_spp","1"
77,"small_woody_stems","north","Rhododendron_spp","1"
77,"medium_woody_stems","north","Acer_rubrum","5"
77,"large_woody_stems","north","Amelanchier_spp","4"
77,"large_woody_stems","north","Acer_rubrum","8"
77,"large_woody_stems","north","Quercus_rubra","16"
77,"small_woody_stems","south","Vaccinium_spp","5"
77,"small_woody_stems","south","Acer_rubrum","4"
77,"small_woody_stems","south","Quercus_alba","2"
77,"large_woody_stems","south","Hamamelis_virginiana","2"
77,"large_woody_stems","south","Amelanchier_spp","1"
77,"large_woody_stems","south","Quercus_alba","3"
77,"large_woody_stems","south","Quercus_rubra","7"
77,"large_woody_stems","south","Acer_rubrum","2"
78,"basalarea","none","Acer_rubrum","3"
78,"snag","none","snag","0"
78,"basalarea_edge","none","nodata","1"
78,"small_woody_stems","north","Acer_rubrum","4"
78,"medium_woody_stems","north","Acer_rubrum","2"
78,"large_woody_stems","north","Prunus_serotina","1"
78,"large_woody_stems","north","Hamamelis_virginiana","10"
78,"large_woody_stems","north","Quercus_montana","15"
78,"large_woody_stems","north","Acer_rubrum","6"
78,"large_woody_stems","north","Amelanchier_spp","2"
78,"large_woody_stems","north","Quercus_rubra","2"
78,"large_woody_stems","north","Quercus_alba","2"
78,"small_woody_stems","south","Acer_rubrum","8"
78,"medium_woody_stems","south","Quercus_rubra","1"
78,"medium_woody_stems","south","Acer_rubrum","4"
78,"medium_woody_stems","south","Hamamelis_virginiana","1"
78,"large_woody_stems","south","Quercus_montana","10"
78,"large_woody_stems","south","Acer_rubrum","7"
78,"large_woody_stems","south","Hamamelis_virginiana","8"
78,"large_woody_stems","south","Amelanchier_spp","8"
78,"large_woody_stems","south","Quercus_rubra","2"
78,"large_woody_stems","south","Prunus_serotina","1"
79,"basalarea","none","Tsuga_canadensis","2"
79,"basalarea","none","Prunus_serotina","1"
79,"basalarea","none","Quercus_rubra","4"
79,"basalarea","none","Acer_rubrum","1"
79,"snag","none","snag","0"
79,"basalarea_edge","none","nodata","2"
79,"medium_woody_stems","north","Acer_rubrum","1"
79,"large_woody_stems","north","Fagus_grandifolia","4"
79,"large_woody_stems","north","Prunus_serotina","1"
79,"large_woody_stems","north","Quercus_rubra","7"
79,"large_woody_stems","north","Acer_rubrum","2"
79,"small_woody_stems","south","Quercus_rubra","2"
79,"large_woody_stems","south","Hamamelis_virginiana","4"
79,"large_woody_stems","south","Prunus_serotina","3"
79,"large_woody_stems","south","Fagus_grandifolia","4"
79,"large_woody_stems","south","Quercus_rubra","2"
79,"large_woody_stems","south","Acer_rubrum","2"
79,"large_woody_stems","south","Amelanchier_spp","1"
79,"large_woody_stems","south","Tulip poplar","1"
80,"basalarea","none","Acer_rubrum","4"
80,"basalarea","none","Quercus_alba","2"
80,"basalarea","none","Quercus_rubra","2"
80,"basalarea","none","Fagus_grandifolia","1"
80,"snag","none","snag","0"
80,"basalarea_edge","none","nodata","6"
80,"small_woody_stems","north","Quercus_alba","6"
80,"small_woody_stems","north","Hamamelis_virginiana","1"
80,"small_woody_stems","north","Amelanchier_spp","1"
80,"medium_woody_stems","north","Amelanchier_spp","5"
80,"medium_woody_stems","north","Hamamelis_virginiana","1"
80,"large_woody_stems","north","Acer_rubrum","2"
80,"large_woody_stems","north","Hamamelis_virginiana","1"
80,"large_woody_stems","north","Quercus_alba","2"
80,"large_woody_stems","north","Amelanchier_spp","1"
80,"small_woody_stems","south","Quercus_alba","4"
80,"small_woody_stems","south","Quercus_rubra","2"
80,"small_woody_stems","south","Amelanchier_spp","2"
80,"small_woody_stems","south","Prunus_serotina","1"
80,"medium_woody_stems","south","Amelanchier_spp","1"
80,"medium_woody_stems","south","Quercus_alba","4"
80,"medium_woody_stems","south","Quercus_rubra","4"
80,"large_woody_stems","south","Fagus_grandifolia","1"
80,"large_woody_stems","south","Tsuga_canadensis","5"
80,"large_woody_stems","south","Quercus_rubra","1"
80,"large_woody_stems","south","Acer_rubrum","2"
80,"large_woody_stems","south","Quercus_alba","2"
81,"snag","none","snag","0"
81,"basalarea_edge","none","nodata","1"
81,"large_woody_stems","north","Hamamelis_virginiana","6"
81,"large_woody_stems","north","Quercus_rubra","2"
81,"large_woody_stems","north","Tsuga_canadensis","1"
82,"basalarea","none","Betula_lenta","1"
82,"basalarea","none","Quercus_rubra","1"
82,"basalarea","none","Quercus_alba","2"
82,"snag","none","snag","0"
82,"basalarea_edge","none","nodata","0"
82,"small_woody_stems","north","Quercus_rubra","1"
82,"medium_woody_stems","north","Amelanchier_spp","1"
82,"medium_woody_stems","north","Quercus_rubra","1"
82,"medium_woody_stems","north","Hamamelis_virginiana","1"
82,"large_woody_stems","north","Acer_rubrum","5"
82,"large_woody_stems","north","Quercus_rubra","1"
82,"large_woody_stems","north","Quercus_alba","2"
82,"large_woody_stems","north","Hamamelis_virginiana","7"
82,"large_woody_stems","north","Prunus_serotina","2"
82,"medium_woody_stems","south","Hamamelis_virginiana","1"
82,"large_woody_stems","south","Quercus_rubra","4"
82,"large_woody_stems","south","Acer_rubrum","3"
82,"large_woody_stems","south","Prunus_serotina","4"
82,"large_woody_stems","south","Aralia_spinosa","1"
83,"snag","none","snag","0"
83,"basalarea_edge","none","nodata","0"
83,"small_woody_stems","north","Acer_rubrum","4"
83,"medium_woody_stems","north","Acer_rubrum","2"
83,"large_woody_stems","north","Quercus_alba","1"
83,"large_woody_stems","north","Quercus_rubra","4"
83,"large_woody_stems","north","Prunus_serotina","1"
83,"large_woody_stems","north","Amelanchier_spp","2"
83,"large_woody_stems","north","Acer_rubrum","16"
83,"large_woody_stems","north","Hamamelis_virginiana","2"
83,"small_woody_stems","south","Acer_rubrum","2"
83,"small_woody_stems","south","Quercus_alba","1"
83,"medium_woody_stems","south","Acer_rubrum","1"
83,"large_woody_stems","south","Quercus_alba","3"
83,"large_woody_stems","south","Amelanchier_spp","1"
83,"large_woody_stems","south","Hamamelis_virginiana","2"
83,"large_woody_stems","south","Acer_rubrum","9"
83,"large_woody_stems","south","Prunus_serotina","2"
83,"large_woody_stems","south","Quercus_rubra","4"
84,"basalarea","none","Quercus_alba","2"
84,"snag","none","snag","0"
84,"basalarea_edge","none","nodata","0"
84,"medium_woody_stems","north","Amelanchier_spp","1"
84,"large_woody_stems","north","Amelanchier_spp","1"
84,"large_woody_stems","north","Prunus_serotina","1"
84,"large_woody_stems","north","Quercus_alba","18"
84,"large_woody_stems","north","Acer_rubrum","1"
84,"large_woody_stems","north","Hamamelis_virginiana","14"
84,"large_woody_stems","north","Quercus_rubra","2"
84,"small_woody_stems","south","Acer_rubrum","9"
84,"small_woody_stems","south","Vaccinium_spp","4"
84,"medium_woody_stems","south","Acer_rubrum","3"
84,"medium_woody_stems","south","Quercus_alba","2"
84,"medium_woody_stems","south","Hamamelis_virginiana","1"
84,"large_woody_stems","south","Quercus_alba","4"
84,"large_woody_stems","south","Prunus_serotina","3"
84,"large_woody_stems","south","Quercus_rubra","4"
84,"large_woody_stems","south","Acer_rubrum","4"
84,"large_woody_stems","south","Amelanchier_spp","8"
84,"large_woody_stems","south","Hamamelis_virginiana","3"
85,"basalarea","none","Quercus_montana","2"
85,"basalarea","none","Betula_lenta","1"
85,"snag","none","snag","0"
85,"basalarea_edge","none","nodata","1"
85,"small_woody_stems","north","Kalmia_latifolia","4"
85,"medium_woody_stems","north","Kalmia_latifolia","1"
85,"medium_woody_stems","north","Quercus_montana","1"
85,"large_woody_stems","north","Amelanchier_spp","2"
85,"large_woody_stems","north","Kalmia_latifolia","18"
85,"large_woody_stems","north","Sassafras_albidum","8"
85,"large_woody_stems","north","Acer_rubrum","5"
85,"large_woody_stems","north","Hamamelis_virginiana","9"
85,"large_woody_stems","north","Quercus_rubra","1"
85,"large_woody_stems","north","Betula_lenta","2"
85,"small_woody_stems","south","Kalmia_latifolia","2"
85,"medium_woody_stems","south","Quercus_rubra","1"
85,"medium_woody_stems","south","Kalmia_latifolia","12"
85,"medium_woody_stems","south","Acer_rubrum","2"
85,"medium_woody_stems","south","Hamamelis_virginiana","2"
85,"medium_woody_stems","south","Rhododendron_spp","2"
85,"large_woody_stems","south","Sassafras_albidum","9"
85,"large_woody_stems","south","Betula_lenta","1"
85,"large_woody_stems","south","Kalmia_latifolia","8"
85,"large_woody_stems","south","Hamamelis_virginiana","14"
85,"large_woody_stems","south","Acer_rubrum","3"
85,"large_woody_stems","south","Quercus_rubra","4"
85,"large_woody_stems","south","Quercus_montana","1"
85,"large_woody_stems","south","Amelanchier_spp","1"
85,"large_woody_stems","south","Nyssa_sylvatica","1"
86,"basalarea","none","Quercus_montana","1"
86,"basalarea","none","Quercus_rubra","1"
86,"snag","none","snag","0"
86,"basalarea_edge","none","nodata","2"
87,"basalarea","none","Betula_lenta","1"
87,"snag","none","snag","0"
87,"basalarea_edge","none","nodata","1"
87,"small_woody_stems","north","Kalmia_latifolia","3"
87,"medium_woody_stems","north","Kalmia_latifolia","3"
87,"medium_woody_stems","north","Quercus_montana","2"
87,"medium_woody_stems","north","Rhododendron_spp","1"
87,"large_woody_stems","north","Magnolia_accuminata","1"
87,"large_woody_stems","north","Quercus_alba","1"
87,"large_woody_stems","north","Quercus_rubra","1"
87,"large_woody_stems","north","Amelanchier_spp","2"
87,"large_woody_stems","north","Hamamelis_virginiana","7"
87,"large_woody_stems","north","Acer_rubrum","2"
87,"large_woody_stems","north","Betula_lenta","3"
87,"large_woody_stems","north","Sassafras_albidum","8"
87,"large_woody_stems","north","Kalmia_latifolia","18"
87,"small_woody_stems","south","Kalmia_latifolia","4"
87,"medium_woody_stems","south","Kalmia_latifolia","6"
87,"large_woody_stems","south","Sassafras_albidum","8"
87,"large_woody_stems","south","Acer_rubrum","8"
87,"large_woody_stems","south","Hamamelis_virginiana","7"
87,"large_woody_stems","south","Betula_lenta","1"
87,"large_woody_stems","south","Quercus_rubra","7"
87,"large_woody_stems","south","Quercus_montana","1"
87,"large_woody_stems","south","Amelanchier_spp","2"
87,"large_woody_stems","south","Nyssa_sylvatica","1"
87,"large_woody_stems","south","Kalmia_latifolia","2"
88,"basalarea","none","Quercus_rubra","1"
88,"basalarea","none","Sassafras_albidum","1"
88,"snag","none","snag","0"
88,"basalarea_edge","none","nodata","0"
88,"small_woody_stems","north","Hamamelis_virginiana","1"
88,"small_woody_stems","north","Acer_rubrum","1"
88,"small_woody_stems","north","Rhododendron_spp","1"
88,"small_woody_stems","north","Kalmia_latifolia","2"
88,"medium_woody_stems","north","Kalmia_latifolia","26"
88,"medium_woody_stems","north","Acer_rubrum","1"
88,"medium_woody_stems","north","Quercus_rubra","1"
88,"large_woody_stems","north","Quercus_rubra","4"
88,"large_woody_stems","north","Rhododendron_spp","1"
88,"large_woody_stems","north","Kalmia_latifolia","11"
88,"large_woody_stems","north","Hamamelis_virginiana","15"
88,"large_woody_stems","north","Sassafras_albidum","5"
88,"large_woody_stems","north","Acer_rubrum","6"
88,"large_woody_stems","north","Quercus_montana","2"
88,"medium_woody_stems","south","Kalmia_latifolia","1"
88,"medium_woody_stems","south","Quercus_rubra","1"
88,"medium_woody_stems","south","Rhododendron_spp","1"
88,"large_woody_stems","south","Hamamelis_virginiana","13"
88,"large_woody_stems","south","Kalmia_latifolia","1"
88,"large_woody_stems","south","Acer_rubrum","12"
88,"large_woody_stems","south","Sassafras_albidum","15"
88,"large_woody_stems","south","Castanea_dentata","1"
88,"large_woody_stems","south","Quercus_rubra","10"
88,"large_woody_stems","south","Amelanchier_spp","4"
88,"large_woody_stems","south","Quercus_alba","2"
88,"large_woody_stems","south","Rhododendron_spp","4"
88,"large_woody_stems","south","Quercus_montana","3"
89,"basalarea","none","Acer_rubrum","2"
89,"basalarea","none","Betula_lenta","2"
89,"basalarea","none","Magnolia_accuminata","1"
89,"basalarea","none","Sassafras_albidum","1"
89,"snag","none","snag","0"
89,"basalarea_edge","none","nodata","1"
89,"small_woody_stems","north","Kalmia_latifolia","9"
89,"small_woody_stems","north","Hamamelis_virginiana","3"
89,"small_woody_stems","north","Acer_rubrum","3"
89,"small_woody_stems","north","Quercus_rubra","1"
89,"small_woody_stems","north","Quercus_alba","1"
89,"small_woody_stems","north","Rhododendron_spp","2"
89,"small_woody_stems","north","Quercus_montana","1"
89,"small_woody_stems","north","Aronia_spp","1"
89,"medium_woody_stems","north","Kalmia_latifolia","2"
89,"medium_woody_stems","north","Quercus_rubra","1"
89,"medium_woody_stems","north","Betula_lenta","1"
89,"large_woody_stems","north","Hamamelis_virginiana","3"
89,"large_woody_stems","north","Betula_lenta","6"
89,"large_woody_stems","north","Acer_rubrum","2"
89,"large_woody_stems","north","Quercus_rubra","7"
89,"large_woody_stems","north","Sassafras_albidum","6"
89,"small_woody_stems","south","Kalmia_latifolia","20"
89,"small_woody_stems","south","Acer_rubrum","2"
89,"medium_woody_stems","south","Kalmia_latifolia","18"
89,"medium_woody_stems","south","Acer_rubrum","5"
89,"large_woody_stems","south","Sassafras_albidum","13"
89,"large_woody_stems","south","Acer_rubrum","8"
89,"large_woody_stems","south","Magnolia_accuminata","2"
89,"large_woody_stems","south","Hamamelis_virginiana","11"
89,"large_woody_stems","south","Betula_lenta","1"
89,"large_woody_stems","south","Quercus_montana","1"
89,"large_woody_stems","south","Amelanchier_spp","3"
89,"large_woody_stems","south","Devil's Walking Stick","1"
90,"basalarea","none","Tsuga_canadensis","3"
90,"basalarea","none","Quercus_rubra","1"
90,"basalarea","none","Acer_rubrum","3"
90,"basalarea","none","Quercus_alba","1"
90,"snag","none","snag","0"
90,"basalarea_edge","none","nodata","1"
90,"medium_woody_stems","north","Kalmia_latifolia","1"
90,"large_woody_stems","north","Tsuga_canadensis","5"
90,"large_woody_stems","north","Hamamelis_virginiana","1"
90,"medium_woody_stems","south","Amelanchier_spp","1"
90,"medium_woody_stems","south","Magnolia_accuminata","1"
90,"medium_woody_stems","south","Kalmia_latifolia","7"
90,"large_woody_stems","south","Acer_rubrum","3"
90,"large_woody_stems","south","Hamamelis_virginiana","7"
90,"large_woody_stems","south","Sassafras_albidum","5"
90,"large_woody_stems","south","Amelanchier_spp","1"
90,"large_woody_stems","south","Tsuga_canadensis","9"
90,"large_woody_stems","south","Quercus_alba","1"
90,"large_woody_stems","south","Kalmia_latifolia","3"
91,"basalarea","none","Quercus_rubra","5"
91,"basalarea","none","Acer_rubrum","2"
91,"basalarea","none","Quercus_alba","1"
91,"snag","none","snag","0"
91,"basalarea_edge","none","nodata","4"
91,"small_woody_stems","north","Crataegus_spp","3"
91,"small_woody_stems","north","Quercus_rubra","1"
91,"small_woody_stems","north","Sassafras_albidum","10"
91,"small_woody_stems","north","Acer_rubrum","1"
91,"medium_woody_stems","north","Prunus_serotina","1"
91,"medium_woody_stems","north","Sassafras_albidum","1"
91,"large_woody_stems","north","Amelanchier_spp","5"
91,"large_woody_stems","north","Prunus_serotina","1"
91,"large_woody_stems","north","Magnolia_accuminata","1"
91,"large_woody_stems","north","Sassafras_albidum","9"
91,"large_woody_stems","north","Quercus_alba","2"
91,"large_woody_stems","north","Quercus_rubra","2"
91,"large_woody_stems","north","Fraxinus_americana","1"
91,"small_woody_stems","south","Kalmia_latifolia","3"
91,"small_woody_stems","south","Castanea_dentata","1"
91,"small_woody_stems","south","Pinus_strobus","1"
91,"small_woody_stems","south","Magnolia_accuminata","1"
91,"small_woody_stems","south","Prunus_serotina","1"
91,"small_woody_stems","south","Sassafras_albidum","4"
91,"small_woody_stems","south","Acer_rubrum","1"
91,"small_woody_stems","south","Quercus_rubra","1"
91,"medium_woody_stems","south","Kalmia_latifolia","1"
91,"medium_woody_stems","south","Rhododendron_spp","3"
91,"medium_woody_stems","south","Prunus_serotina","1"
91,"medium_woody_stems","south","Amelanchier_spp","1"
91,"large_woody_stems","south","Magnolia_accuminata","1"
91,"large_woody_stems","south","Amelanchier_spp","4"
91,"large_woody_stems","south","Castanea_dentata","6"
91,"large_woody_stems","south","Kalmia_latifolia","2"
91,"large_woody_stems","south","Acer_rubrum","1"
91,"large_woody_stems","south","Sassafras_albidum","2"
91,"large_woody_stems","south","Hamamelis_virginiana","1"
91,"large_woody_stems","south","Quercus_rubra","2"
91,"large_woody_stems","south","Quercus_alba","3"
92,"basalarea","none","Quercus_rubra","2"
92,"basalarea","none","Acer_rubrum","1"
92,"snag","none","snag","0"
92,"basalarea_edge","none","nodata","4"
92,"large_woody_stems","north","Amelanchier_spp","5"
92,"large_woody_stems","north","Quercus_rubra","16"
92,"large_woody_stems","north","Hamamelis_virginiana","1"
92,"large_woody_stems","north","Quercus_alba","1"
92,"large_woody_stems","north","Acer_rubrum","4"
92,"large_woody_stems","north","Sassafras_albidum","3"
92,"small_woody_stems","south","Amelanchier_spp","1"
92,"medium_woody_stems","south","Acer_rubrum","1"
92,"large_woody_stems","south","Acer_rubrum","4"
92,"large_woody_stems","south","Prunus_serotina","1"
92,"large_woody_stems","south","Sassafras_albidum","2"
92,"large_woody_stems","south","Quercus_rubra","4"
92,"large_woody_stems","south","Amelanchier_spp","1"
92,"large_woody_stems","south","Quercus_alba","6"
92,"large_woody_stems","south","Betula_lenta","5"
93,"basalarea","none","Quercus_rubra","2"
93,"snag","none","snag","0"
93,"basalarea_edge","none","nodata","0"
93,"small_woody_stems","south","Quercus_rubra","2"
93,"medium_woody_stems","south","Quercus_rubra","2"
93,"large_woody_stems","south","Quercus_alba","4"
93,"large_woody_stems","south","Quercus_rubra","7"
93,"large_woody_stems","south","Amelanchier_spp","1"
93,"large_woody_stems","south","Betula_lenta","2"
94,"basalarea","none","Quercus_rubra","1"
94,"snag","none","snag","0"
94,"basalarea_edge","none","nodata","0"
94,"small_woody_stems","north","Castanea_dentata","1"
94,"small_woody_stems","north","Acer_rubrum","2"
94,"small_woody_stems","north","Quercus_rubra","2"
94,"medium_woody_stems","north","Rhododendron_spp","3"
94,"medium_woody_stems","north","Sassafras_albidum","2"
94,"medium_woody_stems","north","Quercus_alba","1"
94,"large_woody_stems","north","Prunus_serotina","1"
94,"large_woody_stems","north","Sassafras_albidum","6"
94,"large_woody_stems","north","Quercus_alba","5"
94,"large_woody_stems","north","Quercus_rubra","3"
94,"large_woody_stems","north","Acer_rubrum","8"
94,"large_woody_stems","north","Magnolia_accuminata","1"
94,"large_woody_stems","north","Hamamelis_virginiana","1"
94,"large_woody_stems","north","Castanea_dentata","5"
94,"large_woody_stems","north","Amelanchier_spp","1"
94,"small_woody_stems","south","Sassafras_albidum","2"
94,"medium_woody_stems","south","Acer_rubrum","1"
94,"large_woody_stems","south","Quercus_alba","1"
94,"large_woody_stems","south","Sassafras_albidum","5"
95,"basalarea","none","Betula_lenta","1"
95,"snag","none","snag","0"
95,"basalarea_edge","none","nodata","1"
95,"small_woody_stems","north","Acer_rubrum","3"
95,"small_woody_stems","north","Kalmia_latifolia","5"
95,"small_woody_stems","north","Quercus_alba","1"
95,"small_woody_stems","north","Rhododendron_spp","3"
95,"medium_woody_stems","north","Rhododendron_spp","2"
95,"medium_woody_stems","north","Kalmia_latifolia","11"
95,"medium_woody_stems","north","Vaccinium_stamineum","1"
95,"medium_woody_stems","north","Quercus_rubra","1"
95,"medium_woody_stems","north","Magnolia_accuminata","1"
95,"large_woody_stems","north","Kalmia_latifolia","3"
95,"large_woody_stems","north","Quercus_alba","1"
95,"large_woody_stems","north","Quercus_montana","1"
95,"large_woody_stems","north","Sassafras_albidum","5"
95,"large_woody_stems","north","Acer_rubrum","5"
95,"large_woody_stems","north","Hamamelis_virginiana","2"
95,"large_woody_stems","north","Amelanchier_spp","5"
95,"large_woody_stems","north","Quercus_rubra","7"
95,"small_woody_stems","south","Kalmia_latifolia","1"
95,"medium_woody_stems","south","Acer_rubrum","2"
95,"medium_woody_stems","south","Kalmia_latifolia","10"
95,"medium_woody_stems","south","Prunus_serotina","1"
95,"medium_woody_stems","south","Hamamelis_virginiana","2"
95,"large_woody_stems","south","Sassafras_albidum","5"
95,"large_woody_stems","south","Prunus_serotina","1"
95,"large_woody_stems","south","Hamamelis_virginiana","11"
95,"large_woody_stems","south","Acer_rubrum","2"
95,"large_woody_stems","south","Kalmia_latifolia","6"
95,"large_woody_stems","south","Betula_lenta","2"
95,"large_woody_stems","south","Quercus_rubra","1"
95,"large_woody_stems","south","Amelanchier_spp","1"
96,"basalarea","none","Quercus_alba","3"
96,"basalarea","none","Acer_rubrum","3"
96,"snag","none","snag","0"
96,"basalarea_edge","none","nodata","2"
96,"small_woody_stems","north","Quercus_alba","1"
96,"medium_woody_stems","north","Acer_rubrum","1"
96,"medium_woody_stems","north","Rhododendron_spp","2"
96,"medium_woody_stems","north","Kalmia_latifolia","10"
96,"medium_woody_stems","north","Amelanchier_spp","1"
96,"medium_woody_stems","north","Prunus_virginiana","1"
96,"medium_woody_stems","north","Sassafras_albidum","1"
96,"large_woody_stems","north","Rhododendron_spp","1"
96,"large_woody_stems","north","Sassafras_albidum","2"
96,"large_woody_stems","north","Quercus_alba","2"
96,"large_woody_stems","north","Hamamelis_virginiana","12"
96,"large_woody_stems","north","Prunus_virginiana","4"
96,"large_woody_stems","north","Acer_rubrum","4"
96,"large_woody_stems","north","Quercus_rubra","2"
96,"large_woody_stems","north","Kalmia_latifolia","1"
96,"small_woody_stems","south","Quercus_alba","1"
96,"small_woody_stems","south","Kalmia_latifolia","3"
96,"medium_woody_stems","south","Kalmia_latifolia","8"
96,"medium_woody_stems","south","Quercus_rubra","4"
96,"medium_woody_stems","south","Prunus_virginiana","1"
96,"large_woody_stems","south","Sassafras_albidum","11"
96,"large_woody_stems","south","Hamamelis_virginiana","3"
96,"large_woody_stems","south","Amelanchier_spp","2"
96,"large_woody_stems","south","Castanea_dentata","2"
96,"large_woody_stems","south","Quercus_alba","4"
96,"large_woody_stems","south","Prunus_virginiana","2"
96,"large_woody_stems","south","Quercus_rubra","6"
96,"large_woody_stems","south","Tsuga_canadensis","1"
96,"large_woody_stems","south","Kalmia_latifolia","1"
96,"large_woody_stems","south","Rhododendron_spp","1"
96,"large_woody_stems","south","Prunus_serotina","1"
96,"large_woody_stems","south","Magnolia_accuminata","1"
97,"basalarea","none","Betula_lenta","1"
97,"snag","none","snag","0"
97,"basalarea_edge","none","nodata","0"
97,"medium_woody_stems","north","Kalmia_latifolia","6"
97,"medium_woody_stems","north","Quercus_montana","2"
97,"medium_woody_stems","north","Amelanchier_spp","2"
97,"medium_woody_stems","north","Rhododendron_spp","1"
97,"large_woody_stems","north","Acer_rubrum","1"
97,"large_woody_stems","north","Quercus_montana","1"
97,"large_woody_stems","north","Quercus_alba","2"
97,"large_woody_stems","north","Quercus_rubra","1"
97,"large_woody_stems","north","Sassafras_albidum","10"
97,"large_woody_stems","north","Kalmia_latifolia","8"
97,"large_woody_stems","north","Magnolia_accuminata","1"
97,"large_woody_stems","north","Betula_lenta","2"
97,"large_woody_stems","north","Hamamelis_virginiana","4"
97,"small_woody_stems","south","Castanea_dentata","1"
97,"medium_woody_stems","south","Kalmia_latifolia","4"
97,"large_woody_stems","south","Acer_rubrum","18"
97,"large_woody_stems","south","Betula_lenta","4"
97,"large_woody_stems","south","Hamamelis_virginiana","10"
97,"large_woody_stems","south","Sassafras_albidum","6"
97,"large_woody_stems","south","Kalmia_latifolia","1"
97,"large_woody_stems","south","Quercus_rubra","2"
97,"large_woody_stems","south","Amelanchier_spp","2"
98,"snag","none","snag","0"
98,"basalarea_edge","none","nodata","0"
98,"small_woody_stems","south","Comptonia_peregrina","48"
98,"small_woody_stems","south","Vaccinium_spp","3"
98,"small_woody_stems","south","Hamamelis_virginiana","1"
98,"medium_woody_stems","south","Comptonia_peregrina","4"
98,"medium_woody_stems","south","Hamamelis_virginiana","4"
98,"large_woody_stems","south","Comptonia_peregrina","1"
98,"large_woody_stems","south","Hamamelis_virginiana","3"
99,"basalarea","none","Quercus_rubra","3"
99,"basalarea","none","Acer_rubrum","1"
99,"snag","none","snag","0"
99,"basalarea_edge","none","nodata","3"
99,"small_woody_stems","north","Kalmia_latifolia","8"
99,"small_woody_stems","north","Rhododendron_spp","1"
99,"small_woody_stems","north","Betula_lenta","1"
99,"small_woody_stems","north","Magnolia_accuminata","1"
99,"small_woody_stems","north","Acer_rubrum","3"
99,"medium_woody_stems","north","Kalmia_latifolia","3"
99,"medium_woody_stems","north","Betula_lenta","1"
99,"medium_woody_stems","north","Acer_rubrum","3"
99,"medium_woody_stems","north","Rhododendron_spp","1"
99,"large_woody_stems","north","Prunus_serotina","1"
99,"large_woody_stems","north","Sassafras_albidum","6"
99,"large_woody_stems","north","Acer_rubrum","17"
99,"large_woody_stems","north","Hamamelis_virginiana","4"
99,"large_woody_stems","north","Betula_lenta","2"
99,"large_woody_stems","north","Kalmia_latifolia","2"
99,"small_woody_stems","south","Rhododendron_spp","4"
99,"small_woody_stems","south","Kalmia_latifolia","19"
99,"small_woody_stems","south","Hamamelis_virginiana","1"
99,"small_woody_stems","south","Acer_rubrum","2"
99,"medium_woody_stems","south","Kalmia_latifolia","9"
99,"medium_woody_stems","south","Rhododendron_spp","1"
99,"medium_woody_stems","south","Acer_rubrum","1"
99,"large_woody_stems","south","Quercus_rubra","3"
99,"large_woody_stems","south","Hamamelis_virginiana","3"
99,"large_woody_stems","south","Amelanchier_spp","2"
99,"large_woody_stems","south","Sassafras_albidum","3"
99,"large_woody_stems","south","Prunus_serotina","1"
99,"large_woody_stems","south","Acer_rubrum","2"
99,"large_woody_stems","south","Betula_lenta","6"
99,"large_woody_stems","south","Kalmia_latifolia","4"
99,"large_woody_stems","south","Magnolia_accuminata","3"
100,"basalarea","none","Quercus_rubra","3"
100,"snag","none","snag","0"
100,"basalarea_edge","none","nodata","0"
100,"small_woody_stems","north","Quercus_rubra","2"
100,"small_woody_stems","north","Rhododendron_spp","4"
100,"small_woody_stems","north","Vaccinium_spp","37"
100,"small_woody_stems","north","Sassafras_albidum","7"
100,"small_woody_stems","north","Hamamelis_virginiana","2"
100,"small_woody_stems","north","Kalmia_latifolia","2"
100,"medium_woody_stems","north","Hamamelis_virginiana","3"
100,"medium_woody_stems","north","Quercus_rubra","2"
100,"medium_woody_stems","north","Rhododendron_spp","3"
100,"medium_woody_stems","north","Betula_lenta","1"
100,"large_woody_stems","north","Acer_rubrum","4"
100,"large_woody_stems","north","Prunus_serotina","1"
100,"large_woody_stems","north","Quercus_montana","1"
100,"large_woody_stems","north","Betula_lenta","5"
100,"large_woody_stems","north","Quercus_rubra","1"
100,"large_woody_stems","north","Sassafras_albidum","2"
100,"large_woody_stems","north","Castanea_dentata","1"
100,"small_woody_stems","south","Quercus_rubra","1"
100,"small_woody_stems","south","Sassafras_albidum","4"
100,"small_woody_stems","south","Rhododendron_spp","4"
100,"small_woody_stems","south","Kalmia_latifolia","2"
100,"small_woody_stems","south","Betula_lenta","1"
100,"small_woody_stems","south","Vaccinium_spp","4"
100,"medium_woody_stems","south","Quercus_rubra","4"
100,"medium_woody_stems","south","Kalmia_latifolia","13"
100,"medium_woody_stems","south","Acer_rubrum","1"
100,"large_woody_stems","south","Sassafras_albidum","1"
100,"large_woody_stems","south","Quercus_rubra","6"
100,"large_woody_stems","south","Quercus_montana","1"
100,"large_woody_stems","south","Kalmia_latifolia","9"
100,"large_woody_stems","south","Acer_rubrum","1"
101,"basalarea","none","Quercus_rubra","3"
101,"basalarea","none","Acer_rubrum","1"
101,"snag","none","snag","0"
101,"basalarea_edge","none","nodata","3"
101,"small_woody_stems","north","Kalmia_latifolia","8"
101,"small_woody_stems","north","Rhododendron_spp","1"
101,"small_woody_stems","north","Betula_lenta","1"
101,"small_woody_stems","north","Magnolia_accuminata","1"
101,"small_woody_stems","north","Acer_rubrum","3"
101,"medium_woody_stems","north","Kalmia_latifolia","3"
101,"medium_woody_stems","north","Betula_lenta","1"
101,"medium_woody_stems","north","Acer_rubrum","3"
101,"medium_woody_stems","north","Rhododendron_spp","1"
101,"large_woody_stems","north","Prunus_serotina","1"
101,"large_woody_stems","north","Sassafras_albidum","3"
101,"large_woody_stems","north","Acer_rubrum","17"
101,"large_woody_stems","north","Hamamelis_virginiana","4"
101,"large_woody_stems","north","Betula_lenta","2"
101,"large_woody_stems","north","Kalmia_latifolia","2"
101,"small_woody_stems","south","Rhododendron_spp","4"
101,"small_woody_stems","south","Kalmia_latifolia","19"
101,"small_woody_stems","south","Hamamelis_virginiana","1"
101,"small_woody_stems","south","Acer_rubrum","2"
101,"medium_woody_stems","south","Kalmia_latifolia","9"
101,"medium_woody_stems","south","Rhododendron_spp","1"
101,"medium_woody_stems","south","Acer_rubrum","1"
101,"large_woody_stems","south","Quercus_rubra","3"
101,"large_woody_stems","south","Hamamelis_virginiana","3"
101,"large_woody_stems","south","Amelanchier_spp","2"
101,"large_woody_stems","south","Sassafras_albidum","3"
101,"large_woody_stems","south","Prunus_serotina","1"
101,"large_woody_stems","south","Acer_rubrum","2"
101,"large_woody_stems","south","Betula_lenta","6"
101,"large_woody_stems","south","Kalmia_latifolia","4"
101,"large_woody_stems","south","Magnolia_accuminata","3"
102,"basalarea","none","Betula_alleghaniensis","4"
102,"basalarea","none","Tsuga_canadensis","9"
102,"basalarea","none","Quercus_rubra","1"
102,"snag","none","snag","0"
102,"basalarea_edge","none","nodata","7"
102,"large_woody_stems","north","Betula_alleghaniensis","2"
102,"large_woody_stems","north","Tsuga_canadensis","3"
102,"medium_woody_stems","south","Vaccinium_spp","2"
102,"large_woody_stems","south","Tsuga_canadensis","4"
102,"large_woody_stems","south","Acer_rubrum","3"
102,"large_woody_stems","south","Quercus_rubra","1"
102,"large_woody_stems","south","Ilex_montana","3"
103,"basalarea","none","Quercus_montana","1"
103,"basalarea","none","Betula_lenta","1"
103,"basalarea","none","Quercus_rubra","1"
103,"snag","none","snag","0"
103,"basalarea_edge","none","nodata","2"
103,"small_woody_stems","north","Quercus_rubra","1"
103,"small_woody_stems","north","Kalmia_latifolia","13"
103,"small_woody_stems","north","Rhododendron_spp","2"
103,"small_woody_stems","north","Acer_rubrum","1"
103,"medium_woody_stems","north","Quercus_montana","1"
103,"medium_woody_stems","north","Quercus_rubra","3"
103,"medium_woody_stems","north","Kalmia_latifolia","1"
103,"medium_woody_stems","north","Acer_rubrum","1"
103,"large_woody_stems","north","Betula_lenta","1"
103,"large_woody_stems","north","Kalmia_latifolia","1"
103,"large_woody_stems","north","Rhododendron_spp","2"
103,"large_woody_stems","north","Quercus_alba","6"
103,"large_woody_stems","north","Quercus_rubra","5"
103,"large_woody_stems","north","Sassafras_albidum","3"
103,"large_woody_stems","north","Hamamelis_virginiana","8"
103,"large_woody_stems","north","Acer_rubrum","2"
103,"large_woody_stems","north","Quercus_montana","3"
103,"large_woody_stems","north","Amelanchier_spp","2"
103,"small_woody_stems","south","Kalmia_latifolia","1"
103,"medium_woody_stems","south","Kalmia_latifolia","2"
103,"large_woody_stems","south","Hamamelis_virginiana","2"
103,"large_woody_stems","south","Amelanchier_spp","1"
103,"large_woody_stems","south","Betula_lenta","1"
103,"large_woody_stems","south","Quercus_rubra","3"
103,"large_woody_stems","south","Sassafras_albidum","3"
103,"large_woody_stems","south","Acer_rubrum","8"
103,"large_woody_stems","south","Kalmia_latifolia","5"
104,"basalarea","none","Castanea_dentata","1"
104,"basalarea","none","Quercus_alba","2"
104,"basalarea","none","Quercus_rubra","1"
104,"snag","none","snag","0"
104,"basalarea_edge","none","nodata","2"
104,"medium_woody_stems","north","Hamamelis_virginiana","1"
104,"medium_woody_stems","north","Acer_rubrum","1"
104,"large_woody_stems","north","Hamamelis_virginiana","15"
104,"large_woody_stems","north","Acer_rubrum","3"
104,"large_woody_stems","north","Sassafras_albidum","1"
104,"large_woody_stems","north","Quercus_rubra","1"
104,"large_woody_stems","north","Amelanchier_spp","1"
104,"small_woody_stems","south","Quercus_alba","1"
104,"medium_woody_stems","south","Quercus_alba","1"
104,"medium_woody_stems","south","Quercus_rubra","1"
104,"large_woody_stems","south","Quercus_rubra","2"
104,"large_woody_stems","south","Hamamelis_virginiana","7"
104,"large_woody_stems","south","Castanea_dentata","2"
104,"large_woody_stems","south","Quercus_alba","5"
104,"large_woody_stems","south","Acer_rubrum","3"
105,"basalarea","none","Quercus_alba","2"
105,"basalarea","none","Quercus_montana","1"
105,"snag","none","snag","0"
105,"basalarea_edge","none","nodata","0"
105,"small_woody_stems","north","Kalmia_latifolia","7"
105,"small_woody_stems","north","Rhododendron_spp","1"
105,"small_woody_stems","north","Acer_rubrum","1"
105,"medium_woody_stems","north","Quercus_rubra","1"
105,"medium_woody_stems","north","Hamamelis_virginiana","3"
105,"medium_woody_stems","north","Acer_rubrum","1"
105,"medium_woody_stems","north","Rhododendron_spp","3"
105,"medium_woody_stems","north","Kalmia_latifolia","1"
105,"medium_woody_stems","north","Quercus_alba","1"
105,"large_woody_stems","north","Hamamelis_virginiana","1"
105,"large_woody_stems","north","Sassafras_albidum","1"
105,"large_woody_stems","north","Quercus_alba","1"
105,"large_woody_stems","north","Quercus_rubra","3"
105,"large_woody_stems","north","Betula_lenta","2"
105,"large_woody_stems","north","Rhododendron_spp","2"
105,"large_woody_stems","north","Acer_rubrum","2"
105,"small_woody_stems","south","Kalmia_latifolia","4"
105,"medium_woody_stems","south","Kalmia_latifolia","2"
105,"large_woody_stems","south","Quercus_alba","2"
105,"large_woody_stems","south","Acer_rubrum","6"
105,"large_woody_stems","south","Quercus_rubra","2"
105,"large_woody_stems","south","Kalmia_latifolia","1"
105,"large_woody_stems","south","Hamamelis_virginiana","1"
105,"large_woody_stems","south","Sassafras_albidum","1"
105,"large_woody_stems","south","Betula_lenta","2"
105,"large_woody_stems","south","Magnolia_accuminata","1"
106,"basalarea","none","Amelanchier_spp","1"
106,"basalarea","none","Acer_rubrum","1"
106,"basalarea","none","Magnolia_accuminata","3"
106,"basalarea","none","Quercus_alba","2"
106,"basalarea","none","Tsuga_canadensis","2"
106,"snag","none","snag","0"
106,"basalarea_edge","none","nodata","2"
106,"large_woody_stems","north","Amelanchier_spp","6"
106,"large_woody_stems","north","Tsuga_canadensis","3"
106,"large_woody_stems","north","Quercus_alba","1"
106,"large_woody_stems","north","Sassafras_albidum","1"
106,"large_woody_stems","north","Magnolia_accuminata","1"
106,"small_woody_stems","south","Hamamelis_virginiana","1"
106,"medium_woody_stems","south","Rhododendron_spp","1"
106,"medium_woody_stems","south","Kalmia_latifolia","3"
106,"large_woody_stems","south","Tsuga_canadensis","2"
106,"large_woody_stems","south","Kalmia_latifolia","3"
107,"basalarea","none","Quercus_rubra","3"
107,"basalarea","none","Acer_rubrum","1"
107,"snag","none","snag","0"
107,"basalarea_edge","none","nodata","3"
107,"small_woody_stems","north","Kalmia_latifolia","8"
107,"small_woody_stems","north","Rhododendron_spp","1"
107,"small_woody_stems","north","Betula_lenta","1"
107,"small_woody_stems","north","Magnolia_accuminata","1"
107,"small_woody_stems","north","Acer_rubrum","2"
107,"medium_woody_stems","north","Kalmia_latifolia","3"
107,"medium_woody_stems","north","Rhododendron_spp","1"
107,"medium_woody_stems","north","Acer_rubrum","1"
107,"medium_woody_stems","north","Betula_lenta","1"
107,"large_woody_stems","north","Prunus_serotina","1"
107,"large_woody_stems","north","Acer_rubrum","17"
107,"large_woody_stems","north","Hamamelis_virginiana","4"
107,"large_woody_stems","north","Betula_lenta","2"
107,"large_woody_stems","north","Kalmia_latifolia","2"
107,"large_woody_stems","north","Sassafras_albidum","6"
107,"small_woody_stems","south","Rhododendron_spp","4"
107,"small_woody_stems","south","Kalmia_latifolia","19"
107,"small_woody_stems","south","Hamamelis_virginiana","1"
107,"small_woody_stems","south","Acer_rubrum","2"
107,"medium_woody_stems","south","Kalmia_latifolia","9"
107,"medium_woody_stems","south","Rhododendron_spp","1"
107,"medium_woody_stems","south","Acer_rubrum","1"
107,"large_woody_stems","south","Quercus_rubra","3"
107,"large_woody_stems","south","Hamamelis_virginiana","3"
107,"large_woody_stems","south","Amelanchier_spp","2"
107,"large_woody_stems","south","Sassafras_albidum","3"
107,"large_woody_stems","south","Prunus_serotina","1"
107,"large_woody_stems","south","Acer_rubrum","2"
107,"large_woody_stems","south","Betula_lenta","6"
107,"large_woody_stems","south","Kalmia_latifolia","4"
107,"large_woody_stems","south","Magnolia_accuminata","3"
108,"basalarea","none","Magnolia_accuminata","1"
108,"basalarea","none","Quercus_montana","1"
108,"basalarea","none","Quercus_rubra","1"
108,"snag","none","snag","0"
108,"basalarea_edge","none","nodata","2"
108,"small_woody_stems","north","Amelanchier_spp","2"
108,"medium_woody_stems","north","Kalmia_latifolia","1"
108,"medium_woody_stems","north","Acer_rubrum","2"
108,"large_woody_stems","north","Magnolia_accuminata","1"
108,"large_woody_stems","north","Sassafras_albidum","8"
108,"large_woody_stems","north","Hamamelis_virginiana","4"
108,"large_woody_stems","north","Quercus_rubra","1"
108,"large_woody_stems","north","Betula_lenta","1"
108,"large_woody_stems","north","Acer_rubrum","1"
108,"small_woody_stems","south","Rhododendron_spp","5"
108,"medium_woody_stems","south","Kalmia_latifolia","6"
108,"medium_woody_stems","south","Acer_rubrum","1"
108,"medium_woody_stems","south","Quercus_rubra","2"
108,"medium_woody_stems","south","Rhododendron_spp","4"
108,"medium_woody_stems","south","Quercus_montana","1"
108,"large_woody_stems","south","Quercus_montana","6"
108,"large_woody_stems","south","Rhododendron_spp","1"
108,"large_woody_stems","south","Sassafras_albidum","4"
108,"large_woody_stems","south","Quercus_rubra","3"
108,"large_woody_stems","south","Betula_lenta","1"
108,"large_woody_stems","south","Acer_rubrum","1"
109,"basalarea","none","Quercus_rubra","1"
109,"basalarea","none","Quercus_montana","1"
109,"snag","none","snag","0"
109,"basalarea_edge","none","nodata","0"
109,"small_woody_stems","north","Acer_rubrum","3"
109,"small_woody_stems","north","Hamamelis_virginiana","1"
109,"small_woody_stems","north","Castanea_dentata","1"
109,"small_woody_stems","north","Quercus_rubra","2"
109,"small_woody_stems","north","Kalmia_latifolia","3"
109,"medium_woody_stems","north","Hamamelis_virginiana","8"
109,"medium_woody_stems","north","Castanea_dentata","2"
109,"medium_woody_stems","north","Kalmia_latifolia","18"
109,"large_woody_stems","north","Quercus_rubra","1"
109,"large_woody_stems","north","Acer_rubrum","9"
109,"large_woody_stems","north","Hamamelis_virginiana","24"
109,"large_woody_stems","north","Sassafras_albidum","8"
109,"large_woody_stems","north","Amelanchier_spp","3"
109,"large_woody_stems","north","Betula_lenta","1"
109,"small_woody_stems","south","Kalmia_latifolia","14"
109,"small_woody_stems","south","Hamamelis_virginiana","3"
109,"small_woody_stems","south","Acer_rubrum","4"
109,"medium_woody_stems","south","Hamamelis_virginiana","6"
109,"medium_woody_stems","south","Kalmia_latifolia","10"
109,"medium_woody_stems","south","Sassafras_albidum","1"
109,"medium_woody_stems","south","Acer_rubrum","4"
109,"large_woody_stems","south","Amelanchier_spp","2"
109,"large_woody_stems","south","Quercus_rubra","2"
109,"large_woody_stems","south","Hamamelis_virginiana","19"
109,"large_woody_stems","south","Sassafras_albidum","3"
109,"large_woody_stems","south","Prunus_serotina","1"
109,"large_woody_stems","south","Betula_lenta","1"
109,"large_woody_stems","south","Acer_rubrum","3"
110,"basalarea","none","Acer_rubrum","3"
110,"basalarea","none","Prunus_serotina","2"
110,"basalarea","none","Amelanchier_spp","1"
110,"basalarea","none","Quercus_rubra","2"
110,"snag","none","snag","0"
110,"basalarea_edge","none","nodata","4"
110,"medium_woody_stems","north","Amelanchier_spp","1"
110,"large_woody_stems","north","Amelanchier_spp","1"
110,"large_woody_stems","north","Carya_spp","1"
110,"large_woody_stems","north","Acer_rubrum","1"
110,"large_woody_stems","south","Acer_rubrum","3"
110,"large_woody_stems","south","Prunus_serotina","1"
111,"basalarea","none","Quercus_alba","3"
111,"basalarea","none","Prunus_serotina","1"
111,"snag","none","snag","0"
111,"basalarea_edge","none","nodata","2"
111,"small_woody_stems","north","Hamamelis_virginiana","1"
111,"small_woody_stems","north","Rhododendron_spp","1"
111,"medium_woody_stems","north","Rhododendron_spp","1"
111,"large_woody_stems","north","Quercus_rubra","3"
111,"large_woody_stems","north","Betula_lenta","1"
111,"large_woody_stems","north","Quercus_alba","3"
111,"large_woody_stems","north","Hamamelis_virginiana","4"
111,"large_woody_stems","north","Rhododendron_spp","1"
111,"small_woody_stems","south","Prunus_serotina","1"
111,"small_woody_stems","south","Hamamelis_virginiana","1"
111,"medium_woody_stems","south","Aronia_spp","2"
111,"large_woody_stems","south","Aronia_spp","2"
111,"large_woody_stems","south","Magnolia_accuminata","3"
111,"large_woody_stems","south","Quercus_rubra","2"
112,"basalarea","none","Betula_lenta","1"
112,"snag","none","snag","0"
112,"basalarea_edge","none","nodata","0"
112,"small_woody_stems","north","Amelanchier_spp","3"
112,"small_woody_stems","north","Quercus_rubra","1"
112,"small_woody_stems","north","Gaylussacia_spp","1"
112,"small_woody_stems","north","Acer_rubrum","6"
112,"small_woody_stems","north","Sassafras_albidum","1"
112,"small_woody_stems","north","Crataegus_spp","1"
112,"medium_woody_stems","north","Amelanchier_spp","3"
112,"medium_woody_stems","north","Prunus_virginiana","1"
112,"medium_woody_stems","north","Acer_rubrum","1"
112,"medium_woody_stems","north","Quercus_alba","1"
112,"large_woody_stems","north","Prunus_serotina","3"
112,"large_woody_stems","north","Acer_rubrum","12"
112,"large_woody_stems","north","Quercus_alba","2"
112,"large_woody_stems","north","Amelanchier_spp","2"
112,"large_woody_stems","north","Quercus_rubra","4"
112,"large_woody_stems","north","Sassafras_albidum","6"
112,"small_woody_stems","south","Acer_rubrum","6"
112,"small_woody_stems","south","Quercus_rubra","1"
112,"medium_woody_stems","south","Quercus_alba","1"
112,"medium_woody_stems","south","Acer_rubrum","2"
112,"medium_woody_stems","south","Rhododendron_spp","4"
112,"large_woody_stems","south","Amelanchier_spp","4"
112,"large_woody_stems","south","Quercus_rubra","6"
112,"large_woody_stems","south","Acer_rubrum","9"
112,"large_woody_stems","south","Betula_lenta","1"
112,"large_woody_stems","south","Quercus_alba","8"
112,"large_woody_stems","south","Sassafras_albidum","2"
112,"large_woody_stems","south","Rhododendron_spp","1"
113,"basalarea","none","Quercus_alba","1"
113,"basalarea","none","Quercus_rubra","2"
113,"snag","none","snag","0"
113,"basalarea_edge","none","nodata","0"
113,"small_woody_stems","north","Rhododendron_spp","3"
113,"small_woody_stems","north","Quercus_alba","2"
113,"medium_woody_stems","north","Quercus_alba","2"
113,"medium_woody_stems","north","Rhododendron_spp","3"
113,"medium_woody_stems","north","Acer_rubrum","3"
113,"medium_woody_stems","north","Amelanchier_spp","1"
113,"large_woody_stems","north","Magnolia_accuminata","1"
113,"large_woody_stems","north","Castanea_dentata","4"
113,"large_woody_stems","north","Rhododendron_spp","2"
113,"large_woody_stems","north","Acer_rubrum","5"
113,"large_woody_stems","north","Quercus_alba","5"
113,"large_woody_stems","north","Quercus_rubra","12"
113,"large_woody_stems","north","Amelanchier_spp","4"
113,"large_woody_stems","north","Prunus_serotina","3"
113,"small_woody_stems","south","Quercus_alba","2"
113,"small_woody_stems","south","Acer_rubrum","1"
113,"medium_woody_stems","south","Acer_rubrum","7"
113,"medium_woody_stems","south","Quercus_rubra","4"
113,"medium_woody_stems","south","Amelanchier_spp","3"
113,"large_woody_stems","south","Acer_rubrum","6"
113,"large_woody_stems","south","Quercus_alba","1"
113,"large_woody_stems","south","Amelanchier_spp","7"
113,"large_woody_stems","south","Quercus_rubra","6"
113,"large_woody_stems","south","Sassafras_albidum","1"
114,"basalarea","none","Quercus_montana","1"
114,"basalarea","none","Quercus_alba","1"
114,"basalarea","none","Quercus_rubra","3"
114,"snag","none","snag","0"
114,"basalarea_edge","none","nodata","0"
114,"small_woody_stems","north","Quercus_rubra","2"
114,"small_woody_stems","north","Sassafras_albidum","1"
114,"medium_woody_stems","north","Castanea_dentata","1"
114,"medium_woody_stems","north","Quercus_rubra","2"
114,"medium_woody_stems","north","Rhododendron_spp","3"
114,"large_woody_stems","north","Hamamelis_virginiana","3"
114,"large_woody_stems","north","Sassafras_albidum","6"
114,"large_woody_stems","north","Quercus_rubra","4"
114,"large_woody_stems","north","Quercus_alba","3"
114,"large_woody_stems","north","Rhododendron_spp","2"
114,"large_woody_stems","north","Betula_lenta","1"
114,"small_woody_stems","south","Quercus_alba","5"
114,"small_woody_stems","south","Rhododendron_spp","4"
114,"small_woody_stems","south","Quercus_rubra","1"
114,"small_woody_stems","south","Kalmia_latifolia","4"
114,"medium_woody_stems","south","Rhododendron_spp","4"
114,"medium_woody_stems","south","Quercus_alba","6"
114,"medium_woody_stems","south","Quercus_rubra","1"
114,"medium_woody_stems","south","Sassafras_albidum","2"
114,"large_woody_stems","south","Quercus_rubra","1"
114,"large_woody_stems","south","Quercus_alba","2"
114,"large_woody_stems","south","Sassafras_albidum","1"
115,"basalarea","none","Acer_rubrum","2"
115,"basalarea","none","Quercus_montana","2"
115,"basalarea","none","Quercus_rubra","1"
115,"basalarea","none","Sassafras_albidum","1"
115,"snag","none","snag","0"
115,"basalarea_edge","none","nodata","3"
115,"large_woody_stems","north","Hamamelis_virginiana","1"
115,"small_woody_stems","south","Hamamelis_virginiana","1"
115,"medium_woody_stems","south","Hamamelis_virginiana","1"
115,"large_woody_stems","south","Quercus_montana","2"
115,"large_woody_stems","south","Hamamelis_virginiana","8"
116,"basalarea","none","Quercus_montana","1"
116,"basalarea","none","Quercus_alba","1"
116,"basalarea","none","Quercus_rubra","3"
116,"snag","none","snag","0"
116,"basalarea_edge","none","nodata","0"
116,"small_woody_stems","north","Quercus_rubra","2"
116,"small_woody_stems","north","Sassafras_albidum","1"
116,"medium_woody_stems","north","Castanea_dentata","1"
116,"medium_woody_stems","north","Quercus_rubra","2"
116,"medium_woody_stems","north","Rhododendron_spp","3"
116,"large_woody_stems","north","Hamamelis_virginiana","3"
116,"large_woody_stems","north","Sassafras_albidum","6"
116,"large_woody_stems","north","Quercus_alba","3"
116,"large_woody_stems","north","Quercus_rubra","4"
116,"large_woody_stems","north","Rhododendron_spp","1"
116,"large_woody_stems","north","Betula_lenta","1"
116,"small_woody_stems","south","Quercus_alba","5"
116,"small_woody_stems","south","Rhododendron_spp","4"
116,"small_woody_stems","south","Quercus_rubra","1"
116,"small_woody_stems","south","Kalmia_latifolia","4"
116,"medium_woody_stems","south","Rhododendron_spp","4"
116,"medium_woody_stems","south","Quercus_alba","6"
116,"medium_woody_stems","south","Quercus_rubra","1"
116,"medium_woody_stems","south","Sassafras_albidum","2"
116,"large_woody_stems","south","Quercus_rubra","1"
116,"large_woody_stems","south","Quercus_alba","2"
116,"large_woody_stems","south","Sassafras_albidum","1"
117,"basalarea","none","Acer_rubrum","7"
117,"basalarea","none","Prunus_serotina","1"
117,"basalarea","none","Carya_spp","1"
117,"snag","none","snag","0"
117,"basalarea_edge","none","nodata","5"
117,"small_woody_stems","north","Sassafras_albidum","4"
117,"small_woody_stems","north","Hamamelis_virginiana","1"
117,"medium_woody_stems","north","Quercus_rubra","1"
117,"medium_woody_stems","north","Acer_rubrum","2"
117,"large_woody_stems","north","Castanea_dentata","1"
117,"large_woody_stems","north","Hamamelis_virginiana","1"
117,"large_woody_stems","north","Quercus_rubra","1"
117,"large_woody_stems","north","Betula_lenta","1"
117,"large_woody_stems","north","Acer_rubrum","2"
117,"large_woody_stems","north","Magnolia_accuminata","1"
117,"small_woody_stems","south","Quercus_rubra","1"
117,"small_woody_stems","south","Magnolia_accuminata","1"
117,"medium_woody_stems","south","Quercus_rubra","1"
117,"medium_woody_stems","south","Hamamelis_virginiana","1"
117,"large_woody_stems","south","Acer_rubrum","2"
117,"large_woody_stems","south","Sassafras_albidum","1"
118,"basalarea","none","Quercus_alba","3"
118,"snag","none","snag","0"
118,"basalarea_edge","none","nodata","0"
118,"small_woody_stems","north","Carya_spp","1"
118,"small_woody_stems","north","Quercus_montana","1"
118,"medium_woody_stems","north","Amelanchier_spp","1"
118,"medium_woody_stems","north","Rhododendron_spp","1"
118,"large_woody_stems","north","Quercus_montana","6"
118,"large_woody_stems","north","Sassafras_albidum","5"
118,"large_woody_stems","north","Quercus_alba","4"
118,"large_woody_stems","north","Quercus_rubra","6"
118,"large_woody_stems","north","Acer_rubrum","4"
118,"large_woody_stems","north","Hamamelis_virginiana","3"
118,"large_woody_stems","north","Amelanchier_spp","2"
118,"small_woody_stems","south","Castanea_dentata","3"
118,"small_woody_stems","south","Sassafras_albidum","1"
118,"medium_woody_stems","south","Hamamelis_virginiana","1"
118,"medium_woody_stems","south","Amelanchier_spp","1"
118,"medium_woody_stems","south","Rhododendron_spp","6"
118,"medium_woody_stems","south","Quercus_rubra","1"
118,"medium_woody_stems","south","Castanea_dentata","1"
118,"large_woody_stems","south","Quercus_rubra","8"
118,"large_woody_stems","south","Amelanchier_spp","2"
118,"large_woody_stems","south","Sassafras_albidum","5"
118,"large_woody_stems","south","Hamamelis_virginiana","1"
119,"basalarea","none","Prunus_serotina","3"
119,"snag","none","snag","0"
119,"basalarea_edge","none","nodata","4"
119,"medium_woody_stems","north","Hamamelis_virginiana","1"
119,"medium_woody_stems","north","Quercus_montana","1"
119,"large_woody_stems","north","Quercus_montana","2"
119,"large_woody_stems","north","Hamamelis_virginiana","12"
119,"large_woody_stems","north","Sassafras_albidum","1"
119,"large_woody_stems","north","Quercus_rubra","5"
119,"large_woody_stems","north","Betula_lenta","1"
119,"medium_woody_stems","south","Acer_rubrum","1"
119,"medium_woody_stems","south","Hamamelis_virginiana","1"
119,"large_woody_stems","south","Prunus_serotina","1"
119,"large_woody_stems","south","Acer_rubrum","3"
119,"large_woody_stems","south","Hamamelis_virginiana","8"
119,"large_woody_stems","south","Quercus_montana","3"
119,"large_woody_stems","south","Quercus_rubra","3"
119,"large_woody_stems","south","Prunus_serotina","1"
119,"large_woody_stems","south","Sassafras_albidum","2"
119,"large_woody_stems","south","Quercus_alba","1"
120,"basalarea","none","Quercus_alba","2"
120,"basalarea","none","Quercus_montana","1"
120,"snag","none","snag","0"
120,"basalarea_edge","none","nodata","0"
120,"small_woody_stems","north","Kalmia_latifolia","7"
120,"small_woody_stems","north","Rhododendron_spp","1"
120,"small_woody_stems","north","Acer_rubrum","1"
120,"medium_woody_stems","north","Quercus_rubra","1"
120,"medium_woody_stems","north","Quercus_alba","1"
120,"medium_woody_stems","north","Hamamelis_virginiana","3"
120,"medium_woody_stems","north","Acer_rubrum","1"
120,"medium_woody_stems","north","Rhododendron_spp","2"
120,"medium_woody_stems","north","Kalmia_latifolia","1"
120,"large_woody_stems","north","Sassafras_albidum","1"
120,"large_woody_stems","north","Hamamelis_virginiana","1"
120,"large_woody_stems","north","Quercus_alba","1"
120,"large_woody_stems","north","Quercus_rubra","3"
120,"large_woody_stems","north","Betula_lenta","2"
120,"large_woody_stems","north","Rhododendron_spp","2"
120,"large_woody_stems","north","Acer_rubrum","2"
120,"small_woody_stems","south","Kalmia_latifolia","4"
120,"medium_woody_stems","south","Kalmia_latifolia","2"
120,"large_woody_stems","south","Quercus_alba","2"
120,"large_woody_stems","south","Acer_rubrum","6"
120,"large_woody_stems","south","Quercus_rubra","2"
120,"large_woody_stems","south","Kalmia_latifolia","1"
120,"large_woody_stems","south","Hamamelis_virginiana","1"
120,"large_woody_stems","south","Sassafras_albidum","1"
120,"large_woody_stems","south","Betula_lenta","1"
120,"large_woody_stems","south","Magnolia_accuminata","1"
121,"snag","none","snag","0"
121,"basalarea_edge","none","nodata","0"
121,"small_woody_stems","north","Kalmia_latifolia","37"
121,"small_woody_stems","north","Sassafras_albidum","1"
121,"small_woody_stems","north","Hamamelis_virginiana","1"
121,"small_woody_stems","north","Magnolia_accuminata","1"
121,"small_woody_stems","north","Rhododendron_spp","1"
121,"medium_woody_stems","north","Amelanchier_spp","1"
121,"medium_woody_stems","north","Hamamelis_virginiana","1"
121,"medium_woody_stems","north","Kalmia_latifolia","12"
121,"medium_woody_stems","north","Magnolia_accuminata","1"
121,"large_woody_stems","north","Magnolia_accuminata","2"
121,"large_woody_stems","north","Amelanchier_spp","1"
121,"large_woody_stems","north","Hamamelis_virginiana","3"
121,"large_woody_stems","north","Castanea_dentata","2"
121,"small_woody_stems","south","Prunus_serotina","1"
121,"small_woody_stems","south","Kalmia_latifolia","6"
121,"small_woody_stems","south","Acer_rubrum","2"
121,"medium_woody_stems","south","Magnolia_accuminata","1"
121,"medium_woody_stems","south","Kalmia_latifolia","6"
121,"medium_woody_stems","south","Quercus_alba","1"
121,"medium_woody_stems","south","Sassafras_albidum","1"
121,"large_woody_stems","south","Hamamelis_virginiana","11"
121,"large_woody_stems","south","Prunus_serotina","2"
121,"large_woody_stems","south","Acer_rubrum","1"
121,"large_woody_stems","south","Amelanchier_spp","2"
121,"large_woody_stems","south","Quercus_alba","2"
121,"large_woody_stems","south","Quercus_rubra","2"
121,"large_woody_stems","south","Magnolia_accuminata","4"
121,"large_woody_stems","south","Kalmia_latifolia","3"
122,"basalarea","none","Quercus_rubra","3"
122,"basalarea","none","Acer_rubrum","1"
122,"snag","none","snag","0"
122,"basalarea_edge","none","nodata","3"
122,"small_woody_stems","north","Kalmia_latifolia","8"
122,"small_woody_stems","north","Rhododendron_spp","1"
122,"small_woody_stems","north","Betula_lenta","1"
122,"small_woody_stems","north","Magnolia_accuminata","1"
122,"small_woody_stems","north","Acer_rubrum","3"
122,"medium_woody_stems","north","Kalmia_latifolia","3"
122,"medium_woody_stems","north","Betula_lenta","1"
122,"medium_woody_stems","north","Acer_rubrum","3"
122,"medium_woody_stems","north","Rhododendron_spp","1"
122,"large_woody_stems","north","Prunus_serotina","1"
122,"large_woody_stems","north","Sassafras_albidum","6"
122,"large_woody_stems","north","Acer_rubrum","17"
122,"large_woody_stems","north","Hamamelis_virginiana","4"
122,"large_woody_stems","north","Betula_lenta","2"
122,"large_woody_stems","north","Kalmia_latifolia","2"
122,"small_woody_stems","south","Rhododendron_spp","4"
122,"small_woody_stems","south","Kalmia_latifolia","19"
122,"small_woody_stems","south","Hamamelis_virginiana","1"
122,"small_woody_stems","south","Acer_rubrum","2"
122,"medium_woody_stems","south","Kalmia_latifolia","9"
122,"medium_woody_stems","south","Rhododendron_spp","1"
122,"medium_woody_stems","south","Acer_rubrum","1"
122,"large_woody_stems","south","Quercus_rubra","3"
122,"large_woody_stems","south","Hamamelis_virginiana","3"
122,"large_woody_stems","south","Amelanchier_spp","2"
122,"large_woody_stems","south","Sassafras_albidum","3"
122,"large_woody_stems","south","Prunus_serotina","1"
122,"large_woody_stems","south","Acer_rubrum","2"
122,"large_woody_stems","south","Betula_lenta","6"
122,"large_woody_stems","south","Kalmia_latifolia","4"
122,"large_woody_stems","south","Magnolia_accuminata","3"
123,"basalarea","none","Betula_lenta","1"
123,"basalarea","none","Quercus_rubra","1"
123,"basalarea","none","Quercus_montana","1"
123,"snag","none","snag","0"
123,"basalarea_edge","none","nodata","1"
123,"small_woody_stems","north","Quercus_rubra","1"
123,"small_woody_stems","north","Kalmia_latifolia","6"
123,"small_woody_stems","north","Quercus_montana","2"
123,"small_woody_stems","north","Hamamelis_virginiana","1"
123,"small_woody_stems","north","Acer_rubrum","2"
123,"medium_woody_stems","north","Kalmia_latifolia","4"
123,"medium_woody_stems","north","Amelanchier_spp","1"
123,"large_woody_stems","north","Quercus_montana","1"
123,"large_woody_stems","north","Hamamelis_virginiana","2"
123,"large_woody_stems","north","Sassafras_albidum","2"
123,"large_woody_stems","north","Cuccumber tree","1"
123,"large_woody_stems","north","Amelanchier_spp","2"
123,"large_woody_stems","north","Acer_rubrum","1"
123,"large_woody_stems","north","Betula_lenta","3"
123,"large_woody_stems","north","Quercus_alba","2"
123,"large_woody_stems","north","Quercus_rubra","3"
123,"small_woody_stems","south","Kalmia_latifolia","1"
123,"medium_woody_stems","south","Sassafras_albidum","1"
123,"medium_woody_stems","south","Kalmia_latifolia","4"
123,"large_woody_stems","south","Betula_lenta","2"
123,"large_woody_stems","south","Hamamelis_virginiana","1"
123,"large_woody_stems","south","Quercus_rubra","3"
123,"large_woody_stems","south","Quercus_alba","1"
123,"large_woody_stems","south","Castanea_dentata","1"
123,"large_woody_stems","south","Magnolia_spp","1"
123,"large_woody_stems","south","Kalmia_latifolia","5"
123,"large_woody_stems","south","Sassafras_albidum","1"
123,"large_woody_stems","south","Quercus_montana","1"
123,"large_woody_stems","south","Amelanchier_spp","1"
124,"basalarea","none","Betula_lenta","1"
124,"basalarea","none","Quercus_montana","1"
124,"snag","none","snag","0"
124,"basalarea_edge","none","nodata","1"
124,"medium_woody_stems","north","Acer_rubrum","1"
124,"medium_woody_stems","north","Amelanchier_spp","2"
124,"medium_woody_stems","north","Kalmia_latifolia","5"
124,"large_woody_stems","north","Betula_lenta","1"
124,"large_woody_stems","north","Prunus_serotina","1"
124,"large_woody_stems","north","Hamamelis_virginiana","15"
124,"large_woody_stems","north","Acer_rubrum","13"
124,"large_woody_stems","north","Sassafras_albidum","2"
124,"large_woody_stems","north","Quercus_rubra","2"
124,"large_woody_stems","north","Amelanchier_spp","6"
124,"small_woody_stems","south","Quercus_rubra","1"
124,"small_woody_stems","south","Gaylussacia_spp","6"
124,"small_woody_stems","south","Acer_rubrum","3"
124,"medium_woody_stems","south","Kalmia_latifolia","9"
124,"medium_woody_stems","south","Acer_rubrum","3"
124,"medium_woody_stems","south","Amelanchier_spp","1"
124,"medium_woody_stems","south","Gaylussacia_spp","12"
124,"medium_woody_stems","south","Quercus_rubra","1"
124,"large_woody_stems","south","Hamamelis_virginiana","17"
124,"large_woody_stems","south","Amelanchier_spp","5"
124,"large_woody_stems","south","Magnolia_accuminata","2"
124,"large_woody_stems","south","Acer_rubrum","8"
124,"large_woody_stems","south","Quercus_rubra","1"
124,"large_woody_stems","south","Betula_lenta","3"
124,"large_woody_stems","south","Prunus_serotina","2"
124,"large_woody_stems","south","Sassafras_albidum","2"
125,"basalarea","none","Quercus_montana","1"
125,"basalarea","none","Quercus_rubra","1"
125,"snag","none","snag","0"
125,"basalarea_edge","none","nodata","0"
125,"small_woody_stems","north","Sassafras_albidum","1"
125,"small_woody_stems","north","Quercus_rubra","2"
125,"small_woody_stems","north","Acer_rubrum","5"
125,"small_woody_stems","north","Kalmia_latifolia","9"
125,"small_woody_stems","north","Hamamelis_virginiana","1"
125,"medium_woody_stems","north","Hamamelis_virginiana","1"
125,"medium_woody_stems","north","Kalmia_latifolia","15"
125,"medium_woody_stems","north","Quercus_rubra","4"
125,"medium_woody_stems","north","Gaylussacia_spp","2"
125,"medium_woody_stems","north","Quercus_alba","1"
125,"medium_woody_stems","north","Sassafras_albidum","2"
125,"large_woody_stems","north","Castanea_dentata","1"
125,"large_woody_stems","north","Acer_rubrum","4"
125,"large_woody_stems","north","Quercus_rubra","3"
125,"large_woody_stems","north","Hamamelis_virginiana","5"
125,"large_woody_stems","north","Amelanchier_spp","4"
125,"large_woody_stems","north","Sassafras_albidum","6"
125,"large_woody_stems","north","Kalmia_latifolia","5"
125,"large_woody_stems","north","Quercus_alba","1"
125,"small_woody_stems","south","Gaylussacia_spp","4"
125,"small_woody_stems","south","Kalmia_latifolia","3"
125,"small_woody_stems","south","Quercus_montana","1"
125,"small_woody_stems","south","Acer_rubrum","1"
125,"medium_woody_stems","south","Gaylussacia_spp","5"
125,"medium_woody_stems","south","Kalmia_latifolia","14"
125,"medium_woody_stems","south","Hamamelis_virginiana","1"
125,"medium_woody_stems","south","Rhododendron_spp","1"
125,"medium_woody_stems","south","Sassafras_albidum","1"
125,"medium_woody_stems","south","Acer_rubrum","1"
125,"large_woody_stems","south","Acer_rubrum","4"
125,"large_woody_stems","south","Quercus_rubra","7"
125,"large_woody_stems","south","Hamamelis_virginiana","2"
125,"large_woody_stems","south","Prunus_serotina","3"
125,"large_woody_stems","south","Kalmia_latifolia","19"
125,"large_woody_stems","south","Sassafras_albidum","5"
125,"large_woody_stems","south","Quercus_montana","5"
126,"basalarea","none","Quercus_montana","2"
126,"basalarea","none","Betula_lenta","1"
126,"snag","none","snag","0"
126,"basalarea_edge","none","nodata","1"
126,"small_woody_stems","north","Kalmia_latifolia","4"
126,"medium_woody_stems","north","Kalmia_latifolia","1"
126,"medium_woody_stems","north","Quercus_montana","1"
126,"large_woody_stems","north","Amelanchier_spp","2"
126,"large_woody_stems","north","Kalmia_latifolia","18"
126,"large_woody_stems","north","Sassafras_albidum","8"
126,"large_woody_stems","north","Acer_rubrum","5"
126,"large_woody_stems","north","Hamamelis_virginiana","9"
126,"large_woody_stems","north","Quercus_rubra","1"
126,"large_woody_stems","north","Betula_lenta","2"
126,"small_woody_stems","south","Kalmia_latifolia","2"
126,"medium_woody_stems","south","Quercus_rubra","1"
126,"medium_woody_stems","south","Kalmia_latifolia","12"
126,"medium_woody_stems","south","Acer_rubrum","2"
126,"medium_woody_stems","south","Hamamelis_virginiana","2"
126,"medium_woody_stems","south","Rhododendron_spp","2"
126,"large_woody_stems","south","Sassafras_albidum","9"
126,"large_woody_stems","south","Betula_lenta","1"
126,"large_woody_stems","south","Kalmia_latifolia","8"
126,"large_woody_stems","south","Hamamelis_virginiana","14"
126,"large_woody_stems","south","Acer_rubrum","3"
126,"large_woody_stems","south","Quercus_rubra","4"
126,"large_woody_stems","south","Quercus_montana","1"
126,"large_woody_stems","south","Amelanchier_spp","1"
126,"large_woody_stems","south","Nyssa_sylvatica","1"
127,"basalarea","none","Acer_rubrum","1"
127,"snag","none","snag","0"
127,"basalarea_edge","none","nodata","0"
127,"large_woody_stems","north","Quercus_alba","7"
127,"large_woody_stems","north","Amelanchier_spp","2"
127,"large_woody_stems","north","Betula_lenta","1"
127,"large_woody_stems","north","Prunus_serotina","3"
127,"large_woody_stems","north","Hamamelis_virginiana","3"
127,"large_woody_stems","north","Quercus_rubra","3"
127,"large_woody_stems","north","Sassafras_albidum","1"
127,"large_woody_stems","north","Acer_rubrum","1"
127,"medium_woody_stems","south","Quercus_rubra","2"
127,"medium_woody_stems","south","Rhododendron_spp","1"
127,"large_woody_stems","south","Betula_lenta","1"
127,"large_woody_stems","south","Quercus_rubra","9"
127,"large_woody_stems","south","Kalmia_latifolia","1"
127,"large_woody_stems","south","Quercus_alba","1"
127,"large_woody_stems","south","Amelanchier_spp","1"
127,"large_woody_stems","south","Prunus_serotina","1"
127,"large_woody_stems","south","Quercus_montana","1"
128,"basalarea","none","Betula_lenta","1"
128,"basalarea","none","Quercus_rubra","1"
128,"snag","none","snag","0"
128,"basalarea_edge","none","nodata","1"
128,"small_woody_stems","north","Hamamelis_virginiana","1"
128,"small_woody_stems","north","Kalmia_latifolia","3"
128,"small_woody_stems","north","Quercus_alba","2"
128,"medium_woody_stems","north","Hamamelis_virginiana","2"
128,"medium_woody_stems","north","Quercus_alba","1"
128,"medium_woody_stems","north","Quercus_rubra","2"
128,"medium_woody_stems","north","Kalmia_latifolia","2"
128,"large_woody_stems","north","Kalmia_latifolia","2"
128,"large_woody_stems","north","Sassafras_albidum","2"
128,"large_woody_stems","north","Quercus_alba","3"
128,"large_woody_stems","north","Quercus_rubra","8"
128,"large_woody_stems","north","Betula_lenta","3"
128,"large_woody_stems","north","Hamamelis_virginiana","5"
128,"large_woody_stems","north","Acer_rubrum","3"
128,"large_woody_stems","north","Magnolia_accuminata","1"
128,"small_woody_stems","south","Quercus_rubra","2"
128,"medium_woody_stems","south","Quercus_rubra","1"
128,"medium_woody_stems","south","Acer_rubrum","1"
128,"large_woody_stems","south","Quercus_rubra","5"
128,"large_woody_stems","south","Hamamelis_virginiana","4"
128,"large_woody_stems","south","Acer_rubrum","6"
128,"large_woody_stems","south","Betula_lenta","2"
128,"large_woody_stems","south","Sassafras_albidum","4"
128,"large_woody_stems","south","Kalmia_latifolia","10"
128,"large_woody_stems","south","Prunus_serotina","1"
129,"basalarea","none","Acer_rubrum","3"
129,"basalarea","none","Quercus_alba","1"
129,"basalarea","none","Quercus_rubra","1"
129,"snag","none","snag","0"
129,"basalarea_edge","none","nodata","2"
129,"medium_woody_stems","north","Quercus_alba","1"
129,"medium_woody_stems","north","Quercus_montana","1"
129,"large_woody_stems","north","Acer_rubrum","10"
129,"large_woody_stems","north","Magnolia_accuminata","4"
129,"large_woody_stems","north","Quercus_alba","2"
129,"large_woody_stems","north","Quercus_rubra","5"
129,"large_woody_stems","north","Prunus_serotina","1"
129,"large_woody_stems","south","Prunus_serotina","4"
129,"large_woody_stems","south","Acer_rubrum","19"
129,"large_woody_stems","south","Quercus_montana","2"
129,"large_woody_stems","south","Magnolia_accuminata","2"
129,"large_woody_stems","south","Amelanchier_spp","3"
130,"basalarea","none","Quercus_alba","2"
130,"snag","none","snag","0"
130,"basalarea_edge","none","nodata","2"
130,"small_woody_stems","north","Quercus_alba","2"
130,"small_woody_stems","north","Quercus_rubra","2"
130,"small_woody_stems","north","Amelanchier_spp","2"
130,"small_woody_stems","north","Kalmia_latifolia","1"
130,"medium_woody_stems","north","Rhododendron_spp","1"
130,"large_woody_stems","north","Magnolia_accuminata","1"
130,"large_woody_stems","north","Rhododendron_spp","2"
130,"large_woody_stems","north","Acer_rubrum","1"
130,"large_woody_stems","north","Quercus_alba","5"
130,"large_woody_stems","north","Quercus_rubra","11"
130,"large_woody_stems","north","Prunus_serotina","1"
130,"large_woody_stems","north","Quercus_montana","1"
130,"large_woody_stems","north","Sassafras_albidum","6"
130,"small_woody_stems","south","Hamamelis_virginiana","1"
130,"small_woody_stems","south","Rhododendron_spp","2"
130,"small_woody_stems","south","Quercus_rubra","2"
130,"medium_woody_stems","south","Sassafras_albidum","1"
130,"medium_woody_stems","south","Hamamelis_virginiana","1"
130,"medium_woody_stems","south","Quercus_rubra","1"
130,"medium_woody_stems","south","Rhododendron_spp","1"
130,"large_woody_stems","south","Sassafras_albidum","3"
130,"large_woody_stems","south","Acer_rubrum","1"
130,"large_woody_stems","south","Quercus_rubra","2"
130,"large_woody_stems","south","Prunus_serotina","1"
130,"large_woody_stems","south","Hamamelis_virginiana","2"
130,"large_woody_stems","south","Rhododendron_spp","1"
131,"basalarea","none","Quercus_rubra","3"
131,"snag","none","snag","0"
131,"basalarea_edge","none","nodata","1"
131,"small_woody_stems","north","Quercus_montana","6"
131,"small_woody_stems","north","Kalmia_latifolia","6"
131,"medium_woody_stems","north","Quercus_rubra","5"
131,"medium_woody_stems","north","Sassafras_albidum","1"
131,"medium_woody_stems","north","Kalmia_latifolia","2"
131,"medium_woody_stems","north","Quercus_montana","1"
131,"medium_woody_stems","north","Rhododendron_spp","1"
131,"large_woody_stems","north","Acer_rubrum","1"
131,"large_woody_stems","north","Quercus_rubra","2"
131,"large_woody_stems","north","Quercus_montana","10"
131,"large_woody_stems","north","Sassafras_albidum","4"
131,"large_woody_stems","north","Castanea_dentata","2"
131,"small_woody_stems","south","Quercus_rubra","2"
131,"small_woody_stems","south","Hamamelis_virginiana","2"
131,"medium_woody_stems","south","Quercus_rubra","3"
131,"medium_woody_stems","south","Carya_spp","1"
131,"medium_woody_stems","south","Quercus_montana","1"
131,"large_woody_stems","south","Quercus_rubra","7"
131,"large_woody_stems","south","Acer_rubrum","8"
131,"large_woody_stems","south","Magnolia_accuminata","1"
132,"basalarea","none","Sassafras_albidum","2"
132,"snag","none","snag","0"
132,"basalarea_edge","none","nodata","2"
132,"small_woody_stems","north","Quercus_alba","2"
132,"small_woody_stems","north","Quercus_rubra","1"
132,"small_woody_stems","north","Acer_rubrum","2"
132,"small_woody_stems","north","Rhododendron_spp","1"
132,"medium_woody_stems","north","Quercus_rubra","1"
132,"medium_woody_stems","north","Quercus_alba","1"
132,"medium_woody_stems","north","Rhododendron_spp","5"
132,"large_woody_stems","north","Magnolia_accuminata","2"
132,"large_woody_stems","north","Acer_rubrum","6"
132,"large_woody_stems","north","Sassafras_albidum","5"
132,"large_woody_stems","north","Prunus_serotina","2"
132,"large_woody_stems","north","Amelanchier_spp","11"
132,"large_woody_stems","north","Quercus_rubra","6"
132,"large_woody_stems","north","Quercus_alba","6"
132,"small_woody_stems","south","Amelanchier_spp","2"
132,"small_woody_stems","south","Acer_rubrum","1"
132,"medium_woody_stems","south","Acer_rubrum","1"
132,"medium_woody_stems","south","Rhododendron_spp","1"
132,"medium_woody_stems","south","Hamamelis_virginiana","1"
132,"medium_woody_stems","south","Quercus_rubra","1"
132,"large_woody_stems","south","Acer_rubrum","2"
132,"large_woody_stems","south","Hamamelis_virginiana","14"
132,"large_woody_stems","south","Castanea_dentata","6"
132,"large_woody_stems","south","Amelanchier_spp","6"
132,"large_woody_stems","south","Sassafras_albidum","3"
132,"large_woody_stems","south","Quercus_alba","6"
132,"large_woody_stems","south","Quercus_rubra","8"
132,"large_woody_stems","south","Betula_lenta","1"
133,"basalarea","none","Quercus_rubra","1"
133,"basalarea","none","Quercus_alba","1"
133,"basalarea","none","Sassafras_albidum","1"
133,"snag","none","snag","0"
133,"basalarea_edge","none","nodata","1"
133,"small_woody_stems","north","Kalmia_latifolia","1"
133,"small_woody_stems","north","Amelanchier_spp","1"
133,"small_woody_stems","north","Acer_rubrum","1"
133,"medium_woody_stems","north","Amelanchier_spp","2"
133,"medium_woody_stems","north","Kalmia_latifolia","2"
133,"medium_woody_stems","north","Acer_rubrum","3"
133,"medium_woody_stems","north","Quercus_rubra","2"
133,"medium_woody_stems","north","Quercus_alba","1"
133,"large_woody_stems","north","Prunus_serotina","2"
133,"large_woody_stems","north","Magnolia_accuminata","1"
133,"large_woody_stems","north","Acer_rubrum","11"
133,"large_woody_stems","north","Quercus_rubra","8"
133,"large_woody_stems","north","Quercus_alba","5"
133,"large_woody_stems","north","Amelanchier_spp","3"
133,"large_woody_stems","north","Sassafras_albidum","8"
133,"small_woody_stems","south","Acer_rubrum","2"
133,"small_woody_stems","south","Amelanchier_spp","1"
133,"small_woody_stems","south","Vaccinium_spp","11"
133,"medium_woody_stems","south","Amelanchier_spp","3"
133,"medium_woody_stems","south","Acer_rubrum","2"
133,"large_woody_stems","south","Sassafras_albidum","3"
133,"large_woody_stems","south","Amelanchier_spp","5"
133,"large_woody_stems","south","Quercus_rubra","8"
133,"large_woody_stems","south","Quercus_alba","4"
133,"large_woody_stems","south","Prunus_serotina","2"
133,"large_woody_stems","south","Betula_lenta","4"
133,"large_woody_stems","south","Acer_rubrum","1"
134,"basalarea","none","Quercus_alba","1"
134,"snag","none","snag","0"
134,"basalarea_edge","none","nodata","0"
134,"small_woody_stems","north","Sassafras_albidum","2"
134,"small_woody_stems","north","Kalmia_latifolia","10"
134,"small_woody_stems","north","Amelanchier_spp","1"
134,"medium_woody_stems","north","Sassafras_albidum","12"
134,"medium_woody_stems","north","Kalmia_latifolia","15"
134,"medium_woody_stems","north","Acer_rubrum","1"
134,"large_woody_stems","north","Quercus_alba","1"
134,"large_woody_stems","north","Sassafras_albidum","25"
134,"small_woody_stems","south","Acer_rubrum","1"
134,"small_woody_stems","south","Vaccinium_spp","38"
134,"small_woody_stems","south","Kalmia_latifolia","1"
134,"medium_woody_stems","south","Kalmia_latifolia","20"
134,"medium_woody_stems","south","Quercus_montana","3"
134,"medium_woody_stems","south","Sassafras_albidum","9"
134,"medium_woody_stems","south","Gaylussacia_spp","15"
134,"medium_woody_stems","south","Amelanchier_spp","1"
134,"large_woody_stems","south","Sassafras_albidum","16"
134,"large_woody_stems","south","Amelanchier_spp","1"
135,"snag","none","snag","0"
135,"basalarea_edge","none","nodata","0"
135,"small_woody_stems","north","Vaccinium_spp","2"
135,"medium_woody_stems","north","Amelanchier_spp","1"
135,"large_woody_stems","north","Sassafras_albidum","25"
135,"medium_woody_stems","south","Kalmia_latifolia","2"
135,"medium_woody_stems","south","Quercus_montana","2"
135,"medium_woody_stems","south","Sassafras_albidum","1"
135,"large_woody_stems","south","Sassafras_albidum","19"
135,"large_woody_stems","south","Hamamelis_virginiana","1"
135,"large_woody_stems","south","Betula_lenta","2"
136,"basalarea","none","Quercus_montana","1"
136,"snag","none","snag","0"
136,"basalarea_edge","none","nodata","0"
136,"small_woody_stems","north","Betula_lenta","2"
136,"small_woody_stems","north","Acer_rubrum","1"
136,"small_woody_stems","north","Sassafras_albidum","5"
136,"small_woody_stems","north","Nyssa_sylvatica","3"
136,"small_woody_stems","north","Vaccinium_spp","48"
136,"small_woody_stems","north","Kalmia_latifolia","37"
136,"small_woody_stems","north","Hamamelis_virginiana","3"
136,"medium_woody_stems","north","Sassafras_albidum","6"
136,"medium_woody_stems","north","Hamamelis_virginiana","3"
136,"medium_woody_stems","north","Kalmia_latifolia","18"
136,"medium_woody_stems","north","Vaccinium_spp","4"
136,"medium_woody_stems","north","Betula_lenta","2"
136,"large_woody_stems","north","Hamamelis_virginiana","5"
136,"large_woody_stems","north","Sassafras_albidum","10"
136,"large_woody_stems","north","Betula_lenta","10"
136,"large_woody_stems","north","Nyssa_sylvatica","1"
136,"small_woody_stems","south","Sassafras_albidum","6"
136,"small_woody_stems","south","Kalmia_latifolia","67"
136,"small_woody_stems","south","Vaccinium_spp","5"
136,"small_woody_stems","south","Betula_lenta","2"
136,"small_woody_stems","south","Nyssa_sylvatica","1"
136,"small_woody_stems","south","Acer_rubrum","1"
136,"medium_woody_stems","south","Betula_lenta","1"
136,"medium_woody_stems","south","Kalmia_latifolia","6"
136,"medium_woody_stems","south","Nyssa_sylvatica","1"
136,"medium_woody_stems","south","Pinus_strobus","1"
136,"large_woody_stems","south","Sassafras_albidum","25"
136,"large_woody_stems","south","Hamamelis_virginiana","16"
136,"large_woody_stems","south","Betula_lenta","4"
136,"large_woody_stems","south","Kalmia_latifolia","1"
137,"basalarea","none","Quercus_rubra","4"
137,"basalarea","none","Acer_rubrum","2"
137,"snag","none","snag","0"
137,"basalarea_edge","none","nodata","0"
137,"small_woody_stems","north","Kalmia_latifolia","2"
137,"medium_woody_stems","north","Kalmia_latifolia","3"
137,"medium_woody_stems","north","Hamamelis_virginiana","2"
137,"medium_woody_stems","north","Quercus_rubra","1"
137,"large_woody_stems","north","Sassafras_albidum","2"
137,"large_woody_stems","north","Hamamelis_virginiana","23"
137,"large_woody_stems","north","Quercus_rubra","1"
137,"small_woody_stems","south","Vaccinium_spp","2"
137,"small_woody_stems","south","Hamamelis_virginiana","4"
137,"small_woody_stems","south","Kalmia_latifolia","2"
137,"small_woody_stems","south","Rhododendron_spp","3"
137,"medium_woody_stems","south","Vaccinium_spp","1"
137,"medium_woody_stems","south","Kalmia_latifolia","10"
137,"medium_woody_stems","south","Quercus_rubra","1"
137,"large_woody_stems","south","Hamamelis_virginiana","7"
137,"large_woody_stems","south","Quercus_rubra","3"
137,"large_woody_stems","south","Kalmia_latifolia","5"
137,"large_woody_stems","south","Sassafras_albidum","4"
137,"large_woody_stems","south","Quercus_montana","1"
138,"basalarea","none","Betula_lenta","1"
138,"basalarea","none","Acer_rubrum","1"
138,"snag","none","snag","0"
138,"basalarea_edge","none","nodata","0"
138,"small_woody_stems","north","Kalmia_latifolia","8"
138,"small_woody_stems","north","Rhododendron_spp","3"
138,"medium_woody_stems","north","Kalmia_latifolia","17"
138,"large_woody_stems","north","Hamamelis_virginiana","26"
138,"large_woody_stems","north","Betula_lenta","9"
138,"small_woody_stems","south","Gaylussacia_spp","2"
138,"small_woody_stems","south","Kalmia_latifolia","1"
138,"small_woody_stems","south","Vaccinium_spp","1"
138,"medium_woody_stems","south","Kalmia_latifolia","3"
138,"medium_woody_stems","south","Amelanchier_spp","3"
138,"large_woody_stems","south","Hamamelis_virginiana","13"
138,"large_woody_stems","south","Sassafras_albidum","3"
138,"large_woody_stems","south","Betula_lenta","13"
139,"basalarea","none","Betula_lenta","1"
139,"snag","none","snag","0"
139,"basalarea_edge","none","nodata","1"
139,"small_woody_stems","north","Betula_lenta","1"
139,"small_woody_stems","north","Acer_rubrum","3"
139,"small_woody_stems","north","Kalmia_latifolia","9"
139,"small_woody_stems","north","Gaylussacia_spp","56"
139,"small_woody_stems","north","Vaccinium_spp","6"
139,"small_woody_stems","north","Sassafras_albidum","1"
139,"medium_woody_stems","north","Gaylussacia_spp","7"
139,"medium_woody_stems","north","Acer_rubrum","1"
139,"medium_woody_stems","north","Vaccinium_spp","7"
139,"medium_woody_stems","north","Betula_lenta","4"
139,"medium_woody_stems","north","Sassafras_albidum","9"
139,"medium_woody_stems","north","Pinus_strobus","1"
139,"medium_woody_stems","north","Kalmia_latifolia","27"
139,"medium_woody_stems","north","Hamamelis_virginiana","1"
139,"large_woody_stems","north","Betula_lenta","8"
139,"large_woody_stems","north","Sassafras_albidum","7"
139,"large_woody_stems","north","Hamamelis_virginiana","1"
139,"large_woody_stems","north","Vaccinium_spp","3"
139,"small_woody_stems","south","Kalmia_latifolia","16"
139,"small_woody_stems","south","Acer_rubrum","2"
139,"small_woody_stems","south","Betula_lenta","1"
139,"small_woody_stems","south","Pinus_strobus","1"
139,"small_woody_stems","south","Hamamelis_virginiana","1"
139,"medium_woody_stems","south","Acer_rubrum","1"
139,"medium_woody_stems","south","Kalmia_latifolia","19"
139,"medium_woody_stems","south","Gaylussacia_spp","1"
139,"medium_woody_stems","south","Sassafras_albidum","1"
139,"large_woody_stems","south","Betula_lenta","7"
139,"large_woody_stems","south","Sassafras_albidum","22"
139,"large_woody_stems","south","Pinus_strobus","1"
139,"large_woody_stems","south","Acer_rubrum","1"
140,"basalarea","none","Quercus_montana","3"
140,"basalarea","none","Quercus_rubra","1"
140,"snag","none","snag","0"
140,"basalarea_edge","none","nodata","0"
140,"small_woody_stems","north","Sassafras_albidum","6"
140,"small_woody_stems","north","Betula_lenta","1"
140,"small_woody_stems","north","Vaccinium_spp","5"
140,"small_woody_stems","north","Kalmia_latifolia","12"
140,"small_woody_stems","north","Pinus_strobus","1"
140,"medium_woody_stems","north","Sassafras_albidum","11"
140,"medium_woody_stems","north","Betula_lenta","1"
140,"medium_woody_stems","north","Kalmia_latifolia","18"
140,"medium_woody_stems","north","Quercus_rubra","1"
140,"large_woody_stems","north","Quercus_rubra","1"
140,"large_woody_stems","north","Sassafras_albidum","30"
140,"large_woody_stems","north","Kalmia_latifolia","4"
140,"small_woody_stems","south","Vaccinium_spp","21"
140,"small_woody_stems","south","Sassafras_albidum","12"
140,"small_woody_stems","south","Quercus_montana","5"
140,"small_woody_stems","south","Betula_lenta","9"
140,"small_woody_stems","south","Kalmia_latifolia","22"
140,"small_woody_stems","south","Rhododendron_spp","7"
140,"medium_woody_stems","south","Pinus_strobus","2"
140,"medium_woody_stems","south","Betula_lenta","11"
140,"medium_woody_stems","south","Sassafras_albidum","13"
140,"medium_woody_stems","south","Kalmia_latifolia","20"
140,"medium_woody_stems","south","Amelanchier_spp","1"
140,"medium_woody_stems","south","Quercus_montana","3"
140,"medium_woody_stems","south","Vaccinium_spp","1"
140,"large_woody_stems","south","Betula_lenta","5"
140,"large_woody_stems","south","Hamamelis_virginiana","1"
140,"large_woody_stems","south","Sassafras_albidum","11"
141,"basalarea","none","Quercus_montana","2"
141,"basalarea","none","Sassafras_albidum","1"
141,"snag","none","snag","0"
141,"basalarea_edge","none","nodata","0"
141,"small_woody_stems","north","Rhododendron_spp","4"
141,"small_woody_stems","north","Pinus_strobus","1"
141,"small_woody_stems","north","Acer_rubrum","2"
141,"small_woody_stems","north","Betula_lenta","2"
141,"small_woody_stems","north","Quercus_montana","2"
141,"small_woody_stems","north","Kalmia_latifolia","53"
141,"small_woody_stems","north","Vaccinium_spp","92"
141,"small_woody_stems","north","Sassafras_albidum","10"
141,"small_woody_stems","north","Carya_spp","1"
141,"medium_woody_stems","north","Sassafras_albidum","2"
141,"medium_woody_stems","north","Quercus_montana","1"
141,"medium_woody_stems","north","Betula_lenta","1"
141,"medium_woody_stems","north","Vaccinium_spp","4"
141,"medium_woody_stems","north","Pinus_strobus","1"
141,"medium_woody_stems","north","Kalmia_latifolia","10"
141,"medium_woody_stems","north","Hamamelis_virginiana","1"
141,"large_woody_stems","north","Sassafras_albidum","3"
141,"small_woody_stems","south","Kalmia_latifolia","6"
141,"small_woody_stems","south","Vaccinium_spp","63"
141,"small_woody_stems","south","Sassafras_albidum","8"
141,"small_woody_stems","south","Betula_lenta","2"
141,"small_woody_stems","south","Pinus_strobus","1"
141,"small_woody_stems","south","Hamamelis_virginiana","1"
141,"small_woody_stems","south","Quercus_montana","2"
141,"small_woody_stems","south","Comptonia_peregrina","5"
141,"medium_woody_stems","south","Kalmia_latifolia","12"
141,"medium_woody_stems","south","Betula_lenta","3"
141,"medium_woody_stems","south","Vaccinium_spp","3"
141,"medium_woody_stems","south","Hamamelis_virginiana","5"
141,"medium_woody_stems","south","Sassafras_albidum","2"
141,"medium_woody_stems","south","Pinus_strobus","1"
141,"large_woody_stems","south","Sassafras_albidum","4"
141,"large_woody_stems","south","Pinus_strobus","2"
142,"basalarea","none","Betula_lenta","2"
142,"basalarea","none","Quercus_montana","1"
142,"basalarea","none","Sassafras_albidum","1"
142,"snag","none","snag","0"
142,"basalarea_edge","none","nodata","2"
142,"small_woody_stems","north","Pinus_strobus","1"
142,"small_woody_stems","north","Kalmia_latifolia","54"
142,"small_woody_stems","north","Quercus_montana","1"
142,"small_woody_stems","north","Betula_lenta","1"
142,"small_woody_stems","north","Vaccinium_spp","2"
142,"small_woody_stems","north","Hamamelis_virginiana","1"
142,"medium_woody_stems","north","Hamamelis_virginiana","4"
142,"medium_woody_stems","north","Kalmia_latifolia","15"
142,"medium_woody_stems","north","Betula_lenta","1"
142,"medium_woody_stems","north","Sassafras_albidum","2"
142,"large_woody_stems","north","Kalmia_latifolia","1"
142,"large_woody_stems","north","Sassafras_albidum","4"
142,"large_woody_stems","north","Betula_lenta","8"
142,"large_woody_stems","north","Hamamelis_virginiana","7"
142,"small_woody_stems","south","Vaccinium_spp","77"
142,"small_woody_stems","south","Kalmia_latifolia","18"
142,"small_woody_stems","south","Rhododendron_spp","1"
142,"small_woody_stems","south","Pinus_strobus","1"
142,"small_woody_stems","south","Sassafras_albidum","13"
142,"small_woody_stems","south","Betula_lenta","4"
142,"medium_woody_stems","south","Kalmia_latifolia","14"
142,"medium_woody_stems","south","Rhododendron_spp","1"
142,"medium_woody_stems","south","Vaccinium_spp","9"
142,"medium_woody_stems","south","Betula_lenta","7"
142,"medium_woody_stems","south","Sassafras_albidum","1"
142,"large_woody_stems","south","Sassafras_albidum","8"
142,"large_woody_stems","south","Hamamelis_virginiana","8"
142,"large_woody_stems","south","Betula_lenta","13"
142,"large_woody_stems","south","Kalmia_latifolia","1"
143,"basalarea","none","Quercus_montana","2"
143,"snag","none","snag","0"
143,"basalarea_edge","none","nodata","0"
143,"small_woody_stems","north","Sassafras_albidum","1"
143,"small_woody_stems","north","Hamamelis_virginiana","1"
143,"small_woody_stems","north","Kalmia_latifolia","13"
143,"small_woody_stems","north","Acer_rubrum","1"
143,"small_woody_stems","north","Quercus_montana","1"
143,"medium_woody_stems","north","Sassafras_albidum","5"
143,"medium_woody_stems","north","Hamamelis_virginiana","1"
143,"medium_woody_stems","north","Kalmia_latifolia","12"
143,"medium_woody_stems","north","Acer_rubrum","3"
143,"medium_woody_stems","north","Betula_lenta","3"
143,"large_woody_stems","north","Betula_lenta","11"
143,"large_woody_stems","north","Sassafras_albidum","11"
143,"large_woody_stems","north","Prunus_serotina","1"
143,"large_woody_stems","north","Hamamelis_virginiana","3"
143,"small_woody_stems","south","Comptonia_peregrina","15"
143,"small_woody_stems","south","Sassafras_albidum","4"
143,"small_woody_stems","south","Vaccinium_spp","14"
143,"small_woody_stems","south","Kalmia_latifolia","3"
143,"medium_woody_stems","south","Comptonia_peregrina","2"
143,"medium_woody_stems","south","Sassafras_albidum","6"
143,"large_woody_stems","south","Betula_lenta","6"
143,"large_woody_stems","south","Sassafras_albidum","17"
144,"snag","none","snag","0"
144,"basalarea_edge","none","nodata","0"
144,"small_woody_stems","north","Sassafras_albidum","2"
144,"small_woody_stems","north","Vaccinium_spp","16"
144,"small_woody_stems","north","Kalmia_latifolia","2"
144,"small_woody_stems","north","Betula_lenta","1"
144,"medium_woody_stems","north","Sassafras_albidum","5"
144,"medium_woody_stems","north","Betula_lenta","2"
144,"medium_woody_stems","north","Gaylussacia_spp","21"
144,"medium_woody_stems","north","Kalmia_latifolia","7"
144,"large_woody_stems","north","Sassafras_albidum","10"
144,"large_woody_stems","north","Betula_lenta","3"
144,"small_woody_stems","south","Gaylussacia_spp","2"
144,"small_woody_stems","south","Kalmia_latifolia","5"
144,"small_woody_stems","south","Pinus_strobus","1"
144,"small_woody_stems","south","Vaccinium_spp","6"
144,"medium_woody_stems","south","Gaylussacia_spp","20"
144,"medium_woody_stems","south","Betula_lenta","1"
144,"medium_woody_stems","south","Sassafras_albidum","7"
144,"medium_woody_stems","south","Kalmia_latifolia","20"
144,"medium_woody_stems","south","Rhododendron_spp","6"
144,"large_woody_stems","south","Sassafras_albidum","12"
144,"large_woody_stems","south","Betula_lenta","1"
144,"large_woody_stems","south","Kalmia_latifolia","1"
145,"basalarea","none","Quercus_montana","2"
145,"snag","none","snag","0"
145,"basalarea_edge","none","nodata","1"
145,"small_woody_stems","north","Rhododendron_spp","5"
145,"small_woody_stems","north","Gaylussacia_spp","2"
145,"small_woody_stems","north","Sassafras_albidum","9"
145,"small_woody_stems","north","Kalmia_latifolia","11"
145,"small_woody_stems","north","Vaccinium_spp","3"
145,"small_woody_stems","north","Hamamelis_virginiana","1"
145,"medium_woody_stems","north","Sassafras_albidum","17"
145,"medium_woody_stems","north","Kalmia_latifolia","11"
145,"medium_woody_stems","north","Hamamelis_virginiana","1"
145,"medium_woody_stems","north","Gaylussacia_spp","1"
145,"medium_woody_stems","north","Rhododendron_spp","4"
145,"large_woody_stems","north","Pinus_strobus","1"
145,"large_woody_stems","north","Sassafras_albidum","6"
145,"large_woody_stems","north","Hamamelis_virginiana","2"
145,"large_woody_stems","north","Quercus_rubra","2"
145,"small_woody_stems","south","Sassafras_albidum","2"
145,"small_woody_stems","south","Betula_lenta","1"
145,"small_woody_stems","south","Pinus_strobus","1"
145,"medium_woody_stems","south","Kalmia_latifolia","7"
145,"medium_woody_stems","south","Sassafras_albidum","10"
145,"medium_woody_stems","south","Betula_lenta","1"
145,"large_woody_stems","south","Sassafras_albidum","21"
146,"basalarea","none","Sassafras_albidum","1"
146,"basalarea","none","Acer_rubrum","1"
146,"basalarea","none","Quercus_rubra","3"
146,"snag","none","snag","0"
146,"basalarea_edge","none","nodata","1"
146,"small_woody_stems","north","Quercus_rubra","4"
146,"small_woody_stems","north","Carya_spp","6"
146,"small_woody_stems","north","Kalmia_latifolia","3"
146,"medium_woody_stems","north","Acer_rubrum","1"
146,"medium_woody_stems","north","Hamamelis_virginiana","5"
146,"medium_woody_stems","north","Kalmia_latifolia","4"
146,"large_woody_stems","north","Hamamelis_virginiana","23"
146,"large_woody_stems","north","Sassafras_albidum","8"
146,"large_woody_stems","north","Quercus_rubra","2"
146,"small_woody_stems","south","Sassafras_albidum","1"
146,"medium_woody_stems","south","Acer_rubrum","1"
147,"basalarea","none","Quercus_montana","1"
147,"snag","none","snag","0"
147,"basalarea_edge","none","nodata","1"
147,"small_woody_stems","north","Rhododendron_spp","1"
147,"small_woody_stems","north","Vaccinium_spp","3"
147,"small_woody_stems","north","Gaylussacia_spp","1"
147,"small_woody_stems","north","Kalmia_latifolia","34"
147,"small_woody_stems","north","Acer_rubrum","1"
147,"small_woody_stems","north","Hamamelis_virginiana","1"
147,"small_woody_stems","north","Quercus_rubra","1"
147,"small_woody_stems","north","Quercus_montana","1"
147,"medium_woody_stems","north","Acer_rubrum","2"
147,"medium_woody_stems","north","Rhododendron_spp","1"
147,"medium_woody_stems","north","Kalmia_latifolia","15"
147,"medium_woody_stems","north","Gaylussacia_spp","2"
147,"medium_woody_stems","north","Quercus_rubra","1"
147,"medium_woody_stems","north","Sassafras_albidum","4"
147,"medium_woody_stems","north","Hamamelis_virginiana","2"
147,"large_woody_stems","north","Betula_lenta","1"
147,"large_woody_stems","north","Sassafras_albidum","12"
147,"large_woody_stems","north","Quercus_rubra","2"
147,"large_woody_stems","north","Hamamelis_virginiana","9"
147,"large_woody_stems","north","Kalmia_latifolia","4"
147,"large_woody_stems","north","Quercus_montana","1"
147,"small_woody_stems","south","Gaylussacia_spp","52"
147,"small_woody_stems","south","Vaccinium_spp","7"
147,"small_woody_stems","south","Kalmia_latifolia","21"
147,"small_woody_stems","south","Quercus_rubra","1"
147,"small_woody_stems","south","Sassafras_albidum","3"
147,"small_woody_stems","south","Hamamelis_virginiana","3"
147,"small_woody_stems","south","Acer_rubrum","1"
147,"small_woody_stems","south","Pinus_strobus","1"
147,"medium_woody_stems","south","Quercus_rubra","8"
147,"medium_woody_stems","south","Gaylussacia_spp","16"
147,"medium_woody_stems","south","Kalmia_latifolia","21"
147,"medium_woody_stems","south","Sassafras_albidum","5"
147,"medium_woody_stems","south","Hamamelis_virginiana","1"
147,"large_woody_stems","south","Hamamelis_virginiana","7"
147,"large_woody_stems","south","Betula_lenta","1"
147,"large_woody_stems","south","Sassafras_albidum","13"
148,"basalarea","none","Betula_lenta","2"
148,"basalarea","none","Quercus_montana","1"
148,"basalarea","none","Sassafras_albidum","1"
148,"snag","none","snag","0"
148,"basalarea_edge","none","nodata","2"
148,"small_woody_stems","north","Pinus_strobus","1"
148,"small_woody_stems","north","Kalmia_latifolia","54"
148,"small_woody_stems","north","Quercus_montana","1"
148,"small_woody_stems","north","Betula_lenta","1"
148,"small_woody_stems","north","Vaccinium_spp","2"
148,"small_woody_stems","north","Hamamelis_virginiana","1"
148,"medium_woody_stems","north","Hamamelis_virginiana","4"
148,"medium_woody_stems","north","Kalmia_latifolia","15"
148,"medium_woody_stems","north","Betula_lenta","1"
148,"medium_woody_stems","north","Sassafras_albidum","2"
148,"large_woody_stems","north","Kalmia_latifolia","1"
148,"large_woody_stems","north","Sassafras_albidum","4"
148,"large_woody_stems","north","Betula_lenta","8"
148,"large_woody_stems","north","Hamamelis_virginiana","7"
148,"small_woody_stems","south","Betula_lenta","4"
148,"small_woody_stems","south","Vaccinium_spp","72"
148,"small_woody_stems","south","Kalmia_latifolia","18"
148,"small_woody_stems","south","Rhododendron_spp","2"
148,"small_woody_stems","south","Pinus_strobus","1"
148,"small_woody_stems","south","Sassafras_albidum","13"
148,"medium_woody_stems","south","Kalmia_latifolia","14"
148,"medium_woody_stems","south","Rhododendron_spp","1"
148,"medium_woody_stems","south","Vaccinium_spp","9"
148,"medium_woody_stems","south","Betula_lenta","7"
148,"medium_woody_stems","south","Sassafras_albidum","1"
148,"large_woody_stems","south","Sassafras_albidum","8"
148,"large_woody_stems","south","Hamamelis_virginiana","8"
148,"large_woody_stems","south","Betula_lenta","13"
148,"large_woody_stems","south","Kalmia_latifolia","1"
149,"basalarea","none","Quercus_montana","3"
149,"snag","none","snag","0"
149,"basalarea_edge","none","nodata","0"
149,"small_woody_stems","north","Betula_lenta","2"
149,"small_woody_stems","north","Acer_rubrum","4"
149,"small_woody_stems","north","Hamamelis_virginiana","5"
149,"small_woody_stems","north","Sassafras_albidum","7"
149,"small_woody_stems","north","Vaccinium_spp","55"
149,"small_woody_stems","north","Kalmia_latifolia","12"
149,"small_woody_stems","north","Quercus_montana","2"
149,"medium_woody_stems","north","Pinus_strobus","2"
149,"medium_woody_stems","north","Acer_rubrum","3"
149,"medium_woody_stems","north","Quercus_rubra","2"
149,"medium_woody_stems","north","Vaccinium_spp","7"
149,"medium_woody_stems","north","Sassafras_albidum","22"
149,"medium_woody_stems","north","Kalmia_latifolia","19"
149,"medium_woody_stems","north","Betula_lenta","10"
149,"medium_woody_stems","north","Quercus_montana","1"
149,"medium_woody_stems","north","Hamamelis_virginiana","5"
149,"large_woody_stems","north","Betula_lenta","10"
149,"large_woody_stems","north","Sassafras_albidum","11"
149,"large_woody_stems","north","Acer_rubrum","4"
149,"large_woody_stems","north","Hamamelis_virginiana","8"
149,"large_woody_stems","north","Quercus_rubra","3"
149,"large_woody_stems","north","Quercus_montana","1"
149,"small_woody_stems","south","Sassafras_albidum","6"
149,"small_woody_stems","south","Kalmia_latifolia","11"
149,"small_woody_stems","south","Vaccinium_spp","78"
149,"small_woody_stems","south","Hamamelis_virginiana","2"
149,"small_woody_stems","south","Betula_lenta","1"
149,"small_woody_stems","south","Acer_rubrum","1"
149,"medium_woody_stems","south","Hamamelis_virginiana","10"
149,"medium_woody_stems","south","Vaccinium_spp","14"
149,"medium_woody_stems","south","Sassafras_albidum","13"
149,"medium_woody_stems","south","Acer_rubrum","1"
149,"medium_woody_stems","south","Quercus_rubra","1"
149,"medium_woody_stems","south","Pinus_strobus","1"
149,"medium_woody_stems","south","Quercus_montana","1"
149,"medium_woody_stems","south","Kalmia_latifolia","5"
149,"large_woody_stems","south","Hamamelis_virginiana","11"
149,"large_woody_stems","south","Betula_lenta","3"
149,"large_woody_stems","south","Sassafras_albidum","21"
149,"large_woody_stems","south","Quercus_rubra","1"
149,"large_woody_stems","south","Quercus_montana","1"
150,"basalarea","none","Sassafras_albidum","2"
150,"basalarea","none","Quercus_rubra","2"
150,"snag","none","snag","0"
150,"basalarea_edge","none","nodata","0"
150,"small_woody_stems","north","Betula_lenta","1"
150,"small_woody_stems","north","Quercus_rubra","1"
150,"small_woody_stems","north","Gaylussacia_spp","35"
150,"small_woody_stems","north","Hamamelis_virginiana","5"
150,"small_woody_stems","north","Sassafras_albidum","2"
150,"small_woody_stems","north","Rhododendron_spp","3"
150,"small_woody_stems","north","Kalmia_latifolia","18"
150,"medium_woody_stems","north","Hamamelis_virginiana","1"
150,"medium_woody_stems","north","Kalmia_latifolia","10"
150,"medium_woody_stems","north","Rhododendron_spp","5"
150,"medium_woody_stems","north","Gaylussacia_spp","40"
150,"medium_woody_stems","north","Quercus_rubra","1"
150,"large_woody_stems","north","Sassafras_albidum","10"
150,"large_woody_stems","north","Kalmia_latifolia","5"
150,"large_woody_stems","north","Hamamelis_virginiana","6"
150,"small_woody_stems","south","Hamamelis_virginiana","2"
150,"small_woody_stems","south","Rhododendron_spp","3"
150,"small_woody_stems","south","Kalmia_latifolia","48"
150,"small_woody_stems","south","Gaylussacia_spp","42"
150,"small_woody_stems","south","Sassafras_albidum","2"
150,"small_woody_stems","south","Quercus_rubra","1"
150,"medium_woody_stems","south","Sassafras_albidum","13"
150,"medium_woody_stems","south","Hamamelis_virginiana","11"
150,"medium_woody_stems","south","Kalmia_latifolia","11"
150,"medium_woody_stems","south","Gaylussacia_spp","16"
150,"medium_woody_stems","south","Betula_lenta","3"
150,"medium_woody_stems","south","Rhododendron_spp","2"
150,"large_woody_stems","south","Sassafras_albidum","12"
150,"large_woody_stems","south","Hamamelis_virginiana","4"
150,"large_woody_stems","south","Betula_lenta","3"
150,"large_woody_stems","south","Kalmia_latifolia","6"
151,"basalarea","none","Quercus_montana","2"
151,"snag","none","snag","0"
151,"basalarea_edge","none","nodata","1"
151,"small_woody_stems","north","Kalmia_latifolia","1"
151,"medium_woody_stems","north","Acer_rubrum","1"
151,"medium_woody_stems","north","Kalmia_latifolia","3"
151,"medium_woody_stems","north","Hamamelis_virginiana","1"
151,"large_woody_stems","north","Sassafras_albidum","29"
151,"large_woody_stems","north","Prunus_serotina","1"
151,"large_woody_stems","north","Hamamelis_virginiana","19"
151,"large_woody_stems","north","Acer_rubrum","1"
151,"large_woody_stems","north","Magnolia_accuminata","1"
151,"large_woody_stems","north","Betula_lenta","4"
151,"small_woody_stems","south","Sassafras_albidum","2"
151,"small_woody_stems","south","Vaccinium_spp","5"
151,"small_woody_stems","south","Acer_rubrum","1"
151,"small_woody_stems","south","Kalmia_latifolia","3"
151,"medium_woody_stems","south","Pinus_strobus","1"
151,"medium_woody_stems","south","Hamamelis_virginiana","1"
151,"medium_woody_stems","south","Sassafras_albidum","1"
151,"large_woody_stems","south","Sassafras_albidum","19"
151,"large_woody_stems","south","Magnolia_accuminata","2"
151,"large_woody_stems","south","Quercus_montana","2"
151,"large_woody_stems","south","Acer_rubrum","2"
151,"large_woody_stems","south","Hamamelis_virginiana","5"
152,"basalarea","none","Quercus_montana","5"
152,"snag","none","snag","0"
152,"basalarea_edge","none","nodata","0"
152,"small_woody_stems","north","Betula_lenta","2"
152,"small_woody_stems","north","Kalmia_latifolia","52"
152,"small_woody_stems","north","Sassafras_albidum","7"
152,"small_woody_stems","north","Gaylussacia_spp","52"
152,"medium_woody_stems","north","Sassafras_albidum","10"
152,"medium_woody_stems","north","Kalmia_latifolia","3"
152,"medium_woody_stems","north","Gaylussacia_spp","13"
152,"medium_woody_stems","north","Quercus_montana","2"
152,"medium_woody_stems","north","Hamamelis_virginiana","1"
152,"large_woody_stems","north","Hamamelis_virginiana","2"
152,"large_woody_stems","north","Sassafras_albidum","5"
152,"large_woody_stems","north","Acer_rubrum","3"
152,"large_woody_stems","north","Quercus_rubra","1"
152,"small_woody_stems","south","Kalmia_latifolia","77"
152,"small_woody_stems","south","Gaylussacia_spp","59"
152,"small_woody_stems","south","Acer_rubrum","1"
152,"small_woody_stems","south","Betula_lenta","1"
152,"small_woody_stems","south","Sassafras_albidum","1"
152,"medium_woody_stems","south","Betula_lenta","5"
152,"medium_woody_stems","south","Kalmia_latifolia","11"
152,"medium_woody_stems","south","Sassafras_albidum","3"
152,"medium_woody_stems","south","Acer_rubrum","3"
152,"medium_woody_stems","south","Gaylussacia_spp","2"
152,"medium_woody_stems","south","Pinus_strobus","1"
152,"medium_woody_stems","south","Quercus_rubra","1"
152,"large_woody_stems","south","Betula_lenta","8"
152,"large_woody_stems","south","Acer_rubrum","10"
152,"large_woody_stems","south","Sassafras_albidum","12"
153,"basalarea","none","Quercus_montana","1"
153,"snag","none","snag","0"
153,"basalarea_edge","none","nodata","0"
153,"small_woody_stems","north","Comptonia_peregrina","3"
153,"small_woody_stems","north","Pinus_strobus","2"
153,"medium_woody_stems","north","Sassafras_albidum","2"
153,"medium_woody_stems","north","Pinus_strobus","1"
153,"large_woody_stems","north","Sassafras_albidum","23"
153,"large_woody_stems","north","Quercus_rubra","2"
153,"small_woody_stems","south","Comptonia_peregrina","5"
153,"small_woody_stems","south","Pinus_strobus","3"
153,"small_woody_stems","south","Sassafras_albidum","1"
153,"small_woody_stems","south","Acer_rubrum","4"
153,"small_woody_stems","south","Vaccinium_spp","11"
153,"small_woody_stems","south","Kalmia_latifolia","4"
153,"medium_woody_stems","south","Acer_rubrum","1"
153,"medium_woody_stems","south","Quercus_montana","2"
153,"medium_woody_stems","south","Pinus_strobus","1"
153,"medium_woody_stems","south","Quercus_rubra","5"
153,"medium_woody_stems","south","Sassafras_albidum","2"
153,"large_woody_stems","south","Sassafras_albidum","11"
153,"large_woody_stems","south","Acer_rubrum","5"
153,"large_woody_stems","south","Quercus_rubra","2"
154,"basalarea","none","Sassafras_albidum","1"
154,"basalarea","none","Betula_lenta","1"
154,"snag","none","snag","0"
154,"basalarea_edge","none","nodata","1"
154,"small_woody_stems","north","Rhododendron_spp","3"
154,"small_woody_stems","north","Gaylussacia_spp","19"
154,"small_woody_stems","north","Hamamelis_virginiana","5"
154,"small_woody_stems","north","Pinus_strobus","1"
154,"small_woody_stems","north","Kalmia_latifolia","6"
154,"medium_woody_stems","north","Vaccinium_stamineum","2"
154,"medium_woody_stems","north","Rhododendron_spp","1"
154,"medium_woody_stems","north","Hamamelis_virginiana","3"
154,"medium_woody_stems","north","Gaylussacia_spp","2"
154,"large_woody_stems","north","Sassafras_albidum","1"
154,"large_woody_stems","north","Betula_lenta","14"
154,"large_woody_stems","north","Vaccinium_stamineum","1"
154,"large_woody_stems","north","Hamamelis_virginiana","9"
154,"small_woody_stems","south","Rhododendron_spp","2"
154,"small_woody_stems","south","Sassafras_albidum","4"
154,"small_woody_stems","south","Acer_rubrum","1"
154,"small_woody_stems","south","Kalmia_latifolia","6"
154,"small_woody_stems","south","Gaylussacia_spp","10"
154,"small_woody_stems","south","Hamamelis_virginiana","1"
154,"medium_woody_stems","south","Kalmia_latifolia","3"
154,"large_woody_stems","south","Sassafras_albidum","9"
154,"large_woody_stems","south","Betula_lenta","11"
154,"large_woody_stems","south","Hamamelis_virginiana","2"
155,"basalarea","none","Acer_rubrum","1"
155,"basalarea","none","Quercus_rubra","2"
155,"basalarea","none","Quercus_montana","3"
155,"snag","none","snag","0"
155,"basalarea_edge","none","nodata","2"
155,"small_woody_stems","north","Carya_spp","3"
155,"medium_woody_stems","north","Quercus_rubra","1"
155,"large_woody_stems","north","Acer_rubrum","1"
155,"large_woody_stems","north","Hamamelis_virginiana","15"
155,"small_woody_stems","south","Sassafras_albidum","1"
155,"small_woody_stems","south","Carya_spp","4"
155,"small_woody_stems","south","Quercus_rubra","1"
155,"small_woody_stems","south","Kalmia_latifolia","1"
155,"medium_woody_stems","south","Sassafras_albidum","3"
155,"medium_woody_stems","south","Prunus_serotina","1"
155,"large_woody_stems","south","Sassafras_albidum","4"
155,"large_woody_stems","south","Acer_rubrum","4"
155,"large_woody_stems","south","Quercus_montana","2"
155,"large_woody_stems","south","Castanea_dentata","1"
156,"basalarea","none","Sassafras_albidum","1"
156,"basalarea","none","Quercus_alba","1"
156,"basalarea","none","Prunus_serotina","1"
156,"basalarea","none","Acer_rubrum","1"
156,"snag","none","snag","0"
156,"basalarea_edge","none","nodata","0"
156,"small_woody_stems","north","Kalmia_latifolia","3"
156,"small_woody_stems","north","Hamamelis_virginiana","1"
156,"medium_woody_stems","north","Kalmia_latifolia","4"
156,"medium_woody_stems","north","Amelanchier_spp","1"
156,"medium_woody_stems","north","Hamamelis_virginiana","1"
156,"large_woody_stems","north","Prunus_serotina","2"
156,"large_woody_stems","north","Amelanchier_spp","6"
156,"large_woody_stems","north","Kalmia_latifolia","2"
156,"large_woody_stems","north","Sassafras_albidum","2"
156,"large_woody_stems","north","Hamamelis_virginiana","4"
156,"large_woody_stems","north","Quercus_rubra","1"
156,"small_woody_stems","south","Kalmia_latifolia","9"
156,"small_woody_stems","south","Hamamelis_virginiana","1"
156,"medium_woody_stems","south","Kalmia_latifolia","15"
156,"large_woody_stems","south","Amelanchier_spp","2"
156,"large_woody_stems","south","Kalmia_latifolia","6"
156,"large_woody_stems","south","Hamamelis_virginiana","12"
156,"large_woody_stems","south","Quercus_alba","1"
156,"large_woody_stems","south","Prunus_serotina","1"
156,"large_woody_stems","south","Sassafras_albidum","3"
157,"basalarea","none","Acer_rubrum","1"
157,"basalarea","none","Quercus_montana","1"
157,"basalarea","none","Quercus_alba","2"
157,"snag","none","snag","0"
157,"basalarea_edge","none","nodata","0"
157,"small_woody_stems","north","Hamamelis_virginiana","6"
157,"small_woody_stems","north","Quercus_alba","1"
157,"medium_woody_stems","north","Hamamelis_virginiana","8"
157,"medium_woody_stems","north","Kalmia_latifolia","1"
157,"medium_woody_stems","north","Amelanchier_spp","4"
157,"large_woody_stems","north","Sassafras_albidum","3"
157,"large_woody_stems","north","Quercus_alba","1"
157,"large_woody_stems","north","Prunus_serotina","1"
157,"large_woody_stems","north","Quercus_montana","1"
157,"large_woody_stems","north","Hamamelis_virginiana","20"
157,"large_woody_stems","north","Acer_rubrum","1"
157,"large_woody_stems","north","Kalmia_latifolia","1"
157,"small_woody_stems","south","Quercus_rubra","1"
157,"medium_woody_stems","south","Hamamelis_virginiana","1"
157,"medium_woody_stems","south","Kalmia_latifolia","4"
157,"large_woody_stems","south","Hamamelis_virginiana","17"
157,"large_woody_stems","south","Quercus_rubra","2"
157,"large_woody_stems","south","Quercus_montana","1"
158,"basalarea","none","Quercus_montana","2"
158,"basalarea","none","Sassafras_albidum","1"
158,"snag","none","snag","0"
158,"basalarea_edge","none","nodata","3"
158,"small_woody_stems","north","Pinus_strobus","1"
158,"small_woody_stems","north","Kalmia_latifolia","6"
158,"small_woody_stems","north","Vaccinium_spp","5"
158,"small_woody_stems","north","Acer_rubrum","15"
158,"small_woody_stems","north","Gaylussacia_spp","8"
158,"small_woody_stems","north","Sassafras_albidum","1"
158,"medium_woody_stems","north","Vaccinium_spp","1"
158,"medium_woody_stems","north","Quercus_montana","3"
158,"medium_woody_stems","north","Sassafras_albidum","1"
158,"medium_woody_stems","north","Acer_rubrum","9"
158,"medium_woody_stems","north","Gaylussacia_spp","12"
158,"medium_woody_stems","north","Kalmia_latifolia","2"
158,"medium_woody_stems","north","Quercus_rubra","5"
158,"large_woody_stems","north","Sassafras_albidum","15"
158,"large_woody_stems","north","Betula_lenta","2"
158,"large_woody_stems","north","Kalmia_latifolia","1"
158,"large_woody_stems","north","Aralia_spinosa","1"
158,"large_woody_stems","north","Prunus_serotina","1"
158,"small_woody_stems","south","Acer_rubrum","10"
158,"small_woody_stems","south","Quercus_rubra","1"
158,"small_woody_stems","south","Kalmia_latifolia","4"
158,"small_woody_stems","south","Quercus_montana","2"
158,"small_woody_stems","south","Vaccinium_spp","5"
158,"medium_woody_stems","south","Kalmia_latifolia","13"
158,"medium_woody_stems","south","Gaylussacia_spp","1"
158,"medium_woody_stems","south","Vaccinium_spp","3"
158,"medium_woody_stems","south","Quercus_rubra","1"
158,"medium_woody_stems","south","Sassafras_albidum","1"
158,"large_woody_stems","south","Sassafras_albidum","9"
158,"large_woody_stems","south","Quercus_rubra","1"
159,"basalarea","none","Quercus_rubra","4"
159,"basalarea","none","Sassafras_albidum","2"
159,"snag","none","snag","0"
159,"basalarea_edge","none","nodata","2"
159,"small_woody_stems","north","Sassafras_albidum","2"
159,"medium_woody_stems","north","Hamamelis_virginiana","1"
159,"medium_woody_stems","north","Amelanchier_spp","1"
159,"large_woody_stems","north","Sassafras_albidum","3"
159,"small_woody_stems","south","Amelanchier_spp","1"
159,"small_woody_stems","south","Sassafras_albidum","2"
159,"small_woody_stems","south","Carya_spp","3"
159,"small_woody_stems","south","Hamamelis_virginiana","1"
159,"medium_woody_stems","south","Amelanchier_spp","2"
159,"medium_woody_stems","south","Quercus_rubra","1"
159,"medium_woody_stems","south","Sassafras_albidum","4"
159,"medium_woody_stems","south","Hamamelis_virginiana","1"
159,"large_woody_stems","south","Amelanchier_spp","1"
159,"large_woody_stems","south","Hamamelis_virginiana","10"
159,"large_woody_stems","south","Sassafras_albidum","12"
159,"large_woody_stems","south","Quercus_rubra","3"
159,"large_woody_stems","south","Acer_rubrum","5"
160,"basalarea","none","Sassafras_albidum","5"
160,"basalarea","none","Quercus_montana","2"
160,"snag","none","snag","0"
160,"basalarea_edge","none","nodata","1"
160,"small_woody_stems","north","Quercus_rubra","1"
160,"small_woody_stems","north","Gaylussacia_spp","3"
160,"small_woody_stems","north","Vaccinium_spp","1"
160,"small_woody_stems","north","Kalmia_latifolia","1"
160,"small_woody_stems","north","Quercus_montana","1"
160,"small_woody_stems","north","Kalmia_latifolia","1"
160,"small_woody_stems","north","Pinus_strobus","1"
160,"small_woody_stems","north","Acer_rubrum","2"
160,"medium_woody_stems","north","Kalmia_latifolia","1"
160,"medium_woody_stems","north","Betula_lenta","1"
160,"medium_woody_stems","north","Pinus_strobus","1"
160,"medium_woody_stems","north","Vaccinium_stamineum","1"
160,"medium_woody_stems","north","Quercus_montana","1"
160,"medium_woody_stems","north","Sassafras_albidum","2"
160,"medium_woody_stems","north","Acer_rubrum","2"
160,"medium_woody_stems","north","Gaylussacia_spp","3"
160,"large_woody_stems","north","Quercus_rubra","1"
160,"large_woody_stems","north","Sassafras_albidum","15"
160,"small_woody_stems","south","Kalmia_latifolia","6"
160,"small_woody_stems","south","Acer_rubrum","3"
160,"small_woody_stems","south","Pinus_strobus","1"
160,"small_woody_stems","south","Quercus_rubra","1"
160,"small_woody_stems","south","Sassafras_albidum","3"
160,"medium_woody_stems","south","Kalmia_latifolia","21"
160,"medium_woody_stems","south","Rhododendron_spp","3"
160,"medium_woody_stems","south","Sassafras_albidum","3"
160,"medium_woody_stems","south","Quercus_rubra","1"
160,"medium_woody_stems","south","Betula_lenta","1"
160,"large_woody_stems","south","Sassafras_albidum","14"
160,"large_woody_stems","south","Kalmia_latifolia","2"
160,"large_woody_stems","south","Prunus_serotina","1"
160,"large_woody_stems","south","Acer_rubrum","1"
161,"basalarea","none","Acer_rubrum","1"
161,"basalarea","none","Quercus_alba","1"
161,"basalarea","none","Pinus_strobus","1"
161,"basalarea","none","Quercus_rubra","1"
161,"snag","none","snag","0"
161,"basalarea_edge","none","nodata","3"
161,"small_woody_stems","north","Kalmia_latifolia","6"
161,"small_woody_stems","north","Crataegus_spp","3"
161,"medium_woody_stems","north","Hamamelis_virginiana","6"
161,"medium_woody_stems","north","Kalmia_latifolia","1"
161,"large_woody_stems","north","Pinus_strobus","2"
161,"large_woody_stems","north","Hamamelis_virginiana","24"
161,"small_woody_stems","south","Kalmia_latifolia","3"
161,"small_woody_stems","south","Hamamelis_virginiana","2"
161,"medium_woody_stems","south","Kalmia_latifolia","6"
161,"large_woody_stems","south","Pinus_strobus","2"
161,"large_woody_stems","south","Hamamelis_virginiana","16"
161,"large_woody_stems","south","Sassafras_albidum","1"
161,"large_woody_stems","south","Quercus_alba","1"
161,"large_woody_stems","south","Quercus_rubra","1"
161,"large_woody_stems","south","Acer_rubrum","1"
162,"basalarea","none","Quercus_rubra","6"
162,"basalarea","none","Sassafras_albidum","1"
162,"snag","none","snag","0"
162,"basalarea_edge","none","nodata","0"
162,"small_woody_stems","north","Carya_spp","1"
162,"small_woody_stems","north","Pinus_strobus","2"
162,"small_woody_stems","north","Sassafras_albidum","2"
162,"small_woody_stems","north","Kalmia_latifolia","3"
162,"small_woody_stems","north","Acer_rubrum","1"
162,"small_woody_stems","north","Quercus_rubra","1"
162,"medium_woody_stems","north","Kalmia_latifolia","7"
162,"medium_woody_stems","north","Sassafras_albidum","1"
162,"medium_woody_stems","north","Hamamelis_virginiana","4"
162,"medium_woody_stems","north","Rhododendron_spp","1"
162,"large_woody_stems","north","Castanea_dentata","2"
162,"large_woody_stems","north","Sassafras_albidum","11"
162,"large_woody_stems","north","Kalmia_latifolia","3"
162,"large_woody_stems","north","Hamamelis_virginiana","8"
162,"small_woody_stems","south","Kalmia_latifolia","16"
162,"small_woody_stems","south","Quercus_montana","2"
162,"small_woody_stems","south","Pinus_strobus","1"
162,"small_woody_stems","south","Acer_rubrum","4"
162,"small_woody_stems","south","Quercus_rubra","2"
162,"medium_woody_stems","south","Kalmia_latifolia","6"
162,"medium_woody_stems","south","Quercus_rubra","4"
162,"medium_woody_stems","south","Quercus_montana","1"
162,"medium_woody_stems","south","Amelanchier_spp","1"
162,"medium_woody_stems","south","Acer_rubrum","1"
162,"large_woody_stems","south","Sassafras_albidum","15"
162,"large_woody_stems","south","Quercus_rubra","16"
162,"large_woody_stems","south","Acer_rubrum","1"
162,"large_woody_stems","south","Amelanchier_spp","2"
163,"basalarea","none","Quercus_rubra","2"
163,"basalarea","none","Quercus_montana","3"
163,"snag","none","snag","0"
163,"basalarea_edge","none","nodata","3"
163,"small_woody_stems","north","Quercus_montana","4"
163,"small_woody_stems","north","Hamamelis_virginiana","1"
163,"small_woody_stems","north","Carya_spp","1"
163,"small_woody_stems","north","Quercus_rubra","1"
163,"small_woody_stems","north","Kalmia_latifolia","2"
163,"small_woody_stems","north","Acer_rubrum","1"
163,"medium_woody_stems","north","Kalmia_latifolia","8"
163,"medium_woody_stems","north","Acer_rubrum","1"
163,"medium_woody_stems","north","Hamamelis_virginiana","2"
163,"large_woody_stems","north","Sassafras_albidum","7"
163,"large_woody_stems","north","Quercus_rubra","6"
163,"large_woody_stems","north","Quercus_montana","3"
163,"large_woody_stems","north","Hamamelis_virginiana","11"
163,"small_woody_stems","south","Kalmia_latifolia","4"
163,"small_woody_stems","south","Rhododendron_spp","1"
163,"small_woody_stems","south","Carya_spp","7"
163,"small_woody_stems","south","Quercus_rubra","2"
163,"small_woody_stems","south","Hamamelis_virginiana","2"
163,"medium_woody_stems","south","Kalmia_latifolia","2"
163,"medium_woody_stems","south","Castanea_dentata","1"
163,"large_woody_stems","south","Sassafras_albidum","10"
163,"large_woody_stems","south","Acer_rubrum","5"
163,"large_woody_stems","south","Quercus_montana","1"
163,"large_woody_stems","south","Hamamelis_virginiana","18"
163,"large_woody_stems","south","Prunus_serotina","1"
163,"large_woody_stems","south","Quercus_rubra","2"
164,"basalarea","none","Quercus_montana","4"
164,"basalarea","none","Quercus_rubra","2"
164,"snag","none","snag","0"
164,"basalarea_edge","none","nodata","0"
164,"small_woody_stems","north","Betula_lenta","2"
164,"small_woody_stems","north","Kalmia_latifolia","77"
164,"small_woody_stems","north","Vaccinium_spp","4"
164,"small_woody_stems","north","Sassafras_albidum","7"
164,"small_woody_stems","north","Rhododendron_spp","1"
164,"small_woody_stems","north","Pinus_strobus","1"
164,"medium_woody_stems","north","Sassafras_albidum","10"
164,"medium_woody_stems","north","Kalmia_latifolia","13"
164,"medium_woody_stems","north","Betula_lenta","1"
164,"large_woody_stems","north","Sassafras_albidum","29"
164,"large_woody_stems","north","Kalmia_latifolia","7"
164,"large_woody_stems","north","Betula_lenta","1"
164,"small_woody_stems","south","Vaccinium_spp","10"
164,"small_woody_stems","south","Kalmia_latifolia","100"
164,"small_woody_stems","south","Sassafras_albidum","4"
164,"small_woody_stems","south","Amelanchier_spp","1"
164,"small_woody_stems","south","Hamamelis_virginiana","1"
164,"medium_woody_stems","south","Kalmia_latifolia","6"
164,"medium_woody_stems","south","Sassafras_albidum","3"
164,"medium_woody_stems","south","Vaccinium_spp","2"
164,"large_woody_stems","south","Sassafras_albidum","8"
164,"large_woody_stems","south","Hamamelis_virginiana","1"
165,"basalarea","none","Quercus_montana","4"
165,"snag","none","snag","0"
165,"basalarea_edge","none","nodata","0"
165,"small_woody_stems","north","Quercus_rubra","1"
165,"small_woody_stems","north","Quercus_montana","1"
165,"small_woody_stems","north","Kalmia_latifolia","75"
165,"small_woody_stems","north","Vaccinium_spp","29"
165,"small_woody_stems","north","Hamamelis_virginiana","1"
165,"small_woody_stems","north","Betula_lenta","1"
165,"small_woody_stems","north","Acer_rubrum","1"
165,"medium_woody_stems","north","Sassafras_albidum","4"
165,"medium_woody_stems","north","Vaccinium_spp","7"
165,"medium_woody_stems","north","Betula_lenta","5"
165,"medium_woody_stems","north","Kalmia_latifolia","9"
165,"large_woody_stems","north","Sassafras_albidum","10"
165,"large_woody_stems","north","Betula_lenta","29"
165,"large_woody_stems","north","Kalmia_latifolia","1"
165,"small_woody_stems","south","Kalmia_latifolia","31"
165,"small_woody_stems","south","Vaccinium_spp","123"
165,"small_woody_stems","south","Hamamelis_virginiana","1"
165,"small_woody_stems","south","Pinus_strobus","2"
165,"small_woody_stems","south","Betula_lenta","1"
165,"small_woody_stems","south","Sassafras_albidum","3"
165,"small_woody_stems","south","Quercus_rubra","1"
165,"medium_woody_stems","south","Hamamelis_virginiana","2"
165,"medium_woody_stems","south","Sassafras_albidum","3"
165,"medium_woody_stems","south","Kalmia_latifolia","1"
165,"medium_woody_stems","south","Betula_lenta","4"
165,"medium_woody_stems","south","Vaccinium_spp","1"
165,"large_woody_stems","south","Kalmia_latifolia","3"
165,"large_woody_stems","south","Sassafras_albidum","3"
165,"large_woody_stems","south","Betula_lenta","9"
165,"large_woody_stems","south","Hamamelis_virginiana","2"
166,"basalarea","none","Sassafras_albidum","1"
166,"basalarea","none","Quercus_montana","5"
166,"basalarea","none","Quercus_rubra","1"
166,"basalarea","none","Betula_lenta","1"
166,"snag","none","snag","0"
166,"basalarea_edge","none","nodata","0"
166,"small_woody_stems","north","Rhododendron_spp","2"
166,"small_woody_stems","north","Pinus_strobus","2"
166,"small_woody_stems","north","Quercus_montana","2"
166,"small_woody_stems","north","Quercus_rubra","1"
166,"small_woody_stems","north","Betula_lenta","5"
166,"small_woody_stems","north","Vaccinium_spp","47"
166,"small_woody_stems","north","Kalmia_latifolia","29"
166,"small_woody_stems","north","Sassafras_albidum","9"
166,"medium_woody_stems","north","Betula_lenta","7"
166,"medium_woody_stems","north","Quercus_rubra","1"
166,"medium_woody_stems","north","Sassafras_albidum","1"
166,"medium_woody_stems","north","Kalmia_latifolia","1"
166,"medium_woody_stems","north","Quercus_montana","1"
166,"large_woody_stems","north","Betula_lenta","3"
166,"large_woody_stems","north","Sassafras_albidum","1"
166,"small_woody_stems","south","Kalmia_latifolia","56"
166,"small_woody_stems","south","Sassafras_albidum","4"
166,"small_woody_stems","south","Betula_lenta","10"
166,"small_woody_stems","south","Vaccinium_spp","14"
166,"small_woody_stems","south","Quercus_rubra","2"
166,"small_woody_stems","south","Acer_rubrum","1"
166,"small_woody_stems","south","Hamamelis_virginiana","1"
166,"medium_woody_stems","south","Betula_lenta","6"
166,"medium_woody_stems","south","Kalmia_latifolia","16"
166,"medium_woody_stems","south","Hamamelis_virginiana","1"
166,"medium_woody_stems","south","Pinus_strobus","1"
166,"large_woody_stems","south","Sassafras_albidum","6"
166,"large_woody_stems","south","Kalmia_latifolia","1"
166,"large_woody_stems","south","Hamamelis_virginiana","1"
167,"basalarea","none","Quercus_montana","4"
167,"basalarea","none","Sassafras_albidum","1"
167,"snag","none","snag","0"
167,"basalarea_edge","none","nodata","0"
167,"small_woody_stems","north","Sassafras_albidum","1"
167,"small_woody_stems","north","Vaccinium_spp","3"
167,"small_woody_stems","north","Kalmia_latifolia","7"
167,"small_woody_stems","north","Rhododendron_spp","1"
167,"small_woody_stems","north","Carya_spp","4"
167,"medium_woody_stems","north","Sassafras_albidum","16"
167,"medium_woody_stems","north","Pinus_strobus","1"
167,"medium_woody_stems","north","Rhododendron_spp","1"
167,"medium_woody_stems","north","Kalmia_latifolia","7"
167,"medium_woody_stems","north","Hamamelis_virginiana","1"
167,"large_woody_stems","north","Sassafras_albidum","22"
167,"large_woody_stems","north","Quercus_rubra","2"
167,"large_woody_stems","north","Pinus_strobus","1"
167,"large_woody_stems","north","Betula_lenta","1"
167,"large_woody_stems","north","Hamamelis_virginiana","3"
167,"small_woody_stems","south","Sassafras_albidum","4"
167,"small_woody_stems","south","Kalmia_latifolia","4"
167,"small_woody_stems","south","Vaccinium_spp","3"
167,"medium_woody_stems","south","Sassafras_albidum","11"
167,"medium_woody_stems","south","Pinus_strobus","3"
167,"medium_woody_stems","south","Betula_lenta","2"
167,"large_woody_stems","south","Sassafras_albidum","11"
167,"large_woody_stems","south","Betula_lenta","2"
167,"large_woody_stems","south","Castanea_dentata","1"
168,"basalarea","none","Quercus_montana","1"
168,"basalarea","none","Sassafras_albidum","2"
168,"snag","none","snag","0"
168,"basalarea_edge","none","nodata","0"
168,"small_woody_stems","north","Gaylussacia_spp","16"
168,"small_woody_stems","north","Rhododendron_spp","1"
168,"small_woody_stems","north","Kalmia_latifolia","19"
168,"small_woody_stems","north","Vaccinium_spp","8"
168,"medium_woody_stems","north","Acer_rubrum","7"
168,"medium_woody_stems","north","Sassafras_albidum","3"
168,"medium_woody_stems","north","Kalmia_latifolia","21"
168,"medium_woody_stems","north","Gaylussacia_spp","5"
168,"medium_woody_stems","north","Quercus_montana","1"
168,"large_woody_stems","north","Betula_lenta","1"
168,"large_woody_stems","north","Sassafras_albidum","18"
168,"large_woody_stems","north","Rhododendron_spp","1"
168,"large_woody_stems","north","Kalmia_latifolia","1"
168,"large_woody_stems","north","Quercus_montana","1"
168,"large_woody_stems","north","Quercus_rubra","1"
168,"small_woody_stems","south","Gaylussacia_spp","10"
168,"small_woody_stems","south","Kalmia_latifolia","34"
168,"small_woody_stems","south","Vaccinium_spp","3"
168,"small_woody_stems","south","Quercus_rubra","1"
168,"small_woody_stems","south","Sassafras_albidum","2"
168,"small_woody_stems","south","Pinus_strobus","2"
168,"medium_woody_stems","south","Kalmia_latifolia","22"
168,"medium_woody_stems","south","Acer_rubrum","1"
168,"medium_woody_stems","south","Sassafras_albidum","1"
168,"large_woody_stems","south","Sassafras_albidum","12"
168,"large_woody_stems","south","Quercus_montana","1"
168,"large_woody_stems","south","Kalmia_latifolia","3"
169,"basalarea","none","Sassafras_albidum","2"
169,"basalarea","none","Quercus_rubra","2"
169,"basalarea","none","Acer_rubrum","1"
169,"snag","none","snag","0"
169,"basalarea_edge","none","nodata","3"
169,"small_woody_stems","north","Kalmia_latifolia","10"
169,"small_woody_stems","north","Carya_spp","2"
169,"small_woody_stems","north","Acer_rubrum","1"
169,"medium_woody_stems","north","Hamamelis_virginiana","5"
169,"medium_woody_stems","north","Kalmia_latifolia","21"
169,"large_woody_stems","north","Acer_rubrum","5"
169,"large_woody_stems","north","Sassafras_albidum","9"
169,"large_woody_stems","north","Hamamelis_virginiana","6"
169,"large_woody_stems","north","Kalmia_latifolia","1"
169,"large_woody_stems","north","Quercus_rubra","1"
169,"small_woody_stems","south","Kalmia_latifolia","4"
169,"small_woody_stems","south","Carya_spp","12"
169,"small_woody_stems","south","Quercus_montana","1"
169,"small_woody_stems","south","Quercus_rubra","2"
169,"medium_woody_stems","south","Amelanchier_spp","1"
169,"medium_woody_stems","south","Acer_rubrum","1"
169,"medium_woody_stems","south","Hamamelis_virginiana","3"
169,"medium_woody_stems","south","Ilex_montana","1"
169,"large_woody_stems","south","Hamamelis_virginiana","13"
169,"large_woody_stems","south","Acer_rubrum","1"
169,"large_woody_stems","south","Amelanchier_spp","1"
169,"large_woody_stems","south","Quercus_rubra","2"
169,"large_woody_stems","south","Sassafras_albidum","5"
170,"basalarea","none","Quercus_rubra","2"
170,"basalarea","none","Acer_rubrum","2"
170,"snag","none","snag","0"
170,"basalarea_edge","none","nodata","1"
170,"small_woody_stems","north","Sassafras_albidum","3"
170,"small_woody_stems","north","Hamamelis_virginiana","1"
170,"small_woody_stems","north","Gaylussacia_spp","1"
170,"medium_woody_stems","north","Sassafras_albidum","8"
170,"large_woody_stems","north","Sassafras_albidum","5"
170,"small_woody_stems","south","Quercus_rubra","2"
170,"small_woody_stems","south","Hamamelis_virginiana","3"
170,"small_woody_stems","south","Pinus_strobus","1"
170,"small_woody_stems","south","Acer_rubrum","2"
170,"small_woody_stems","south","Sassafras_albidum","4"
170,"medium_woody_stems","south","Magnolia_accuminata","1"
170,"medium_woody_stems","south","Sassafras_albidum","3"
170,"medium_woody_stems","south","Kalmia_latifolia","5"
170,"medium_woody_stems","south","Hamamelis_virginiana","1"
170,"medium_woody_stems","south","Quercus_rubra","1"
170,"medium_woody_stems","south","Rhododendron_spp","1"
170,"large_woody_stems","south","Sassafras_albidum","7"
170,"large_woody_stems","south","Quercus_rubra","1"
170,"large_woody_stems","south","Kalmia_latifolia","4"
171,"basalarea","none","Sassafras_albidum","1"
171,"basalarea","none","Acer_rubrum","5"
171,"snag","none","snag","0"
171,"basalarea_edge","none","nodata","0"
171,"small_woody_stems","north","Vaccinium_spp","9"
171,"small_woody_stems","north","Kalmia_latifolia","3"
171,"medium_woody_stems","north","Kalmia_latifolia","6"
171,"large_woody_stems","north","Kalmia_latifolia","1"
171,"large_woody_stems","north","Acer_rubrum","4"
171,"large_woody_stems","north","Hamamelis_virginiana","16"
171,"large_woody_stems","north","Prunus_serotina","1"
171,"large_woody_stems","north","Quercus_rubra","6"
171,"small_woody_stems","south","Kalmia_latifolia","3"
171,"medium_woody_stems","south","Kalmia_latifolia","1"
171,"medium_woody_stems","south","Hamamelis_virginiana","1"
171,"large_woody_stems","south","Hamamelis_virginiana","18"
171,"large_woody_stems","south","Quercus_rubra","6"
171,"large_woody_stems","south","Sassafras_albidum","5"
171,"large_woody_stems","south","Acer_rubrum","3"
172,"basalarea","none","Quercus_montana","1"
172,"snag","none","snag","0"
172,"basalarea_edge","none","nodata","0"
172,"small_woody_stems","north","Betula_lenta","2"
172,"small_woody_stems","north","Acer_rubrum","1"
172,"small_woody_stems","north","Sassafras_albidum","5"
172,"small_woody_stems","north","Nyssa_sylvatica","3"
172,"small_woody_stems","north","Vaccinium_spp","48"
172,"small_woody_stems","north","Kalmia_latifolia","37"
172,"small_woody_stems","north","Hamamelis_virginiana","3"
172,"medium_woody_stems","north","Sassafras_albidum","6"
172,"medium_woody_stems","north","Hamamelis_virginiana","3"
172,"medium_woody_stems","north","Kalmia_latifolia","18"
172,"medium_woody_stems","north","Vaccinium_spp","4"
172,"medium_woody_stems","north","Betula_lenta","2"
172,"large_woody_stems","north","Hamamelis_virginiana","5"
172,"large_woody_stems","north","Sassafras_albidum","10"
172,"large_woody_stems","north","Betula_lenta","10"
172,"large_woody_stems","north","Nyssa_sylvatica","1"
172,"small_woody_stems","south","Sassafras_albidum","6"
172,"small_woody_stems","south","Kalmia_latifolia","67"
172,"small_woody_stems","south","Vaccinium_spp","5"
172,"small_woody_stems","south","Betula_lenta","2"
172,"small_woody_stems","south","Nyssa_sylvatica","1"
172,"small_woody_stems","south","Acer_rubrum","1"
172,"medium_woody_stems","south","Betula_lenta","1"
172,"medium_woody_stems","south","Kalmia_latifolia","6"
172,"medium_woody_stems","south","Nyssa_sylvatica","1"
172,"medium_woody_stems","south","Pinus_strobus","1"
172,"large_woody_stems","south","Sassafras_albidum","25"
172,"large_woody_stems","south","Hamamelis_virginiana","16"
172,"large_woody_stems","south","Betula_lenta","4"
172,"large_woody_stems","south","Kalmia_latifolia","1"
173,"basalarea","none","Quercus_montana","1"
173,"snag","none","snag","0"
173,"basalarea_edge","none","nodata","0"
173,"small_woody_stems","north","Vaccinium_spp","9"
173,"small_woody_stems","north","Kalmia_latifolia","7"
173,"small_woody_stems","north","Sassafras_albidum","4"
173,"medium_woody_stems","north","Quercus_montana","1"
173,"medium_woody_stems","north","Sassafras_albidum","8"
173,"medium_woody_stems","north","Hamamelis_virginiana","1"
173,"medium_woody_stems","north","Kalmia_latifolia","18"
173,"medium_woody_stems","north","Betula_lenta","2"
173,"medium_woody_stems","north","Vaccinium_spp","17"
173,"large_woody_stems","north","Betula_lenta","4"
173,"large_woody_stems","north","Hamamelis_virginiana","3"
173,"large_woody_stems","north","Sassafras_albidum","15"
173,"small_woody_stems","south","Sassafras_albidum","4"
173,"small_woody_stems","south","Pinus_strobus","1"
173,"small_woody_stems","south","Kalmia_latifolia","1"
173,"medium_woody_stems","south","Kalmia_latifolia","7"
173,"medium_woody_stems","south","Pinus_strobus","1"
173,"medium_woody_stems","south","Acer_rubrum","6"
173,"large_woody_stems","south","Betula_lenta","4"
173,"large_woody_stems","south","Sassafras_albidum","17"
173,"large_woody_stems","south","Hamamelis_virginiana","1"
173,"large_woody_stems","south","Quercus_rubra","1"
174,"basalarea","none","Quercus_montana","1"
174,"snag","none","snag","0"
174,"basalarea_edge","none","nodata","0"
174,"small_woody_stems","north","Kalmia_latifolia","11"
174,"small_woody_stems","north","Hamamelis_virginiana","1"
174,"small_woody_stems","north","Sassafras_albidum","2"
174,"small_woody_stems","north","Vaccinium_spp","12"
174,"small_woody_stems","north","Quercus_montana","1"
174,"medium_woody_stems","north","Kalmia_latifolia","16"
174,"medium_woody_stems","north","Vaccinium_spp","5"
174,"medium_woody_stems","north","Sassafras_albidum","4"
174,"medium_woody_stems","north","Betula_lenta","1"
174,"large_woody_stems","north","Sassafras_albidum","24"
174,"large_woody_stems","north","Betula_lenta","3"
174,"small_woody_stems","south","Kalmia_latifolia","5"
174,"small_woody_stems","south","Vaccinium_spp","20"
174,"small_woody_stems","south","Sassafras_albidum","1"
174,"small_woody_stems","south","Betula_lenta","1"
174,"medium_woody_stems","south","Hamamelis_virginiana","2"
174,"medium_woody_stems","south","Sassafras_albidum","4"
174,"medium_woody_stems","south","Vaccinium_spp","54"
174,"medium_woody_stems","south","Pinus_strobus","2"
174,"medium_woody_stems","south","Kalmia_latifolia","1"
174,"large_woody_stems","south","Sassafras_albidum","9"
174,"large_woody_stems","south","Hamamelis_virginiana","1"
174,"large_woody_stems","south","Acer_rubrum","1"
174,"large_woody_stems","south","Betula_lenta","1"
174,"large_woody_stems","south","Quercus_montana","1"
175,"snag","none","snag","0"
175,"basalarea_edge","none","nodata","0"
175,"medium_woody_stems","north","Amelanchier_spp","1"
175,"large_woody_stems","north","Acer_rubrum","1"
175,"large_woody_stems","north","Sassafras_albidum","3"
175,"large_woody_stems","north","Amelanchier_spp","1"
175,"large_woody_stems","north","Hamamelis_virginiana","16"
175,"small_woody_stems","south","Sassafras_albidum","3"
175,"medium_woody_stems","south","Sassafras_albidum","5"
175,"large_woody_stems","south","Sassafras_albidum","10"
176,"basalarea","none","Quercus_montana","3"
176,"basalarea","none","Quercus_rubra","1"
176,"snag","none","snag","0"
176,"basalarea_edge","none","nodata","0"
176,"small_woody_stems","north","Acer_rubrum","2"
176,"small_woody_stems","north","Sassafras_albidum","6"
176,"small_woody_stems","north","Vaccinium_spp","4"
176,"small_woody_stems","north","Kalmia_latifolia","15"
176,"small_woody_stems","north","Pinus_strobus","1"
176,"medium_woody_stems","north","Sassafras_albidum","14"
176,"medium_woody_stems","north","Kalmia_latifolia","18"
176,"medium_woody_stems","north","Quercus_rubra","1"
176,"large_woody_stems","north","Quercus_rubra","1"
176,"large_woody_stems","north","Sassafras_albidum","24"
176,"large_woody_stems","north","Kalmia_latifolia","4"
176,"small_woody_stems","south","Sassafras_albidum","12"
176,"small_woody_stems","south","Betula_lenta","9"
176,"small_woody_stems","south","Vaccinium_spp","40"
176,"small_woody_stems","south","Kalmia_latifolia","22"
176,"small_woody_stems","south","Quercus_montana","4"
176,"small_woody_stems","south","Rhododendron_spp","7"
176,"medium_woody_stems","south","Sassafras_albidum","13"
176,"medium_woody_stems","south","Betula_lenta","7"
176,"medium_woody_stems","south","Kalmia_latifolia","27"
176,"medium_woody_stems","south","Amelanchier_spp","1"
176,"medium_woody_stems","south","Quercus_montana","3"
176,"medium_woody_stems","south","Pinus_strobus","1"
176,"medium_woody_stems","south","Vaccinium_spp","1"
176,"large_woody_stems","south","Sassafras_albidum","11"
176,"large_woody_stems","south","Hamamelis_virginiana","1"
176,"large_woody_stems","south","Betula_lenta","1"
177,"basalarea","none","Quercus_montana","7"
177,"snag","none","snag","0"
177,"basalarea_edge","none","nodata","0"
177,"small_woody_stems","north","Sassafras_albidum","2"
177,"small_woody_stems","north","Kalmia_latifolia","46"
177,"small_woody_stems","north","Vaccinium_spp","20"
177,"small_woody_stems","north","Pinus_strobus","2"
177,"medium_woody_stems","north","Sassafras_albidum","2"
177,"medium_woody_stems","north","Hamamelis_virginiana","4"
177,"medium_woody_stems","north","Kalmia_latifolia","12"
177,"medium_woody_stems","north","Quercus_montana","2"
177,"medium_woody_stems","north","Betula_lenta","1"
177,"large_woody_stems","north","Sassafras_albidum","22"
177,"large_woody_stems","north","Hamamelis_virginiana","16"
177,"large_woody_stems","north","Betula_lenta","3"
177,"large_woody_stems","north","Quercus_montana","1"
177,"small_woody_stems","south","Kalmia_latifolia","56"
177,"small_woody_stems","south","Sassafras_albidum","15"
177,"small_woody_stems","south","Vaccinium_spp","15"
177,"small_woody_stems","south","Quercus_montana","1"
177,"small_woody_stems","south","Hamamelis_virginiana","1"
177,"small_woody_stems","south","Betula_lenta","2"
177,"medium_woody_stems","south","Kalmia_latifolia","6"
177,"medium_woody_stems","south","Betula_lenta","1"
177,"medium_woody_stems","south","Sassafras_albidum","5"
177,"medium_woody_stems","south","Hamamelis_virginiana","1"
177,"large_woody_stems","south","Hamamelis_virginiana","2"
177,"large_woody_stems","south","Sassafras_albidum","2"
178,"basalarea","none","Sassafras_albidum","1"
178,"basalarea","none","Betula_lenta","1"
178,"snag","none","snag","0"
178,"basalarea_edge","none","nodata","1"
178,"small_woody_stems","north","Betula_lenta","2"
178,"small_woody_stems","north","Hamamelis_virginiana","1"
178,"small_woody_stems","north","Carya_spp","1"
178,"small_woody_stems","north","Vaccinium_spp","2"
178,"small_woody_stems","north","Kalmia_latifolia","14"
178,"small_woody_stems","north","Acer_rubrum","2"
178,"small_woody_stems","north","Gaylussacia_spp","11"
178,"medium_woody_stems","north","Betula_lenta","1"
178,"medium_woody_stems","north","Kalmia_latifolia","13"
178,"medium_woody_stems","north","Sassafras_albidum","1"
178,"large_woody_stems","north","Sassafras_albidum","4"
178,"large_woody_stems","north","Betula_lenta","12"
178,"large_woody_stems","north","Kalmia_latifolia","4"
178,"large_woody_stems","north","Hamamelis_virginiana","7"
178,"small_woody_stems","south","Pinus_strobus","1"
178,"small_woody_stems","south","Carya_spp","1"
178,"small_woody_stems","south","Kalmia_latifolia","19"
178,"small_woody_stems","south","Betula_lenta","2"
178,"medium_woody_stems","south","Betula_lenta","6"
178,"medium_woody_stems","south","Kalmia_latifolia","5"
178,"large_woody_stems","south","Sassafras_albidum","11"
178,"large_woody_stems","south","Betula_lenta","41"
178,"large_woody_stems","south","Hamamelis_virginiana","1"
179,"basalarea","none","Quercus_rubra","4"
179,"basalarea","none","Quercus_montana","1"
179,"snag","none","snag","0"
179,"basalarea_edge","none","nodata","2"
179,"small_woody_stems","north","Pinus_strobus","3"
179,"small_woody_stems","north","Sassafras_albidum","4"
179,"small_woody_stems","north","Quercus_montana","6"
179,"small_woody_stems","north","Hamamelis_virginiana","1"
179,"small_woody_stems","north","Amelanchier_spp","1"
179,"small_woody_stems","north","Prunus_serotina","1"
179,"small_woody_stems","north","Acer_pensylvanicum","2"
179,"medium_woody_stems","north","Sassafras_albidum","8"
179,"medium_woody_stems","north","Quercus_montana","1"
179,"large_woody_stems","north","Sassafras_albidum","5"
179,"small_woody_stems","south","Quercus_rubra","2"
179,"small_woody_stems","south","Pinus_strobus","1"
179,"small_woody_stems","south","Acer_rubrum","1"
179,"small_woody_stems","south","Kalmia_latifolia","8"
179,"small_woody_stems","south","Quercus_montana","1"
179,"small_woody_stems","south","Hamamelis_virginiana","1"
179,"medium_woody_stems","south","Quercus_rubra","2"
179,"medium_woody_stems","south","Acer_pensylvanicum","1"
179,"medium_woody_stems","south","Kalmia_latifolia","1"
179,"medium_woody_stems","south","Quercus_montana","1"
179,"medium_woody_stems","south","Hamamelis_virginiana","1"
179,"large_woody_stems","south","Sassafras_albidum","5"
179,"large_woody_stems","south","Acer_pensylvanicum","4"
179,"large_woody_stems","south","Prunus_serotina","1"
179,"large_woody_stems","south","Quercus_montana","1"
179,"large_woody_stems","south","Quercus_rubra","7"
179,"large_woody_stems","south","Acer_rubrum","5"
180,"basalarea","none","Sassafras_albidum","2"
180,"basalarea","none","Quercus_rubra","2"
180,"snag","none","snag","0"
180,"basalarea_edge","none","nodata","0"
180,"small_woody_stems","north","Betula_lenta","2"
180,"small_woody_stems","north","Quercus_rubra","1"
180,"small_woody_stems","north","Gaylussacia_spp","39"
180,"small_woody_stems","north","Hamamelis_virginiana","5"
180,"small_woody_stems","north","Sassafras_albidum","2"
180,"small_woody_stems","north","Rhododendron_spp","3"
180,"small_woody_stems","north","Kalmia_latifolia","23"
180,"medium_woody_stems","north","Hamamelis_virginiana","1"
180,"medium_woody_stems","north","Kalmia_latifolia","10"
180,"medium_woody_stems","north","Rhododendron_spp","5"
180,"medium_woody_stems","north","Gaylussacia_spp","40"
180,"medium_woody_stems","north","Quercus_rubra","1"
180,"large_woody_stems","north","Sassafras_albidum","10"
180,"large_woody_stems","north","Kalmia_latifolia","5"
180,"large_woody_stems","north","Hamamelis_virginiana","6"
180,"small_woody_stems","south","Hamamelis_virginiana","2"
180,"small_woody_stems","south","Kalmia_latifolia","48"
180,"small_woody_stems","south","Gaylussacia_spp","42"
180,"small_woody_stems","south","Sassafras_albidum","2"
180,"small_woody_stems","south","Quercus_rubra","1"
180,"small_woody_stems","south","Rhododendron_spp","3"
180,"medium_woody_stems","south","Sassafras_albidum","13"
180,"medium_woody_stems","south","Hamamelis_virginiana","11"
180,"medium_woody_stems","south","Kalmia_latifolia","11"
180,"medium_woody_stems","south","Gaylussacia_spp","16"
180,"medium_woody_stems","south","Betula_lenta","3"
180,"medium_woody_stems","south","Rhododendron_spp","2"
180,"large_woody_stems","south","Sassafras_albidum","12"
180,"large_woody_stems","south","Hamamelis_virginiana","4"
180,"large_woody_stems","south","Betula_lenta","3"
180,"large_woody_stems","south","Kalmia_latifolia","6"
181,"basalarea","none","Quercus_montana","2"
181,"snag","none","snag","0"
181,"basalarea_edge","none","nodata","1"
181,"small_woody_stems","north","Acer_rubrum","1"
181,"small_woody_stems","north","Kalmia_latifolia","7"
181,"small_woody_stems","north","Pinus_strobus","1"
181,"small_woody_stems","north","Quercus_montana","12"
181,"small_woody_stems","north","Sassafras_albidum","1"
181,"small_woody_stems","north","Quercus_rubra","1"
181,"small_woody_stems","north","Vaccinium_spp","4"
181,"small_woody_stems","north","Rhododendron_spp","1"
181,"medium_woody_stems","north","Sassafras_albidum","1"
181,"medium_woody_stems","north","Kalmia_latifolia","8"
181,"medium_woody_stems","north","Quercus_montana","1"
181,"large_woody_stems","north","Sassafras_albidum","10"
181,"large_woody_stems","north","Quercus_rubra","1"
181,"large_woody_stems","north","Quercus_montana","1"
181,"small_woody_stems","south","Quercus_montana","3"
181,"small_woody_stems","south","Quercus_rubra","2"
181,"small_woody_stems","south","Vaccinium_spp","9"
181,"small_woody_stems","south","Rhododendron_spp","3"
181,"small_woody_stems","south","Pinus_strobus","1"
181,"medium_woody_stems","south","Aralia_spinosa","3"
181,"large_woody_stems","south","Betula_lenta","3"
181,"large_woody_stems","south","Sassafras_albidum","4"
181,"large_woody_stems","south","Aralia_spinosa","1"
181,"large_woody_stems","south","Prunus_serotina","1"
182,"basalarea","none","Quercus_rubra","2"
182,"basalarea","none","Quercus_montana","5"
182,"basalarea","none","Acer_rubrum","1"
182,"snag","none","snag","0"
182,"basalarea_edge","none","nodata","1"
182,"small_woody_stems","north","Sassafras_albidum","1"
182,"large_woody_stems","north","Hamamelis_virginiana","1"
182,"large_woody_stems","north","Acer_rubrum","1"
182,"small_woody_stems","south","Acer_rubrum","1"
182,"small_woody_stems","south","Quercus_rubra","1"
182,"medium_woody_stems","south","Hamamelis_virginiana","1"
182,"medium_woody_stems","south","Acer_rubrum","1"
182,"medium_woody_stems","south","Sassafras_albidum","1"
182,"large_woody_stems","south","Quercus_rubra","1"
182,"large_woody_stems","south","Hamamelis_virginiana","2"
182,"large_woody_stems","south","Acer_rubrum","4"
182,"large_woody_stems","south","Sassafras_albidum","2"
183,"basalarea","none","Acer_rubrum","3"
183,"basalarea","none","Quercus_montana","3"
183,"basalarea","none","Quercus_rubra","1"
183,"snag","none","snag","0"
183,"basalarea_edge","none","nodata","0"
183,"small_woody_stems","north","Kalmia_latifolia","7"
183,"small_woody_stems","north","Acer_rubrum","1"
183,"medium_woody_stems","north","Hamamelis_virginiana","3"
183,"medium_woody_stems","north","Kalmia_latifolia","11"
183,"medium_woody_stems","north","Quercus_rubra","3"
183,"large_woody_stems","north","Hamamelis_virginiana","14"
183,"large_woody_stems","north","Sassafras_albidum","2"
183,"large_woody_stems","north","Kalmia_latifolia","16"
183,"large_woody_stems","north","Acer_rubrum","2"
183,"small_woody_stems","south","Kalmia_latifolia","6"
183,"small_woody_stems","south","Hamamelis_virginiana","1"
183,"medium_woody_stems","south","Kalmia_latifolia","12"
183,"medium_woody_stems","south","Hamamelis_virginiana","7"
183,"medium_woody_stems","south","Quercus_rubra","2"
183,"large_woody_stems","south","Sassafras_albidum","6"
183,"large_woody_stems","south","Hamamelis_virginiana","16"
183,"large_woody_stems","south","Quercus_rubra","1"
183,"large_woody_stems","south","Kalmia_latifolia","5"
184,"basalarea","none","Quercus_montana","1"
184,"snag","none","snag","0"
184,"basalarea_edge","none","nodata","0"
184,"small_woody_stems","north","Acer_rubrum","5"
184,"small_woody_stems","north","Gaylussacia_spp","25"
184,"small_woody_stems","north","Kalmia_latifolia","18"
184,"small_woody_stems","north","Quercus_rubra","1"
184,"small_woody_stems","north","Sassafras_albidum","3"
184,"medium_woody_stems","north","Sassafras_albidum","8"
184,"medium_woody_stems","north","Gaylussacia_spp","11"
184,"medium_woody_stems","north","Kalmia_latifolia","17"
184,"medium_woody_stems","north","Quercus_rubra","2"
184,"medium_woody_stems","north","Acer_rubrum","1"
184,"large_woody_stems","north","Sassafras_albidum","12"
184,"large_woody_stems","north","Quercus_montana","1"
184,"large_woody_stems","north","Quercus_rubra","14"
184,"large_woody_stems","north","Kalmia_latifolia","15"
184,"large_woody_stems","north","Acer_rubrum","1"
184,"small_woody_stems","south","Acer_rubrum","6"
184,"small_woody_stems","south","Gaylussacia_spp","29"
184,"small_woody_stems","south","Quercus_montana","2"
184,"small_woody_stems","south","Kalmia_latifolia","9"
184,"small_woody_stems","south","Sassafras_albidum","1"
184,"medium_woody_stems","south","Kalmia_latifolia","6"
184,"medium_woody_stems","south","Betula_lenta","4"
184,"medium_woody_stems","south","Quercus_montana","4"
184,"large_woody_stems","south","Quercus_rubra","3"
184,"large_woody_stems","south","Betula_lenta","1"
184,"large_woody_stems","south","Sassafras_albidum","12"
184,"large_woody_stems","south","Quercus_montana","1"
184,"large_woody_stems","south","Kalmia_latifolia","7"
184,"large_woody_stems","south","Castanea_dentata","9"
185,"basalarea","none","Quercus_montana","2"
185,"basalarea","none","Quercus_rubra","5"
185,"snag","none","snag","0"
185,"basalarea_edge","none","nodata","1"
185,"small_woody_stems","north","Quercus_rubra","3"
185,"small_woody_stems","north","Acer_rubrum","4"
185,"small_woody_stems","north","Prunus_serotina","1"
185,"small_woody_stems","north","Hamamelis_virginiana","6"
185,"small_woody_stems","north","Sassafras_albidum","18"
185,"small_woody_stems","north","Pinus_strobus","2"
185,"small_woody_stems","north","Kalmia_latifolia","22"
185,"small_woody_stems","north","Rhododendron_spp","3"
185,"medium_woody_stems","north","Kalmia_latifolia","19"
185,"medium_woody_stems","north","Sassafras_albidum","6"
185,"large_woody_stems","north","Hamamelis_virginiana","15"
185,"large_woody_stems","north","Sassafras_albidum","7"
185,"large_woody_stems","north","Acer_rubrum","3"
185,"large_woody_stems","north","Prunus_serotina","1"
185,"small_woody_stems","south","Rhododendron_spp","4"
185,"small_woody_stems","south","Gaylussacia_spp","5"
185,"small_woody_stems","south","Sassafras_albidum","5"
185,"small_woody_stems","south","Kalmia_latifolia","25"
185,"small_woody_stems","south","Acer_rubrum","2"
185,"small_woody_stems","south","Hamamelis_virginiana","1"
185,"small_woody_stems","south","Quercus_rubra","1"
185,"medium_woody_stems","south","Hamamelis_virginiana","3"
185,"large_woody_stems","south","Sassafras_albidum","5"
185,"large_woody_stems","south","Hamamelis_virginiana","1"
186,"snag","none","snag","0"
186,"basalarea_edge","none","nodata","0"
186,"small_woody_stems","north","Acer_rubrum","1"
186,"small_woody_stems","north","Quercus_montana","2"
186,"small_woody_stems","north","Gaylussacia_spp","86"
186,"small_woody_stems","north","Sassafras_albidum","3"
186,"small_woody_stems","north","Kalmia_latifolia","27"
186,"small_woody_stems","north","Quercus_rubra","1"
186,"medium_woody_stems","north","Sassafras_albidum","7"
186,"medium_woody_stems","north","Quercus_montana","2"
186,"medium_woody_stems","north","Kalmia_latifolia","19"
186,"medium_woody_stems","north","Gaylussacia_spp","1"
186,"medium_woody_stems","north","Quercus_rubra","1"
186,"large_woody_stems","north","Sassafras_albidum","20"
186,"large_woody_stems","north","Quercus_rubra","2"
186,"small_woody_stems","south","Gaylussacia_spp","35"
186,"small_woody_stems","south","Sassafras_albidum","4"
186,"small_woody_stems","south","Kalmia_latifolia","28"
186,"small_woody_stems","south","Quercus_montana","1"
186,"medium_woody_stems","south","Sassafras_albidum","4"
186,"medium_woody_stems","south","Kalmia_latifolia","29"
186,"medium_woody_stems","south","Quercus_rubra","2"
186,"medium_woody_stems","south","Acer_rubrum","2"
186,"large_woody_stems","south","Sassafras_albidum","22"
186,"large_woody_stems","south","Acer_rubrum","20"
186,"large_woody_stems","south","Quercus_rubra","2"
186,"large_woody_stems","south","Amelanchier_spp","1"
186,"large_woody_stems","south","Quercus_montana","1"
187,"basalarea","none","Quercus_montana","4"
187,"basalarea","none","Quercus_rubra","1"
187,"basalarea","none","Sassafras_albidum","2"
187,"snag","none","snag","0"
187,"basalarea_edge","none","nodata","0"
187,"small_woody_stems","north","Kalmia_latifolia","9"
187,"small_woody_stems","north","Sassafras_albidum","2"
187,"small_woody_stems","north","Gaylussacia_spp","1"
187,"small_woody_stems","north","Vaccinium_spp","1"
187,"small_woody_stems","north","Pinus_strobus","1"
187,"medium_woody_stems","north","Quercus_rubra","1"
187,"medium_woody_stems","north","Gaylussacia_spp","42"
187,"medium_woody_stems","north","Hamamelis_virginiana","3"
187,"medium_woody_stems","north","Sassafras_albidum","8"
187,"medium_woody_stems","north","Kalmia_latifolia","18"
187,"medium_woody_stems","north","Rhododendron_spp","5"
187,"medium_woody_stems","north","Acer_rubrum","4"
187,"large_woody_stems","north","Sassafras_albidum","7"
187,"large_woody_stems","north","Hamamelis_virginiana","5"
187,"large_woody_stems","north","Vaccinium_spp","1"
187,"large_woody_stems","north","Betula_lenta","1"
187,"large_woody_stems","north","Quercus_rubra","2"
187,"small_woody_stems","south","Vaccinium_spp","1"
187,"small_woody_stems","south","Pinus_strobus","1"
187,"small_woody_stems","south","Quercus_rubra","5"
187,"small_woody_stems","south","Sassafras_albidum","2"
187,"small_woody_stems","south","Rhododendron_spp","1"
187,"small_woody_stems","south","Kalmia_latifolia","10"
187,"small_woody_stems","south","Gaylussacia_spp","4"
187,"medium_woody_stems","south","Kalmia_latifolia","52"
187,"medium_woody_stems","south","Sassafras_albidum","1"
187,"medium_woody_stems","south","Hamamelis_virginiana","3"
187,"medium_woody_stems","south","Rhododendron_spp","9"
187,"medium_woody_stems","south","Gaylussacia_spp","18"
187,"large_woody_stems","south","Sassafras_albidum","8"
187,"large_woody_stems","south","Fagus_grandifolia","1"
187,"large_woody_stems","south","Kalmia_latifolia","1"
187,"large_woody_stems","south","Betula_lenta","3"
187,"large_woody_stems","south","Acer_rubrum","3"
187,"large_woody_stems","south","Hamamelis_virginiana","1"
188,"basalarea","none","Quercus_rubra","1"
188,"basalarea","none","Quercus_montana","2"
188,"snag","none","snag","0"
188,"basalarea_edge","none","nodata","2"
188,"small_woody_stems","north","Sassafras_albidum","5"
188,"small_woody_stems","north","Kalmia_latifolia","10"
188,"medium_woody_stems","north","Sassafras_albidum","9"
188,"medium_woody_stems","north","Kalmia_latifolia","32"
188,"medium_woody_stems","north","Pinus_strobus","1"
188,"large_woody_stems","north","Sassafras_albidum","7"
188,"large_woody_stems","north","Kalmia_latifolia","7"
188,"large_woody_stems","north","Hamamelis_virginiana","8"
188,"small_woody_stems","south","Acer_rubrum","1"
188,"small_woody_stems","south","Kalmia_latifolia","14"
188,"small_woody_stems","south","Vaccinium_spp","4"
188,"small_woody_stems","south","Quercus_montana","1"
188,"small_woody_stems","south","Castanea_dentata","1"
188,"small_woody_stems","south","Sassafras_albidum","1"
188,"small_woody_stems","south","Gaylussacia_spp","11"
188,"medium_woody_stems","south","Quercus_rubra","1"
188,"medium_woody_stems","south","Acer_rubrum","1"
188,"medium_woody_stems","south","Sassafras_albidum","4"
188,"medium_woody_stems","south","Quercus_montana","1"
188,"medium_woody_stems","south","Kalmia_latifolia","14"
188,"medium_woody_stems","south","Amelanchier_spp","1"
188,"medium_woody_stems","south","Hamamelis_virginiana","2"
188,"large_woody_stems","south","Acer_rubrum","6"
188,"large_woody_stems","south","Sassafras_albidum","4"
188,"large_woody_stems","south","Kalmia_latifolia","6"
188,"large_woody_stems","south","Hamamelis_virginiana","8"
188,"large_woody_stems","south","Quercus_montana","1"
188,"large_woody_stems","south","Castanea_dentata","1"
188,"large_woody_stems","south","Quercus_rubra","1"
189,"basalarea","none","Quercus_montana","1"
189,"basalarea","none","Quercus_rubra","1"
189,"snag","none","snag","0"
189,"basalarea_edge","none","nodata","0"
189,"small_woody_stems","north","Pinus_strobus","1"
189,"small_woody_stems","north","Acer_rubrum","2"
189,"small_woody_stems","north","Kalmia_latifolia","8"
189,"small_woody_stems","north","Sassafras_albidum","1"
189,"small_woody_stems","north","Castanea_dentata","1"
189,"small_woody_stems","north","Vaccinium_spp","1"
189,"small_woody_stems","north","Quercus_montana","1"
189,"medium_woody_stems","north","Sassafras_albidum","1"
189,"medium_woody_stems","north","Kalmia_latifolia","5"
189,"medium_woody_stems","north","Hamamelis_virginiana","3"
189,"medium_woody_stems","north","Quercus_montana","3"
189,"medium_woody_stems","north","Acer_rubrum","2"
189,"large_woody_stems","north","Sassafras_albidum","18"
189,"large_woody_stems","north","Acer_rubrum","1"
189,"large_woody_stems","north","Hamamelis_virginiana","3"
189,"large_woody_stems","north","Amelanchier_spp","1"
189,"large_woody_stems","north","Quercus_montana","1"
189,"small_woody_stems","south","Sassafras_albidum","3"
189,"small_woody_stems","south","Vaccinium_spp","1"
189,"small_woody_stems","south","Gaylussacia_spp","4"
189,"small_woody_stems","south","Quercus_rubra","1"
189,"small_woody_stems","south","Hamamelis_virginiana","1"
189,"small_woody_stems","south","Kalmia_latifolia","13"
189,"medium_woody_stems","south","Sassafras_albidum","2"
189,"medium_woody_stems","south","Hamamelis_virginiana","6"
189,"medium_woody_stems","south","Kalmia_latifolia","6"
189,"large_woody_stems","south","Sassafras_albidum","13"
189,"large_woody_stems","south","Hamamelis_virginiana","10"
189,"large_woody_stems","south","Acer_rubrum","4"
189,"large_woody_stems","south","Castanea_dentata","1"
190,"basalarea","none","Quercus_rubra","2"
190,"basalarea","none","Sassafras_albidum","3"
190,"basalarea","none","Acer_rubrum","2"
190,"basalarea","none","Hamamelis_virginiana","1"
190,"snag","none","snag","0"
190,"basalarea_edge","none","nodata","2"
190,"small_woody_stems","north","Gaylussacia_spp","12"
190,"small_woody_stems","north","Hamamelis_virginiana","2"
190,"small_woody_stems","north","Acer_rubrum","2"
190,"small_woody_stems","north","Vaccinium_spp","3"
190,"medium_woody_stems","north","Acer_rubrum","2"
190,"medium_woody_stems","north","Gaylussacia_spp","5"
190,"medium_woody_stems","north","Hamamelis_virginiana","4"
190,"medium_woody_stems","north","Amelanchier_spp","1"
190,"medium_woody_stems","north","Quercus_rubra","2"
190,"large_woody_stems","north","Hamamelis_virginiana","12"
190,"large_woody_stems","north","Amelanchier_spp","1"
190,"large_woody_stems","north","Acer_rubrum","5"
190,"large_woody_stems","north","Sassafras_albidum","3"
190,"large_woody_stems","north","Quercus_rubra","3"
190,"small_woody_stems","south","Kalmia_latifolia","1"
190,"small_woody_stems","south","Acer_rubrum","4"
190,"small_woody_stems","south","Gaylussacia_spp","7"
190,"medium_woody_stems","south","Hamamelis_virginiana","2"
190,"medium_woody_stems","south","Quercus_montana","2"
190,"medium_woody_stems","south","Ilex_spp","1"
190,"medium_woody_stems","south","Kalmia_latifolia","2"
190,"medium_woody_stems","south","Quercus_alba","1"
190,"medium_woody_stems","south","Rhododendron_spp","5"
190,"medium_woody_stems","south","Gaylussacia_spp","3"
190,"large_woody_stems","south","Acer_rubrum","3"
190,"large_woody_stems","south","Hamamelis_virginiana","12"
190,"large_woody_stems","south","Quercus_montana","1"
190,"large_woody_stems","south","Sassafras_albidum","2"
190,"large_woody_stems","south","Betula_lenta","1"
190,"large_woody_stems","south","Quercus_rubra","2"
190,"large_woody_stems","south","Quercus_alba","1"
191,"basalarea","none","Sassafras_albidum","1"
191,"basalarea","none","Quercus_rubra","1"
191,"basalarea","none","Acer_rubrum","1"
191,"snag","none","snag","0"
191,"basalarea_edge","none","nodata","1"
191,"small_woody_stems","north","Comptonia_peregrina","1"
191,"large_woody_stems","north","Hamamelis_virginiana","6"
191,"large_woody_stems","north","Acer_rubrum","2"
191,"large_woody_stems","north","Quercus_montana","1"
191,"small_woody_stems","south","Vaccinium_spp","1"
191,"medium_woody_stems","south","Rhododendron_spp","1"
191,"medium_woody_stems","south","Hamamelis_virginiana","5"
191,"medium_woody_stems","south","Acer_rubrum","2"
191,"large_woody_stems","south","Hamamelis_virginiana","16"
191,"large_woody_stems","south","Amelanchier_spp","1"
191,"large_woody_stems","south","Sassafras_albidum","3"
191,"large_woody_stems","south","Acer_rubrum","8"
191,"large_woody_stems","south","Prunus_serotina","2"
191,"large_woody_stems","south","Quercus_rubra","1"
191,"large_woody_stems","south","Rhododendron_spp","1"
191,"large_woody_stems","south","Quercus_montana","1"
191,"large_woody_stems","south","Betula_lenta","1"
192,"basalarea","none","Acer_rubrum","1"
192,"snag","none","snag","0"
192,"basalarea_edge","none","nodata","1"
192,"small_woody_stems","north","Pinus_strobus","1"
192,"small_woody_stems","north","Gaylussacia_spp","2"
192,"small_woody_stems","north","Rhododendron_spp","1"
192,"small_woody_stems","north","Kalmia_latifolia","3"
192,"medium_woody_stems","north","Kalmia_latifolia","3"
192,"medium_woody_stems","north","Gaylussacia_spp","1"
192,"medium_woody_stems","north","Quercus_montana","2"
192,"large_woody_stems","north","Sassafras_albidum","21"
192,"large_woody_stems","north","Magnolia_accuminata","1"
192,"large_woody_stems","north","Quercus_rubra","3"
192,"large_woody_stems","north","Quercus_montana","2"
192,"small_woody_stems","south","Rhododendron_spp","10"
192,"small_woody_stems","south","Quercus_rubra","2"
192,"small_woody_stems","south","Pinus_strobus","1"
192,"small_woody_stems","south","Gaylussacia_spp","5"
192,"small_woody_stems","south","Sassafras_albidum","6"
192,"small_woody_stems","south","Kalmia_latifolia","4"
192,"medium_woody_stems","south","Sassafras_albidum","7"
192,"medium_woody_stems","south","Kalmia_latifolia","7"
192,"medium_woody_stems","south","Hamamelis_virginiana","1"
192,"medium_woody_stems","south","Quercus_montana","1"
192,"large_woody_stems","south","Sassafras_albidum","10"
192,"large_woody_stems","south","Magnolia_accuminata","1"
193,"basalarea","none","Acer_rubrum","2"
193,"basalarea","none","Quercus_montana","2"
193,"snag","none","snag","0"
193,"basalarea_edge","none","nodata","0"
193,"small_woody_stems","north","Sassafras_albidum","1"
193,"small_woody_stems","north","Hamamelis_virginiana","2"
193,"medium_woody_stems","north","Sassafras_albidum","2"
193,"medium_woody_stems","north","Quercus_rubra","1"
193,"large_woody_stems","north","Sassafras_albidum","2"
193,"large_woody_stems","north","Hamamelis_virginiana","16"
193,"large_woody_stems","north","Amelanchier_spp","1"
193,"large_woody_stems","north","Prunus_serotina","1"
193,"large_woody_stems","north","Quercus_montana","1"
193,"small_woody_stems","south","Hamamelis_virginiana","1"
193,"medium_woody_stems","south","Sassafras_albidum","1"
193,"large_woody_stems","south","Sassafras_albidum","1"
194,"basalarea","none","Quercus_montana","1"
194,"snag","none","snag","0"
194,"basalarea_edge","none","nodata","0"
194,"small_woody_stems","north","Pinus_strobus","1"
194,"small_woody_stems","north","Gaylussacia_spp","4"
194,"small_woody_stems","north","Acer_rubrum","5"
194,"small_woody_stems","north","Sassafras_albidum","7"
194,"small_woody_stems","north","Vaccinium_spp","30"
194,"small_woody_stems","north","Quercus_montana","1"
194,"small_woody_stems","north","Kalmia_latifolia","12"
194,"medium_woody_stems","north","Quercus_montana","1"
194,"medium_woody_stems","north","Rhododendron_spp","1"
194,"medium_woody_stems","north","Vaccinium_spp","3"
194,"medium_woody_stems","north","Acer_rubrum","1"
194,"medium_woody_stems","north","Sassafras_albidum","2"
194,"medium_woody_stems","north","Gaylussacia_spp","6"
194,"large_woody_stems","north","Hamamelis_virginiana","6"
194,"large_woody_stems","north","Sassafras_albidum","12"
194,"large_woody_stems","north","Quercus_montana","2"
194,"large_woody_stems","north","Quercus_rubra","1"
194,"large_woody_stems","north","Amelanchier_spp","1"
194,"small_woody_stems","south","Pinus_strobus","1"
194,"small_woody_stems","south","Gaylussacia_spp","5"
194,"small_woody_stems","south","Sassafras_albidum","8"
194,"small_woody_stems","south","Acer_rubrum","5"
194,"small_woody_stems","south","Kalmia_latifolia","27"
194,"small_woody_stems","south","Vaccinium_spp","14"
194,"medium_woody_stems","south","Kalmia_latifolia","1"
194,"medium_woody_stems","south","Sassafras_albidum","4"
194,"medium_woody_stems","south","Vaccinium_spp","3"
194,"medium_woody_stems","south","Acer_rubrum","2"
194,"large_woody_stems","south","Hamamelis_virginiana","1"
194,"large_woody_stems","south","Sassafras_albidum","21"
194,"large_woody_stems","south","Betula_lenta","1"
194,"large_woody_stems","south","Acer_rubrum","2"
195,"basalarea","none","Quercus_montana","1"
195,"basalarea","none","Sassafras_albidum","1"
195,"snag","none","snag","0"
195,"basalarea_edge","none","nodata","1"
195,"small_woody_stems","north","Kalmia_latifolia","18"
195,"small_woody_stems","north","Quercus_montana","3"
195,"small_woody_stems","north","Acer_rubrum","3"
195,"small_woody_stems","north","Sassafras_albidum","2"
195,"small_woody_stems","north","Hamamelis_virginiana","4"
195,"small_woody_stems","north","Gaylussacia_spp","70"
195,"small_woody_stems","north","Betula_lenta","2"
195,"medium_woody_stems","north","Hamamelis_virginiana","8"
195,"medium_woody_stems","north","Betula_lenta","5"
195,"medium_woody_stems","north","Acer_rubrum","1"
195,"medium_woody_stems","north","Gaylussacia_spp","2"
195,"medium_woody_stems","north","Sassafras_albidum","3"
195,"large_woody_stems","north","Sassafras_albidum","3"
195,"large_woody_stems","north","Betula_lenta","14"
195,"small_woody_stems","south","Sassafras_albidum","1"
195,"small_woody_stems","south","Rhododendron_spp","19"
195,"small_woody_stems","south","Gaylussacia_spp","49"
195,"small_woody_stems","south","Rhododendron_spp","4"
195,"small_woody_stems","south","Quercus_rubra","1"
195,"small_woody_stems","south","Kalmia_latifolia","11"
195,"medium_woody_stems","south","Kalmia_latifolia","17"
195,"medium_woody_stems","south","Betula_lenta","5"
195,"medium_woody_stems","south","Sassafras_albidum","5"
195,"medium_woody_stems","south","Quercus_rubra","1"
195,"medium_woody_stems","south","Pinus_strobus","1"
195,"medium_woody_stems","south","Gaylussacia_spp","3"
195,"large_woody_stems","south","Betula_lenta","3"
195,"large_woody_stems","south","Sassafras_albidum","13"
196,"basalarea","none","Quercus_rubra","2"
196,"basalarea","none","Acer_rubrum","2"
196,"snag","none","snag","0"
196,"basalarea_edge","none","nodata","3"
196,"medium_woody_stems","north","Quercus_rubra","2"
196,"medium_woody_stems","north","Acer_rubrum","1"
196,"large_woody_stems","north","Aralia_spinosa","2"
196,"large_woody_stems","north","Quercus_rubra","12"
196,"large_woody_stems","north","Hamamelis_virginiana","3"
196,"large_woody_stems","north","Amelanchier_spp","2"
196,"large_woody_stems","north","Prunus_serotina","1"
196,"large_woody_stems","north","Acer_rubrum","1"
196,"small_woody_stems","south","Acer_rubrum","4"
196,"small_woody_stems","south","Vaccinium_spp","3"
196,"medium_woody_stems","south","Acer_rubrum","1"
196,"medium_woody_stems","south","Amelanchier_spp","1"
196,"medium_woody_stems","south","Hamamelis_virginiana","1"
196,"large_woody_stems","south","Quercus_rubra","9"
196,"large_woody_stems","south","Acer_rubrum","9"
196,"large_woody_stems","south","Hamamelis_virginiana","7"
196,"large_woody_stems","south","Quercus_alba","1"
196,"large_woody_stems","south","Prunus_serotina","3"
196,"large_woody_stems","south","Amelanchier_spp","3"
197,"snag","none","snag","0"
197,"basalarea_edge","none","nodata","0"
197,"small_woody_stems","north","Acer_rubrum","1"
197,"medium_woody_stems","north","Acer_rubrum","1"
197,"medium_woody_stems","north","Hamamelis_virginiana","1"
197,"medium_woody_stems","north","Vaccinium_spp","1"
197,"large_woody_stems","north","Quercus_alba","1"
197,"large_woody_stems","north","Quercus_rubra","3"
197,"large_woody_stems","north","Acer_rubrum","14"
197,"large_woody_stems","north","Aralia_spinosa","1"
197,"large_woody_stems","north","Hamamelis_virginiana","6"
197,"small_woody_stems","south","Comptonia_peregrina","2"
197,"medium_woody_stems","south","Comptonia_peregrina","1"
197,"large_woody_stems","south","Acer_rubrum","2"
198,"basalarea","none","Quercus_rubra","2"
198,"snag","none","snag","0"
198,"basalarea_edge","none","nodata","1"
198,"small_woody_stems","north","Acer_rubrum","3"
198,"small_woody_stems","north","Gaylussacia_spp","2"
198,"medium_woody_stems","north","Gaylussacia_spp","3"
198,"medium_woody_stems","north","Quercus_rubra","1"
198,"medium_woody_stems","north","Acer_rubrum","3"
198,"medium_woody_stems","north","Amelanchier_spp","3"
198,"large_woody_stems","north","Acer_rubrum","14"
198,"large_woody_stems","north","Amelanchier_spp","1"
198,"large_woody_stems","north","Quercus_rubra","8"
198,"large_woody_stems","north","Hamamelis_virginiana","3"
198,"small_woody_stems","south","Amelanchier_spp","1"
198,"small_woody_stems","south","Gaylussacia_spp","5"
198,"small_woody_stems","south","Acer_rubrum","2"
198,"medium_woody_stems","south","Quercus_rubra","1"
198,"medium_woody_stems","south","Acer_rubrum","4"
198,"medium_woody_stems","south","Gaylussacia_spp","20"
198,"medium_woody_stems","south","Amelanchier_spp","3"
198,"medium_woody_stems","south","Vaccinium_spp","1"
198,"large_woody_stems","south","Quercus_rubra","4"
198,"large_woody_stems","south","Hamamelis_virginiana","4"
198,"large_woody_stems","south","Acer_rubrum","4"
198,"large_woody_stems","south","Aralia_spinosa","1"
198,"large_woody_stems","south","Prunus_serotina","1"
199,"basalarea","none","Acer_rubrum","2"
199,"basalarea","none","Quercus_alba","1"
199,"snag","none","snag","0"
199,"basalarea_edge","none","nodata","2"
199,"large_woody_stems","north","Hamamelis_virginiana","6"
199,"large_woody_stems","north","Prunus_serotina","2"
199,"large_woody_stems","north","Quercus_rubra","2"
199,"large_woody_stems","north","Amelanchier_spp","1"
199,"medium_woody_stems","south","Quercus_rubra","1"
199,"large_woody_stems","south","Quercus_rubra","1"
199,"large_woody_stems","south","Acer_rubrum","1"
200,"basalarea","none","Sassafras_albidum","2"
200,"snag","none","snag","0"
200,"basalarea_edge","none","nodata","1"
200,"small_woody_stems","north","Vaccinium_spp","7"
200,"small_woody_stems","north","Carya_spp","5"
200,"small_woody_stems","north","Kalmia_latifolia","23"
200,"medium_woody_stems","north","Sassafras_albidum","4"
200,"medium_woody_stems","north","Vaccinium_spp","1"
200,"medium_woody_stems","north","Kalmia_latifolia","10"
200,"medium_woody_stems","north","Acer_rubrum","2"
200,"large_woody_stems","north","Sassafras_albidum","13"
200,"large_woody_stems","north","Hamamelis_virginiana","2"
200,"large_woody_stems","north","Kalmia_latifolia","8"
200,"small_woody_stems","south","Kalmia_latifolia","23"
200,"small_woody_stems","south","Vaccinium_spp","4"
200,"medium_woody_stems","south","Kalmia_latifolia","32"
200,"medium_woody_stems","south","Acer_rubrum","5"
200,"large_woody_stems","south","Sassafras_albidum","10"
200,"large_woody_stems","south","Hamamelis_virginiana","6"
200,"large_woody_stems","south","Kalmia_latifolia","10"
200,"large_woody_stems","south","Pinus_strobus","1"
201,"basalarea","none","Quercus_montana","2"
201,"basalarea","none","Quercus_rubra","1"
201,"snag","none","snag","0"
201,"basalarea_edge","none","nodata","0"
201,"small_woody_stems","north","Kalmia_latifolia","61"
201,"small_woody_stems","north","Nyssa_sylvatica","1"
201,"small_woody_stems","north","Hamamelis_virginiana","6"
201,"small_woody_stems","north","Quercus_montana","2"
201,"small_woody_stems","north","Gaylussacia_spp","13"
201,"small_woody_stems","north","Acer_rubrum","2"
201,"small_woody_stems","north","Vaccinium_spp","17"
201,"small_woody_stems","north","Sassafras_albidum","23"
201,"medium_woody_stems","north","Sassafras_albidum","7"
201,"medium_woody_stems","north","Quercus_rubra","1"
201,"medium_woody_stems","north","Pinus_strobus","1"
201,"medium_woody_stems","north","Kalmia_latifolia","6"
201,"large_woody_stems","north","Sassafras_albidum","4"
201,"large_woody_stems","north","Quercus_montana","1"
201,"large_woody_stems","north","Hamamelis_virginiana","8"
201,"small_woody_stems","south","Nyssa_sylvatica","1"
201,"small_woody_stems","south","Betula_lenta","1"
201,"small_woody_stems","south","Hamamelis_virginiana","1"
201,"small_woody_stems","south","Acer_rubrum","1"
201,"small_woody_stems","south","Sassafras_albidum","6"
201,"small_woody_stems","south","Kalmia_latifolia","34"
201,"small_woody_stems","south","Gaylussacia_spp","33"
201,"small_woody_stems","south","Vaccinium_spp","6"
201,"small_woody_stems","south","Quercus_montana","1"
201,"medium_woody_stems","south","Sassafras_albidum","8"
201,"medium_woody_stems","south","Acer_rubrum","3"
201,"medium_woody_stems","south","Kalmia_latifolia","19"
201,"medium_woody_stems","south","Quercus_montana","2"
201,"medium_woody_stems","south","Amelanchier_spp","1"
201,"medium_woody_stems","south","Pinus_strobus","1"
201,"medium_woody_stems","south","Gaylussacia_spp","39"
201,"large_woody_stems","south","Betula_lenta","1"
201,"large_woody_stems","south","Sassafras_albidum","5"
201,"large_woody_stems","south","Nyssa_sylvatica","1"
201,"large_woody_stems","south","Hamamelis_virginiana","6"
202,"basalarea","none","Quercus_montana","1"
202,"basalarea","none","Quercus_alba","1"
202,"snag","none","snag","0"
202,"basalarea_edge","none","nodata","0"
202,"small_woody_stems","north","Acer_rubrum","9"
202,"small_woody_stems","north","Carya_spp","1"
202,"small_woody_stems","north","Quercus_montana","3"
202,"small_woody_stems","north","Hamamelis_virginiana","1"
202,"small_woody_stems","north","Rhododendron_spp","2"
202,"medium_woody_stems","north","Hamamelis_virginiana","3"
202,"medium_woody_stems","north","Quercus_montana","1"
202,"medium_woody_stems","north","Acer_rubrum","1"
202,"large_woody_stems","north","Hamamelis_virginiana","12"
202,"large_woody_stems","north","Acer_rubrum","3"
202,"large_woody_stems","north","Rhododendron_spp","2"
202,"large_woody_stems","north","Quercus_rubra","7"
202,"large_woody_stems","north","Quercus_montana","11"
202,"large_woody_stems","north","Sassafras_albidum","3"
202,"small_woody_stems","south","Sassafras_albidum","1"
202,"small_woody_stems","south","Hamamelis_virginiana","2"
202,"small_woody_stems","south","Quercus_montana","2"
202,"small_woody_stems","south","Kalmia_latifolia","1"
202,"small_woody_stems","south","Carya_spp","1"
202,"medium_woody_stems","south","Acer_rubrum","1"
202,"medium_woody_stems","south","Hamamelis_virginiana","4"
202,"large_woody_stems","south","Hamamelis_virginiana","10"
202,"large_woody_stems","south","Sassafras_albidum","4"
202,"large_woody_stems","south","Quercus_montana","3"
202,"large_woody_stems","south","Rhododendron_spp","1"
202,"large_woody_stems","south","Carya_spp","1"
202,"large_woody_stems","south","Acer_rubrum","1"
202,"large_woody_stems","south","Quercus_rubra","1"
203,"basalarea","none","Sassafras_albidum","3"
203,"snag","none","snag","0"
203,"basalarea_edge","none","nodata","0"
203,"medium_woody_stems","north","Acer_rubrum","1"
203,"large_woody_stems","north","Hamamelis_virginiana","12"
203,"large_woody_stems","north","Quercus_rubra","11"
203,"large_woody_stems","north","Quercus_montana","1"
203,"large_woody_stems","north","Prunus_serotina","3"
203,"large_woody_stems","north","Sassafras_albidum","2"
203,"large_woody_stems","north","Kalmia_latifolia","5"
203,"medium_woody_stems","south","Hamamelis_virginiana","3"
203,"medium_woody_stems","south","Betula_lenta","2"
203,"medium_woody_stems","south","Quercus_rubra","1"
203,"medium_woody_stems","south","Acer_rubrum","1"
203,"large_woody_stems","south","Amelanchier_spp","1"
203,"large_woody_stems","south","Hamamelis_virginiana","12"
203,"large_woody_stems","south","Quercus_rubra","5"
203,"large_woody_stems","south","Sassafras_albidum","3"
203,"large_woody_stems","south","Betula_lenta","1"
203,"large_woody_stems","south","Acer_rubrum","2"
204,"basalarea","none","Quercus_rubra","3"
204,"basalarea","none","Quercus_montana","2"
204,"snag","none","snag","0"
204,"basalarea_edge","none","nodata","1"
204,"small_woody_stems","north","Gaylussacia_spp","34"
204,"small_woody_stems","north","Kalmia_latifolia","9"
204,"small_woody_stems","north","Sassafras_albidum","3"
204,"small_woody_stems","north","Acer_rubrum","2"
204,"medium_woody_stems","north","Quercus_rubra","1"
204,"medium_woody_stems","north","Kalmia_latifolia","5"
204,"medium_woody_stems","north","Hamamelis_virginiana","6"
204,"medium_woody_stems","north","Gaylussacia_spp","7"
204,"large_woody_stems","north","Sassafras_albidum","10"
204,"large_woody_stems","north","Hamamelis_virginiana","13"
204,"small_woody_stems","south","Pinus_strobus","1"
204,"small_woody_stems","south","Gaylussacia_spp","3"
204,"small_woody_stems","south","Hamamelis_virginiana","7"
204,"small_woody_stems","south","Kalmia_latifolia","41"
204,"small_woody_stems","south","Rhododendron_spp","5"
204,"small_woody_stems","south","Quercus_rubra","2"
204,"small_woody_stems","south","Vaccinium_spp","10"
204,"medium_woody_stems","south","Hamamelis_virginiana","6"
204,"medium_woody_stems","south","Kalmia_latifolia","9"
204,"medium_woody_stems","south","Vaccinium_spp","3"
204,"medium_woody_stems","south","Sassafras_albidum","3"
204,"medium_woody_stems","south","Quercus_rubra","4"
204,"large_woody_stems","south","Hamamelis_virginiana","2"
204,"large_woody_stems","south","Kalmia_latifolia","2"
204,"large_woody_stems","south","Sassafras_albidum","3"
205,"basalarea","none","Quercus_montana","4"
205,"snag","none","snag","0"
205,"basalarea_edge","none","nodata","3"
205,"small_woody_stems","north","Pinus_strobus","5"
205,"small_woody_stems","north","Sassafras_albidum","16"
205,"small_woody_stems","north","Gaylussacia_spp","7"
205,"medium_woody_stems","north","Sassafras_albidum","7"
205,"medium_woody_stems","north","Pinus_strobus","6"
205,"medium_woody_stems","north","Kalmia_latifolia","1"
205,"small_woody_stems","south","Kalmia_latifolia","37"
205,"small_woody_stems","south","Sassafras_albidum","11"
205,"small_woody_stems","south","Gaylussacia_spp","13"
205,"small_woody_stems","south","Acer_rubrum","2"
205,"medium_woody_stems","south","Kalmia_latifolia","12"
205,"medium_woody_stems","south","Sassafras_albidum","11"
205,"medium_woody_stems","south","Gaylussacia_spp","3"
205,"medium_woody_stems","south","Pinus_strobus","3"
205,"medium_woody_stems","south","Hamamelis_virginiana","3"
205,"large_woody_stems","south","Sassafras_albidum","14"
205,"large_woody_stems","south","Betula_lenta","1"
206,"basalarea","none","Sassafras_albidum","2"
206,"basalarea","none","Acer_rubrum","1"
206,"snag","none","snag","0"
206,"basalarea_edge","none","nodata","0"
206,"small_woody_stems","north","Hamamelis_virginiana","1"
206,"medium_woody_stems","north","Acer_rubrum","2"
206,"medium_woody_stems","north","Hamamelis_virginiana","2"
206,"medium_woody_stems","north","Quercus_rubra","1"
206,"medium_woody_stems","north","Amelanchier_spp","2"
206,"large_woody_stems","north","Quercus_rubra","5"
206,"large_woody_stems","north","Acer_rubrum","3"
206,"large_woody_stems","north","Sassafras_albidum","6"
206,"large_woody_stems","north","Hamamelis_virginiana","15"
206,"large_woody_stems","north","Quercus_montana","3"
206,"large_woody_stems","north","Amelanchier_spp","2"
206,"large_woody_stems","north","Castanea_dentata","1"
206,"medium_woody_stems","south","Quercus_montana","1"
206,"medium_woody_stems","south","Quercus_rubra","1"
206,"medium_woody_stems","south","Sassafras_albidum","2"
206,"large_woody_stems","south","Sassafras_albidum","2"
206,"large_woody_stems","south","Hamamelis_virginiana","2"
206,"large_woody_stems","south","Quercus_rubra","1"
207,"basalarea","none","Acer_rubrum","1"
207,"basalarea","none","Quercus_montana","1"
207,"basalarea","none","Quercus_rubra","2"
207,"basalarea","none","Quercus_alba","1"
207,"snag","none","snag","0"
207,"basalarea_edge","none","nodata","0"
207,"medium_woody_stems","north","Sassafras_albidum","1"
207,"large_woody_stems","north","Sassafras_albidum","11"
207,"large_woody_stems","north","Quercus_montana","3"
207,"large_woody_stems","north","Hamamelis_virginiana","1"
207,"medium_woody_stems","south","Quercus_montana","1"
207,"large_woody_stems","south","Sassafras_albidum","1"
207,"large_woody_stems","south","Hamamelis_virginiana","1"
208,"basalarea","none","Sassafras_albidum","2"
208,"basalarea","none","Acer_rubrum","1"
208,"snag","none","snag","0"
208,"basalarea_edge","none","nodata","0"
208,"small_woody_stems","north","Hamamelis_virginiana","1"
208,"medium_woody_stems","north","Acer_rubrum","2"
208,"medium_woody_stems","north","Hamamelis_virginiana","2"
208,"medium_woody_stems","north","Quercus_rubra","1"
208,"medium_woody_stems","north","Amelanchier_spp","2"
208,"large_woody_stems","north","Quercus_rubra","5"
208,"large_woody_stems","north","Acer_rubrum","3"
208,"large_woody_stems","north","Sassafras_albidum","6"
208,"large_woody_stems","north","Hamamelis_virginiana","15"
208,"large_woody_stems","north","Quercus_montana","3"
208,"large_woody_stems","north","Amelanchier_spp","2"
208,"large_woody_stems","north","Castanea_dentata","1"
208,"medium_woody_stems","south","Quercus_montana","1"
208,"medium_woody_stems","south","Quercus_rubra","1"
208,"medium_woody_stems","south","Sassafras_albidum","2"
208,"large_woody_stems","south","Sassafras_albidum","2"
208,"large_woody_stems","south","Hamamelis_virginiana","2"
208,"large_woody_stems","south","Quercus_rubra","1"
209,"basalarea","none","Quercus_alba","1"
209,"basalarea","none","Acer_rubrum","2"
209,"basalarea","none","Prunus_serotina","1"
209,"snag","none","snag","0"
209,"basalarea_edge","none","nodata","2"
209,"large_woody_stems","north","Hamamelis_virginiana","35"
209,"large_woody_stems","north","Acer_rubrum","5"
209,"large_woody_stems","north","Quercus_rubra","2"
209,"large_woody_stems","north","Quercus_alba","1"
209,"large_woody_stems","south","Hamamelis_virginiana","19"
209,"large_woody_stems","south","Quercus_rubra","4"
209,"large_woody_stems","south","Acer_rubrum","1"
210,"basalarea","none","Quercus_montana","4"
210,"snag","none","snag","0"
210,"basalarea_edge","none","nodata","1"
210,"small_woody_stems","north","Kalmia_latifolia","21"
210,"small_woody_stems","north","Sassafras_albidum","17"
210,"small_woody_stems","north","Vaccinium_spp","51"
210,"small_woody_stems","north","Pinus_strobus","1"
210,"small_woody_stems","north","Acer_rubrum","2"
210,"small_woody_stems","north","Hamamelis_virginiana","1"
210,"small_woody_stems","north","Quercus_montana","1"
210,"medium_woody_stems","north","Quercus_montana","1"
210,"medium_woody_stems","north","Sassafras_albidum","9"
210,"medium_woody_stems","north","Hamamelis_virginiana","5"
210,"medium_woody_stems","north","Quercus_rubra","2"
210,"medium_woody_stems","north","Kalmia_latifolia","2"
210,"medium_woody_stems","north","Amelanchier_spp","2"
210,"large_woody_stems","north","Hamamelis_virginiana","13"
210,"large_woody_stems","north","Sassafras_albidum","11"
210,"large_woody_stems","north","Quercus_rubra","2"
210,"small_woody_stems","south","Sassafras_albidum","4"
210,"small_woody_stems","south","Hamamelis_virginiana","7"
210,"small_woody_stems","south","Quercus_rubra","2"
210,"small_woody_stems","south","Kalmia_latifolia","11"
210,"small_woody_stems","south","Vaccinium_spp","18"
210,"medium_woody_stems","south","Sassafras_albidum","3"
210,"medium_woody_stems","south","Kalmia_latifolia","16"
210,"medium_woody_stems","south","Hamamelis_virginiana","4"
210,"medium_woody_stems","south","Acer_rubrum","1"
210,"medium_woody_stems","south","Vaccinium_spp","37"
210,"large_woody_stems","south","Hamamelis_virginiana","3"
210,"large_woody_stems","south","Sassafras_albidum","6"
210,"large_woody_stems","south","Acer_rubrum","3"
210,"large_woody_stems","south","Kalmia_latifolia","7"
211,"basalarea","none","Quercus_montana","1"
211,"snag","none","snag","0"
211,"basalarea_edge","none","nodata","0"
211,"small_woody_stems","north","Sassafras_albidum","15"
211,"small_woody_stems","north","Kalmia_latifolia","29"
211,"small_woody_stems","north","Acer_rubrum","6"
211,"small_woody_stems","north","Vaccinium_spp","51"
211,"small_woody_stems","north","Hamamelis_virginiana","6"
211,"small_woody_stems","north","Quercus_rubra","1"
211,"medium_woody_stems","north","Hamamelis_virginiana","2"
211,"medium_woody_stems","north","Pinus_strobus","1"
211,"medium_woody_stems","north","Acer_rubrum","1"
211,"medium_woody_stems","north","Kalmia_latifolia","4"
211,"medium_woody_stems","north","Sassafras_albidum","1"
211,"large_woody_stems","north","Sassafras_albidum","22"
211,"large_woody_stems","north","Hamamelis_virginiana","6"
211,"large_woody_stems","north","Betula_lenta","6"
211,"large_woody_stems","north","Quercus_rubra","1"
211,"small_woody_stems","south","Vaccinium_spp","15"
211,"small_woody_stems","south","Kalmia_latifolia","42"
211,"small_woody_stems","south","Quercus_montana","2"
211,"small_woody_stems","south","Quercus_rubra","2"
211,"small_woody_stems","south","Acer_rubrum","1"
211,"medium_woody_stems","south","Hamamelis_virginiana","4"
211,"medium_woody_stems","south","Kalmia_latifolia","27"
211,"medium_woody_stems","south","Betula_lenta","2"
211,"medium_woody_stems","south","Pinus_strobus","1"
211,"large_woody_stems","south","Betula_lenta","4"
211,"large_woody_stems","south","Sassafras_albidum","5"
211,"large_woody_stems","south","Quercus_rubra","2"
211,"large_woody_stems","south","Hamamelis_virginiana","8"
212,"basalarea","none","Quercus_rubra","1"
212,"basalarea","none","Quercus_montana","1"
212,"snag","none","snag","0"
212,"basalarea_edge","none","nodata","1"
212,"small_woody_stems","north","Quercus_rubra","1"
212,"small_woody_stems","north","Sassafras_albidum","2"
212,"small_woody_stems","north","Acer_rubrum","6"
212,"small_woody_stems","north","Carya_spp","1"
212,"medium_woody_stems","north","Quercus_montana","1"
212,"medium_woody_stems","north","Rhododendron_spp","1"
212,"large_woody_stems","north","Quercus_montana","1"
212,"large_woody_stems","north","Quercus_rubra","1"
213,"basalarea","none","Quercus_montana","1"
213,"basalarea","none","Quercus_rubra","1"
213,"basalarea","none","Sassafras_albidum","1"
213,"snag","none","snag","0"
213,"basalarea_edge","none","nodata","0"
213,"small_woody_stems","north","Kalmia_latifolia","2"
213,"small_woody_stems","north","Sassafras_albidum","3"
213,"medium_woody_stems","north","Sassafras_albidum","7"
213,"medium_woody_stems","north","Hamamelis_virginiana","1"
213,"medium_woody_stems","north","Quercus_rubra","1"
213,"large_woody_stems","north","Sassafras_albidum","1"
213,"small_woody_stems","south","Pinus_strobus","2"
213,"small_woody_stems","south","Quercus_montana","2"
213,"small_woody_stems","south","Vaccinium_spp","39"
213,"small_woody_stems","south","Sassafras_albidum","4"
213,"small_woody_stems","south","Acer_rubrum","2"
213,"small_woody_stems","south","Hamamelis_virginiana","2"
213,"medium_woody_stems","south","Acer_rubrum","2"
213,"medium_woody_stems","south","Sassafras_albidum","2"
213,"medium_woody_stems","south","Quercus_rubra","4"
213,"medium_woody_stems","south","Hamamelis_virginiana","2"
213,"medium_woody_stems","south","Vaccinium_spp","5"
213,"large_woody_stems","south","Sassafras_albidum","9"
213,"large_woody_stems","south","Acer_rubrum","4"
213,"large_woody_stems","south","Hamamelis_virginiana","7"
213,"large_woody_stems","south","Quercus_rubra","2"
214,"basalarea","none","Quercus_rubra","5"
214,"snag","none","snag","0"
214,"basalarea_edge","none","nodata","3"
214,"large_woody_stems","south","Sassafras_albidum","1"
215,"basalarea","none","Sassafras_albidum","2"
215,"snag","none","snag","0"
215,"basalarea_edge","none","nodata","0"
215,"small_woody_stems","north","Kalmia_latifolia","30"
215,"small_woody_stems","north","Sassafras_albidum","7"
215,"small_woody_stems","north","Vaccinium_spp","14"
215,"small_woody_stems","north","Acer_rubrum","4"
215,"small_woody_stems","north","Hamamelis_virginiana","5"
215,"medium_woody_stems","north","Kalmia_latifolia","12"
215,"medium_woody_stems","north","Hamamelis_virginiana","1"
215,"medium_woody_stems","north","Sassafras_albidum","2"
215,"medium_woody_stems","north","Acer_rubrum","1"
215,"large_woody_stems","north","Sassafras_albidum","9"
215,"large_woody_stems","north","Hamamelis_virginiana","2"
215,"large_woody_stems","north","Kalmia_latifolia","1"
215,"large_woody_stems","north","Quercus_rubra","1"
215,"large_woody_stems","north","Betula_lenta","1"
215,"small_woody_stems","south","Acer_rubrum","2"
215,"small_woody_stems","south","Kalmia_latifolia","4"
215,"small_woody_stems","south","Vaccinium_spp","22"
215,"small_woody_stems","south","Sassafras_albidum","1"
215,"small_woody_stems","south","Hamamelis_virginiana","1"
215,"medium_woody_stems","south","Kalmia_latifolia","10"
215,"medium_woody_stems","south","Hamamelis_virginiana","1"
215,"medium_woody_stems","south","Vaccinium_spp","1"
215,"medium_woody_stems","south","Sassafras_albidum","1"
215,"large_woody_stems","south","Sassafras_albidum","9"
215,"large_woody_stems","south","Pinus_strobus","1"
215,"large_woody_stems","south","Kalmia_latifolia","4"
215,"large_woody_stems","south","Hamamelis_virginiana","3"
216,"basalarea","none","Quercus_rubra","2"
216,"basalarea","none","Acer_rubrum","2"
216,"snag","none","snag","0"
216,"basalarea_edge","none","nodata","3"
216,"medium_woody_stems","north","Acer_rubrum","3"
216,"medium_woody_stems","north","Quercus_rubra","1"
216,"large_woody_stems","north","Acer_rubrum","2"
216,"large_woody_stems","north","Quercus_rubra","10"
216,"large_woody_stems","north","Aralia_spinosa","2"
216,"small_woody_stems","south","Acer_rubrum","4"
216,"small_woody_stems","south","Vaccinium_spp","3"
216,"medium_woody_stems","south","Acer_rubrum","1"
216,"medium_woody_stems","south","Amelanchier_spp","1"
216,"medium_woody_stems","south","Hamamelis_virginiana","1"
216,"large_woody_stems","south","Acer_rubrum","12"
216,"large_woody_stems","south","Aralia_spinosa","1"
216,"large_woody_stems","south","Quercus_rubra","9"
216,"large_woody_stems","south","Hamamelis_virginiana","7"
216,"large_woody_stems","south","Quercus_alba","1"
216,"large_woody_stems","south","Amelanchier_spp","3"
217,"basalarea","none","Acer_rubrum","1"
217,"basalarea","none","Prunus_serotina","2"
217,"basalarea","none","Quercus_rubra","2"
217,"snag","none","snag","0"
217,"basalarea_edge","none","nodata","2"
217,"small_woody_stems","north","Vaccinium_spp","3"
217,"small_woody_stems","north","Gaylussacia_spp","7"
217,"small_woody_stems","north","Vaccinium_stamineum","1"
217,"medium_woody_stems","north","Acer_rubrum","1"
217,"medium_woody_stems","north","Gaylussacia_spp","3"
217,"medium_woody_stems","north","Quercus_rubra","2"
217,"medium_woody_stems","north","Quercus_alba","1"
217,"medium_woody_stems","north","Vaccinium_stamineum","10"
217,"large_woody_stems","north","Acer_rubrum","10"
217,"large_woody_stems","north","Amelanchier_spp","3"
217,"large_woody_stems","north","Quercus_rubra","3"
217,"large_woody_stems","south","Prunus_serotina","1"
217,"large_woody_stems","south","Acer_rubrum","17"
217,"large_woody_stems","south","Quercus_rubra","5"
218,"basalarea","none","Quercus_rubra","2"
218,"basalarea","none","Quercus_alba","1"
218,"snag","none","snag","0"
218,"basalarea_edge","none","nodata","1"
218,"small_woody_stems","south","Acer_rubrum","3"
218,"small_woody_stems","south","Sassafras_albidum","1"
218,"small_woody_stems","south","Carya_spp","1"
218,"small_woody_stems","south","Quercus_montana","2"
218,"medium_woody_stems","south","Quercus_rubra","1"
218,"medium_woody_stems","south","Rhododendron_spp","6"
218,"medium_woody_stems","south","Hamamelis_virginiana","1"
218,"medium_woody_stems","south","Quercus_montana","1"
218,"medium_woody_stems","south","Acer_rubrum","1"
218,"large_woody_stems","south","Bigtooth aspen","3"
218,"large_woody_stems","south","Quercus_rubra","3"
218,"large_woody_stems","south","Amelanchier_spp","4"
218,"large_woody_stems","south","Prunus_serotina","1"
218,"large_woody_stems","south","Acer_rubrum","16"
218,"large_woody_stems","south","Quercus_montana","2"
218,"large_woody_stems","south","Rhododendron_spp","5"
218,"large_woody_stems","south","Hamamelis_virginiana","3"
219,"basalarea","none","Acer_rubrum","2"
219,"basalarea","none","Quercus_rubra","2"
219,"snag","none","snag","0"
219,"basalarea_edge","none","nodata","1"
219,"small_woody_stems","north","Quercus_alba","1"
219,"small_woody_stems","north","Quercus_rubra","1"
219,"medium_woody_stems","north","Hamamelis_virginiana","2"
219,"medium_woody_stems","north","Quercus_alba","1"
219,"large_woody_stems","north","Hamamelis_virginiana","9"
219,"large_woody_stems","north","Quercus_rubra","1"
219,"large_woody_stems","north","Prunus_serotina","1"
219,"small_woody_stems","south","Corylus_americana","1"
219,"medium_woody_stems","south","Corylus_americana","4"
219,"large_woody_stems","south","Quercus_alba","3"
219,"large_woody_stems","south","Corylus_americana","23"
220,"basalarea","none","Prunus_serotina","2"
220,"basalarea","none","Quercus_alba","1"
220,"snag","none","snag","0"
220,"basalarea_edge","none","nodata","2"
220,"small_woody_stems","north","Quercus_alba","1"
220,"small_woody_stems","north","Amelanchier_spp","3"
220,"small_woody_stems","north","Quercus_rubra","1"
220,"medium_woody_stems","north","Vaccinium_spp","4"
220,"large_woody_stems","north","Quercus_alba","5"
220,"large_woody_stems","north","Quercus_rubra","4"
220,"large_woody_stems","north","Amelanchier_spp","1"
220,"large_woody_stems","north","Hamamelis_virginiana","3"
220,"small_woody_stems","south","Quercus_alba","2"
220,"small_woody_stems","south","Vaccinium_spp","7"
220,"small_woody_stems","south","Aralia_spinosa","1"
220,"medium_woody_stems","south","Amelanchier_spp","1"
220,"large_woody_stems","south","Hamamelis_virginiana","4"
220,"large_woody_stems","south","Quercus_alba","5"
220,"large_woody_stems","south","Prunus_serotina","3"
220,"large_woody_stems","south","Aralia_spinosa","1"
220,"large_woody_stems","south","Betula_lenta","1"
220,"large_woody_stems","south","Quercus_rubra","1"
220,"large_woody_stems","south","Acer_rubrum","1"
220,"large_woody_stems","south","Crataegus_spp","1"
221,"basalarea","none","Quercus_rubra","3"
221,"snag","none","snag","0"
221,"basalarea_edge","none","nodata","1"
221,"small_woody_stems","north","Acer_rubrum","5"
221,"medium_woody_stems","north","Acer_rubrum","5"
221,"medium_woody_stems","north","Quercus_rubra","1"
221,"large_woody_stems","north","Quercus_alba","2"
221,"large_woody_stems","north","Acer_rubrum","6"
221,"large_woody_stems","north","Hamamelis_virginiana","1"
221,"large_woody_stems","north","Quercus_rubra","5"
221,"medium_woody_stems","south","Acer_rubrum","1"
221,"medium_woody_stems","south","Amelanchier_spp","2"
221,"large_woody_stems","south","Quercus_alba","5"
221,"large_woody_stems","south","Quercus_rubra","6"
221,"large_woody_stems","south","Aralia_spinosa","1"
221,"large_woody_stems","south","Hamamelis_virginiana","3"
221,"large_woody_stems","south","Acer_rubrum","15"
221,"large_woody_stems","south","Amelanchier_spp","4"
222,"basalarea","none","Quercus_rubra","5"
222,"basalarea","none","Quercus_alba","1"
222,"snag","none","snag","0"
222,"basalarea_edge","none","nodata","2"
223,"basalarea","none","Quercus_montana","2"
223,"snag","none","snag","0"
223,"basalarea_edge","none","nodata","0"
223,"small_woody_stems","north","Acer_rubrum","3"
223,"small_woody_stems","north","Gaylussacia_spp","26"
223,"small_woody_stems","north","Vaccinium_spp","1"
223,"small_woody_stems","north","Pinus_strobus","2"
223,"small_woody_stems","north","Sassafras_albidum","2"
223,"small_woody_stems","north","Hamamelis_virginiana","1"
223,"small_woody_stems","north","Quercus_montana","1"
223,"medium_woody_stems","north","Sassafras_albidum","13"
223,"medium_woody_stems","north","Hamamelis_virginiana","3"
223,"medium_woody_stems","north","Quercus_rubra","1"
223,"medium_woody_stems","north","Kalmia_latifolia","5"
223,"medium_woody_stems","north","Acer_rubrum","2"
223,"large_woody_stems","north","Hamamelis_virginiana","2"
223,"large_woody_stems","north","Sassafras_albidum","3"
223,"large_woody_stems","north","Gaylussacia_spp","2"
223,"large_woody_stems","north","Acer_rubrum","1"
223,"small_woody_stems","south","Kalmia_latifolia","8"
223,"small_woody_stems","south","Vaccinium_spp","5"
223,"small_woody_stems","south","Gaylussacia_spp","25"
223,"medium_woody_stems","south","Sassafras_albidum","10"
223,"medium_woody_stems","south","Kalmia_latifolia","3"
223,"large_woody_stems","south","Sassafras_albidum","13"
223,"large_woody_stems","south","Quercus_montana","1"
223,"large_woody_stems","south","Betula_lenta","1"
223,"large_woody_stems","south","Magnolia_accuminata","1"
224,"basalarea","none","Quercus_alba","1"
224,"basalarea","none","Quercus_rubra","3"
224,"basalarea","none","Acer_rubrum","2"
224,"snag","none","snag","0"
224,"basalarea_edge","none","nodata","7"
224,"medium_woody_stems","north","Hamamelis_virginiana","1"
224,"large_woody_stems","north","Prunus_serotina","1"
224,"large_woody_stems","north","Hamamelis_virginiana","3"
224,"large_woody_stems","north","Acer_rubrum","2"
224,"large_woody_stems","north","Amelanchier_spp","1"
224,"small_woody_stems","south","Quercus_rubra","3"
224,"medium_woody_stems","south","Quercus_rubra","3"
224,"medium_woody_stems","south","Hamamelis_virginiana","2"
224,"large_woody_stems","south","Quercus_rubra","3"
224,"large_woody_stems","south","Amelanchier_spp","2"
224,"large_woody_stems","south","Quercus_alba","1"
224,"large_woody_stems","south","Prunus_serotina","1"
224,"large_woody_stems","south","Acer_rubrum","2"
225,"basalarea","none","Acer_rubrum","1"
225,"basalarea","none","Quercus_alba","2"
225,"basalarea","none","Prunus_serotina","1"
225,"snag","none","snag","0"
225,"basalarea_edge","none","nodata","4"
225,"medium_woody_stems","north","Amelanchier_spp","3"
225,"medium_woody_stems","north","Acer_rubrum","1"
225,"large_woody_stems","north","Hamamelis_virginiana","6"
225,"large_woody_stems","north","Quercus_montana","1"
225,"large_woody_stems","north","Acer_rubrum","9"
225,"large_woody_stems","north","Amelanchier_spp","14"
225,"large_woody_stems","north","Quercus_alba","5"
225,"large_woody_stems","north","Prunus_serotina","5"
225,"large_woody_stems","north","Quercus_rubra","2"
225,"small_woody_stems","south","Acer_rubrum","1"
225,"small_woody_stems","south","Vaccinium_spp","8"
225,"small_woody_stems","south","Quercus_rubra","1"
225,"medium_woody_stems","south","Acer_rubrum","2"
225,"medium_woody_stems","south","Vaccinium_spp","1"
225,"large_woody_stems","south","Quercus_rubra","2"
225,"large_woody_stems","south","Amelanchier_spp","6"
225,"large_woody_stems","south","Quercus_alba","1"
225,"large_woody_stems","south","Acer_rubrum","2"
225,"large_woody_stems","south","Prunus_serotina","3"
226,"snag","none","snag","0"
226,"basalarea_edge","none","nodata","0"
226,"small_woody_stems","north","Acer_rubrum","3"
226,"medium_woody_stems","north","Acer_rubrum","4"
226,"medium_woody_stems","north","Hamamelis_virginiana","1"
226,"medium_woody_stems","north","Quercus_rubra","1"
226,"large_woody_stems","north","Hamamelis_virginiana","4"
226,"large_woody_stems","north","Acer_rubrum","14"
226,"large_woody_stems","north","Quercus_rubra","8"
226,"large_woody_stems","north","Quercus_montana","1"
226,"large_woody_stems","north","Prunus_serotina","1"
226,"medium_woody_stems","south","Hamamelis_virginiana","1"
226,"large_woody_stems","south","Hamamelis_virginiana","11"
226,"large_woody_stems","south","Quercus_rubra","6"
226,"large_woody_stems","south","Acer_rubrum","10"
226,"large_woody_stems","south","Amelanchier_spp","1"
227,"basalarea","none","Acer_rubrum","3"
227,"basalarea","none","Quercus_rubra","3"
227,"basalarea","none","Prunus_serotina","1"
227,"snag","none","snag","0"
227,"basalarea_edge","none","nodata","5"
227,"large_woody_stems","north","Acer_rubrum","5"
227,"large_woody_stems","north","Hamamelis_virginiana","23"
227,"large_woody_stems","north","Prunus_serotina","2"
227,"large_woody_stems","north","Crataegus_spp","1"
227,"large_woody_stems","south","Acer_rubrum","3"
227,"large_woody_stems","south","Hamamelis_virginiana","19"
227,"large_woody_stems","south","Prunus_serotina","1"
227,"large_woody_stems","south","Amelanchier_spp","2"
228,"basalarea","none","Acer_rubrum","8"
228,"basalarea","none","Quercus_rubra","1"
228,"basalarea","none","Quercus_alba","1"
228,"snag","none","snag","0"
228,"basalarea_edge","none","nodata","0"
228,"medium_woody_stems","north","Hamamelis_virginiana","3"
228,"large_woody_stems","north","Quercus_alba","3"
228,"large_woody_stems","north","Amelanchier_spp","3"
228,"large_woody_stems","north","Hamamelis_virginiana","9"
228,"large_woody_stems","north","Acer_rubrum","2"
228,"small_woody_stems","south","Amelanchier_spp","3"
228,"small_woody_stems","south","Quercus_alba","3"
228,"small_woody_stems","south","Hamamelis_virginiana","2"
228,"medium_woody_stems","south","Quercus_rubra","2"
228,"medium_woody_stems","south","Quercus_alba","1"
228,"medium_woody_stems","south","Hamamelis_virginiana","1"
228,"large_woody_stems","south","Quercus_alba","3"
228,"large_woody_stems","south","Hamamelis_virginiana","3"
228,"large_woody_stems","south","Acer_rubrum","3"
228,"large_woody_stems","south","Amelanchier_spp","3"
228,"large_woody_stems","south","Prunus_serotina","1"
229,"basalarea","none","Pinus_strobus","2"
229,"basalarea","none","Acer_rubrum","4"
229,"basalarea","none","Quercus_alba","1"
229,"snag","none","snag","0"
229,"basalarea_edge","none","nodata","2"
229,"small_woody_stems","north","Carya_spp","2"
229,"large_woody_stems","north","Fraxinus_spp","1"
229,"large_woody_stems","north","Crataegus_spp","1"
229,"small_woody_stems","south","Fraxinus_spp","2"
229,"small_woody_stems","south","Quercus_rubra","2"
229,"small_woody_stems","south","Amelanchier_spp","1"
229,"large_woody_stems","south","Amelanchier_spp","7"
229,"large_woody_stems","south","Prunus_serotina","2"
229,"large_woody_stems","south","Pinus_strobus","1"
230,"basalarea","none","Acer_rubrum","8"
230,"basalarea","none","Quercus_rubra","1"
230,"basalarea","none","Quercus_alba","1"
230,"snag","none","snag","0"
230,"basalarea_edge","none","nodata","0"
230,"medium_woody_stems","north","Hamamelis_virginiana","3"
230,"large_woody_stems","north","Quercus_alba","3"
230,"large_woody_stems","north","Amelanchier_spp","3"
230,"large_woody_stems","north","Hamamelis_virginiana","9"
230,"large_woody_stems","north","Acer_rubrum","2"
230,"small_woody_stems","south","Amelanchier_spp","3"
230,"small_woody_stems","south","Quercus_alba","3"
230,"small_woody_stems","south","Hamamelis_virginiana","2"
230,"medium_woody_stems","south","Quercus_rubra","2"
230,"medium_woody_stems","south","Quercus_alba","1"
230,"medium_woody_stems","south","Hamamelis_virginiana","1"
230,"large_woody_stems","south","Quercus_alba","3"
230,"large_woody_stems","south","Hamamelis_virginiana","3"
230,"large_woody_stems","south","Acer_rubrum","3"
230,"large_woody_stems","south","Amelanchier_spp","3"
230,"large_woody_stems","south","Prunus_serotina","1"
231,"basalarea","none","Acer_rubrum","7"
231,"basalarea","none","Quercus_rubra","3"
231,"basalarea","none","Quercus_alba","1"
231,"snag","none","snag","0"
231,"basalarea_edge","none","nodata","11"
231,"large_woody_stems","north","Acer_rubrum","1"
231,"large_woody_stems","south","Hamamelis_virginiana","9"
231,"large_woody_stems","south","Quercus_rubra","1"
232,"basalarea","none","Pinus_strobus","1"
232,"basalarea","none","Acer_rubrum","3"
232,"basalarea","none","Quercus_rubra","2"
232,"snag","none","snag","0"
232,"basalarea_edge","none","nodata","2"
232,"medium_woody_stems","north","Crataegus_spp","1"
232,"medium_woody_stems","north","Carya_spp","1"
232,"medium_woody_stems","north","Quercus_alba","3"
232,"large_woody_stems","north","Acer_rubrum","2"
232,"large_woody_stems","north","Amelanchier_spp","2"
232,"large_woody_stems","north","Hamamelis_virginiana","3"
232,"large_woody_stems","north","Quercus_alba","1"
232,"small_woody_stems","south","Crataegus_spp","1"
232,"medium_woody_stems","south","Hamamelis_virginiana","4"
232,"large_woody_stems","south","Pinus_strobus","1"
232,"large_woody_stems","south","Hamamelis_virginiana","15"
232,"large_woody_stems","south","Crataegus_spp","3"
233,"basalarea","none","Prunus_serotina","1"
233,"basalarea","none","Acer_rubrum","1"
233,"snag","none","snag","0"
233,"basalarea_edge","none","nodata","0"
233,"medium_woody_stems","north","Acer_rubrum","1"
233,"medium_woody_stems","north","Aralia_spinosa","1"
233,"large_woody_stems","north","Acer_rubrum","13"
233,"large_woody_stems","north","Prunus_serotina","3"
233,"large_woody_stems","north","Aralia_spinosa","1"
233,"medium_woody_stems","south","Hamamelis_virginiana","2"
233,"large_woody_stems","south","Acer_rubrum","11"
233,"large_woody_stems","south","Hamamelis_virginiana","18"
233,"large_woody_stems","south","Quercus_alba","8"
233,"large_woody_stems","south","Crataegus_spp","1"
233,"large_woody_stems","south","Aralia_spinosa","1"
233,"large_woody_stems","south","Amelanchier_spp","1"
233,"large_woody_stems","south","Prunus_serotina","1"
234,"basalarea","none","Quercus_montana","2"
234,"basalarea","none","Quercus_rubra","2"
234,"snag","none","snag","0"
234,"basalarea_edge","none","nodata","2"
234,"small_woody_stems","north","Gaylussacia_spp","21"
234,"small_woody_stems","north","Sassafras_albidum","7"
234,"small_woody_stems","north","Hamamelis_virginiana","4"
234,"small_woody_stems","north","Quercus_rubra","1"
234,"small_woody_stems","north","Kalmia_latifolia","1"
234,"small_woody_stems","north","Acer_rubrum","1"
234,"medium_woody_stems","north","Quercus_alba","1"
234,"medium_woody_stems","north","Gaylussacia_spp","13"
234,"medium_woody_stems","north","Amelanchier_spp","2"
234,"medium_woody_stems","north","Kalmia_latifolia","7"
234,"medium_woody_stems","north","Acer_rubrum","9"
234,"medium_woody_stems","north","Quercus_rubra","2"
234,"medium_woody_stems","north","Hamamelis_virginiana","1"
234,"medium_woody_stems","north","Sassafras_albidum","3"
234,"large_woody_stems","north","Sassafras_albidum","9"
234,"large_woody_stems","north","Quercus_rubra","3"
234,"large_woody_stems","north","Hamamelis_virginiana","10"
234,"large_woody_stems","north","Amelanchier_spp","1"
234,"large_woody_stems","north","Acer_rubrum","1"
234,"small_woody_stems","south","Gaylussacia_spp","8"
234,"small_woody_stems","south","Sassafras_albidum","1"
234,"small_woody_stems","south","Kalmia_latifolia","16"
234,"small_woody_stems","south","Acer_rubrum","2"
234,"small_woody_stems","south","Pinus_strobus","1"
234,"small_woody_stems","south","Hamamelis_virginiana","2"
234,"small_woody_stems","south","Carya_spp","3"
234,"medium_woody_stems","south","Sassafras_albidum","2"
234,"medium_woody_stems","south","Amelanchier_spp","1"
234,"medium_woody_stems","south","Rhododendron_spp","1"
234,"medium_woody_stems","south","Quercus_rubra","4"
234,"medium_woody_stems","south","Gaylussacia_spp","6"
234,"medium_woody_stems","south","Kalmia_latifolia","7"
234,"large_woody_stems","south","Sassafras_albidum","9"
234,"large_woody_stems","south","Quercus_montana","2"
234,"large_woody_stems","south","Hamamelis_virginiana","11"
234,"large_woody_stems","south","Rhododendron_spp","5"
234,"large_woody_stems","south","Kalmia_latifolia","2"
235,"basalarea","none","Quercus_rubra","1"
235,"snag","none","snag","0"
235,"basalarea_edge","none","nodata","1"
235,"small_woody_stems","north","Kalmia_latifolia","3"
235,"small_woody_stems","north","Vaccinium_spp","7"
235,"medium_woody_stems","north","Betula_lenta","3"
235,"medium_woody_stems","north","Kalmia_latifolia","6"
235,"large_woody_stems","north","Betula_lenta","1"
235,"large_woody_stems","north","Hamamelis_virginiana","8"
235,"large_woody_stems","north","Sassafras_albidum","2"
235,"small_woody_stems","south","Kalmia_latifolia","2"
235,"medium_woody_stems","south","Kalmia_latifolia","6"
235,"large_woody_stems","south","Sassafras_albidum","5"
235,"large_woody_stems","south","Hamamelis_virginiana","25"
235,"large_woody_stems","south","Betula_lenta","2"
236,"basalarea","none","Quercus_rubra","1"
236,"snag","none","snag","0"
236,"basalarea_edge","none","nodata","0"
236,"small_woody_stems","north","Quercus_rubra","2"
236,"small_woody_stems","north","Prunus_serotina","1"
236,"small_woody_stems","north","Sassafras_albidum","3"
236,"small_woody_stems","north","Acer_rubrum","4"
236,"small_woody_stems","north","Gaylussacia_spp","36"
236,"small_woody_stems","north","Vaccinium_spp","2"
236,"small_woody_stems","north","Hamamelis_virginiana","1"
236,"small_woody_stems","north","Kalmia_latifolia","5"
236,"medium_woody_stems","north","Rosacea_spp","1"
236,"medium_woody_stems","north","Kalmia_latifolia","7"
236,"medium_woody_stems","north","Gaylussacia_spp","2"
236,"medium_woody_stems","north","Amelanchier_spp","2"
236,"medium_woody_stems","north","Acer_rubrum","1"
236,"large_woody_stems","north","Rosacea_spp","1"
236,"large_woody_stems","north","Prunus_serotina","1"
236,"large_woody_stems","north","Hamamelis_virginiana","22"
236,"large_woody_stems","north","Kalmia_latifolia","5"
236,"large_woody_stems","north","Sassafras_albidum","5"
236,"large_woody_stems","north","Quercus_rubra","6"
236,"small_woody_stems","south","Gaylussacia_spp","25"
236,"small_woody_stems","south","Kalmia_latifolia","5"
236,"small_woody_stems","south","Quercus_rubra","3"
236,"small_woody_stems","south","Comptonia_peregrina","1"
236,"small_woody_stems","south","Vaccinium_spp","12"
236,"small_woody_stems","south","Acer_rubrum","2"
236,"small_woody_stems","south","Quercus_montana","1"
236,"medium_woody_stems","south","Kalmia_latifolia","10"
236,"medium_woody_stems","south","Hamamelis_virginiana","1"
236,"large_woody_stems","south","Acer_rubrum","1"
236,"large_woody_stems","south","Amelanchier_spp","4"
236,"large_woody_stems","south","Quercus_rubra","3"
236,"large_woody_stems","south","Hamamelis_virginiana","10"
236,"large_woody_stems","south","Quercus_alba","1"
236,"large_woody_stems","south","Acer_rubrum","2"
236,"large_woody_stems","south","Quercus_montana","2"
237,"basalarea","none","Quercus_montana","2"
237,"basalarea","none","Quercus_rubra","1"
237,"snag","none","snag","0"
237,"basalarea_edge","none","nodata","1"
238,"basalarea","none","Sassafras_albidum","1"
238,"basalarea","none","Quercus_rubra","1"
238,"snag","none","snag","0"
238,"basalarea_edge","none","nodata","0"
238,"small_woody_stems","north","Acer_rubrum","5"
238,"small_woody_stems","north","Vaccinium_spp","18"
238,"small_woody_stems","north","Hamamelis_virginiana","2"
238,"small_woody_stems","north","Amelanchier_spp","1"
238,"medium_woody_stems","north","Rhododendron_spp","1"
238,"large_woody_stems","north","Quercus_alba","3"
238,"large_woody_stems","north","Hamamelis_virginiana","39"
238,"large_woody_stems","north","Sassafras_albidum","1"
238,"large_woody_stems","north","Amelanchier_spp","1"
238,"large_woody_stems","north","Magnolia_spp","1"
238,"large_woody_stems","north","Quercus_rubra","1"
238,"small_woody_stems","south","Kalmia_latifolia","10"
238,"small_woody_stems","south","Gaylussacia_spp","35"
238,"small_woody_stems","south","Acer_rubrum","2"
238,"small_woody_stems","south","Vaccinium_spp","20"
238,"small_woody_stems","south","Amelanchier_spp","1"
238,"large_woody_stems","south","Sassafras_albidum","7"
238,"large_woody_stems","south","Hamamelis_virginiana","15"
238,"large_woody_stems","south","Quercus_rubra","2"
238,"large_woody_stems","south","Kalmia_latifolia","2"
238,"large_woody_stems","south","Acer_rubrum","3"
238,"large_woody_stems","south","Amelanchier_spp","1"
238,"large_woody_stems","south","Quercus_montana","1"
239,"basalarea","none","Quercus_montana","2"
239,"basalarea","none","Quercus_rubra","1"
239,"snag","none","snag","0"
239,"basalarea_edge","none","nodata","2"
239,"small_woody_stems","north","Kalmia_latifolia","29"
239,"small_woody_stems","north","Acer_rubrum","5"
239,"small_woody_stems","north","Quercus_rubra","5"
239,"small_woody_stems","north","Sassafras_albidum","2"
239,"small_woody_stems","north","Vaccinium_spp","4"
239,"medium_woody_stems","north","Kalmia_latifolia","16"
239,"medium_woody_stems","north","Hamamelis_virginiana","1"
239,"medium_woody_stems","north","Sassafras_albidum","1"
239,"medium_woody_stems","north","Quercus_rubra","1"
239,"large_woody_stems","north","Hamamelis_virginiana","2"
239,"large_woody_stems","north","Sassafras_albidum","2"
239,"large_woody_stems","north","Kalmia_latifolia","2"
239,"large_woody_stems","north","Quercus_rubra","1"
239,"small_woody_stems","south","Kalmia_latifolia","29"
239,"small_woody_stems","south","Sassafras_albidum","3"
239,"small_woody_stems","south","Vaccinium_spp","3"
239,"medium_woody_stems","south","Kalmia_latifolia","22"
239,"large_woody_stems","south","Hamamelis_virginiana","3"
239,"large_woody_stems","south","Sassafras_albidum","3"
239,"large_woody_stems","south","Acer_rubrum","1"
239,"large_woody_stems","south","Kalmia_latifolia","3"
240,"basalarea","none","Quercus_montana","1"
240,"basalarea","none","Sassafras_albidum","5"
240,"basalarea","none","Acer_rubrum","2"
240,"snag","none","snag","0"
240,"basalarea_edge","none","nodata","3"
240,"small_woody_stems","north","Kalmia_latifolia","5"
240,"small_woody_stems","north","Sassafras_albidum","1"
240,"medium_woody_stems","north","Kalmia_latifolia","15"
240,"medium_woody_stems","north","Hamamelis_virginiana","1"
240,"large_woody_stems","north","Hamamelis_virginiana","27"
240,"large_woody_stems","north","Kalmia_latifolia","5"
240,"large_woody_stems","north","Sassafras_albidum","1"
240,"small_woody_stems","south","Kalmia_latifolia","14"
240,"small_woody_stems","south","Sassafras_albidum","1"
240,"small_woody_stems","south","Vaccinium_spp","1"
240,"medium_woody_stems","south","Kalmia_latifolia","16"
240,"medium_woody_stems","south","Quercus_montana","1"
240,"medium_woody_stems","south","Quercus_rubra","1"
240,"medium_woody_stems","south","Rhododendron_spp","4"
240,"large_woody_stems","south","Acer_rubrum","2"
240,"large_woody_stems","south","Sassafras_albidum","4"
240,"large_woody_stems","south","Kalmia_latifolia","10"
240,"large_woody_stems","south","Quercus_rubra","4"
240,"large_woody_stems","south","Hamamelis_virginiana","4"
241,"basalarea","none","Quercus_rubra","2"
241,"basalarea","none","Quercus_montana","1"
241,"snag","none","snag","0"
241,"basalarea_edge","none","nodata","0"
241,"small_woody_stems","north","Acer_rubrum","8"
241,"small_woody_stems","north","Kalmia_latifolia","47"
241,"small_woody_stems","north","Gaylussacia_spp","6"
241,"small_woody_stems","north","Vaccinium_spp","16"
241,"small_woody_stems","north","Hamamelis_virginiana","5"
241,"small_woody_stems","north","Sassafras_albidum","4"
241,"small_woody_stems","north","Amelanchier_spp","2"
241,"medium_woody_stems","north","Quercus_rubra","2"
241,"medium_woody_stems","north","Gaylussacia_spp","1"
241,"medium_woody_stems","north","Kalmia_latifolia","23"
241,"medium_woody_stems","north","Hamamelis_virginiana","3"
241,"medium_woody_stems","north","Sassafras_albidum","2"
241,"medium_woody_stems","north","Acer_rubrum","4"
241,"medium_woody_stems","north","Vaccinium_spp","5"
241,"large_woody_stems","north","Quercus_montana","1"
241,"large_woody_stems","north","Sassafras_albidum","1"
241,"large_woody_stems","north","Hamamelis_virginiana","2"
241,"large_woody_stems","north","Acer_rubrum","7"
241,"large_woody_stems","north","Quercus_rubra","3"
241,"large_woody_stems","north","Kalmia_latifolia","2"
241,"small_woody_stems","south","Vaccinium_spp","2"
241,"small_woody_stems","south","Kalmia_latifolia","15"
241,"small_woody_stems","south","Acer_rubrum","2"
241,"small_woody_stems","south","Quercus_rubra","1"
241,"small_woody_stems","south","Sassafras_albidum","2"
241,"medium_woody_stems","south","Hamamelis_virginiana","2"
241,"medium_woody_stems","south","Kalmia_latifolia","15"
241,"medium_woody_stems","south","Amelanchier_spp","3"
241,"medium_woody_stems","south","Quercus_rubra","3"
241,"medium_woody_stems","south","Acer_rubrum","1"
241,"medium_woody_stems","south","Sassafras_albidum","1"
241,"medium_woody_stems","south","Magnolia_accuminata","1"
241,"large_woody_stems","south","Amelanchier_spp","2"
241,"large_woody_stems","south","Hamamelis_virginiana","3"
241,"large_woody_stems","south","Sassafras_albidum","2"
241,"large_woody_stems","south","Kalmia_latifolia","3"
241,"large_woody_stems","south","Acer_rubrum","1"
242,"basalarea","none","Acer_rubrum","2"
242,"basalarea","none","Quercus_alba","1"
242,"basalarea","none","Quercus_rubra","2"
242,"snag","none","snag","0"
242,"basalarea_edge","none","nodata","3"
242,"small_woody_stems","north","Sassafras_albidum","1"
242,"small_woody_stems","north","Vaccinium_spp","1"
242,"small_woody_stems","north","Kalmia_latifolia","1"
242,"medium_woody_stems","north","Kalmia_latifolia","4"
242,"medium_woody_stems","north","Sassafras_albidum","1"
242,"medium_woody_stems","north","Quercus_rubra","1"
242,"medium_woody_stems","north","Vaccinium_spp","1"
242,"large_woody_stems","north","Hamamelis_virginiana","1"
242,"large_woody_stems","north","Kalmia_latifolia","2"
242,"large_woody_stems","north","Quercus_rubra","1"
242,"large_woody_stems","north","Sassafras_albidum","1"
242,"large_woody_stems","north","Amelanchier_spp","1"
242,"large_woody_stems","north","Acer_rubrum","1"
242,"small_woody_stems","south","Sassafras_albidum","5"
242,"small_woody_stems","south","Kalmia_latifolia","3"
242,"small_woody_stems","south","Vaccinium_spp","2"
242,"medium_woody_stems","south","Kalmia_latifolia","25"
242,"medium_woody_stems","south","Quercus_rubra","5"
242,"medium_woody_stems","south","Sassafras_albidum","3"
242,"medium_woody_stems","south","Vaccinium_spp","4"
242,"medium_woody_stems","south","Acer_rubrum","2"
242,"medium_woody_stems","south","Amelanchier_spp","1"
242,"medium_woody_stems","south","Hamamelis_virginiana","1"
242,"large_woody_stems","south","Kalmia_latifolia","20"
242,"large_woody_stems","south","Quercus_rubra","12"
242,"large_woody_stems","south","Hamamelis_virginiana","3"
242,"large_woody_stems","south","Acer_rubrum","4"
242,"large_woody_stems","south","Quercus_montana","3"
243,"basalarea","none","Quercus_rubra","3"
243,"snag","none","snag","0"
243,"basalarea_edge","none","nodata","2"
243,"small_woody_stems","north","Vaccinium_spp","3"
243,"small_woody_stems","north","Kalmia_latifolia","10"
243,"small_woody_stems","north","Gaylussacia_spp","33"
243,"small_woody_stems","north","Hamamelis_virginiana","1"
243,"medium_woody_stems","north","Kalmia_latifolia","8"
243,"medium_woody_stems","north","Prunus_virginiana","1"
243,"medium_woody_stems","north","Sassafras_albidum","1"
243,"medium_woody_stems","north","Hamamelis_virginiana","1"
243,"large_woody_stems","north","Quercus_rubra","1"
243,"large_woody_stems","north","Sassafras_albidum","5"
243,"large_woody_stems","north","Kalmia_latifolia","4"
243,"small_woody_stems","south","Kalmia_latifolia","4"
243,"small_woody_stems","south","Gaylussacia_spp","23"
243,"small_woody_stems","south","Vaccinium_spp","1"
243,"small_woody_stems","south","Prunus_virginiana","1"
243,"small_woody_stems","south","Sassafras_albidum","2"
243,"medium_woody_stems","south","Sassafras_albidum","1"
243,"medium_woody_stems","south","Acer_rubrum","1"
243,"medium_woody_stems","south","Kalmia_latifolia","2"
243,"large_woody_stems","south","Kalmia_latifolia","8"
243,"large_woody_stems","south","Prunus_virginiana","3"
243,"large_woody_stems","south","Hamamelis_virginiana","2"
244,"basalarea","none","Quercus_montana","1"
244,"basalarea","none","Sassafras_albidum","1"
244,"basalarea","none","Quercus_rubra","2"
244,"snag","none","snag","0"
244,"basalarea_edge","none","nodata","1"
244,"small_woody_stems","north","Acer_rubrum","7"
244,"small_woody_stems","north","Gaylussacia_spp","15"
244,"small_woody_stems","north","Kalmia_latifolia","4"
244,"small_woody_stems","north","Sassafras_albidum","1"
244,"small_woody_stems","north","Hamamelis_virginiana","1"
244,"small_woody_stems","north","Quercus_montana","2"
244,"medium_woody_stems","north","Sassafras_albidum","1"
244,"medium_woody_stems","north","Kalmia_latifolia","9"
244,"medium_woody_stems","north","Quercus_rubra","2"
244,"medium_woody_stems","north","Gaylussacia_spp","1"
244,"large_woody_stems","north","Sassafras_albidum","2"
244,"large_woody_stems","north","Quercus_montana","1"
244,"large_woody_stems","north","Hamamelis_virginiana","5"
244,"large_woody_stems","north","Acer_rubrum","1"
244,"large_woody_stems","north","Amelanchier_spp","1"
244,"small_woody_stems","south","Kalmia_latifolia","2"
244,"medium_woody_stems","south","Kalmia_latifolia","11"
244,"large_woody_stems","south","Hamamelis_virginiana","10"
244,"large_woody_stems","south","Sassafras_albidum","3"
244,"large_woody_stems","south","Quercus_rubra","2"
244,"large_woody_stems","south","Acer_rubrum","3"
244,"large_woody_stems","south","Kalmia_latifolia","10"
245,"basalarea","none","Quercus_rubra","2"
245,"basalarea","none","Quercus_montana","1"
245,"snag","none","snag","0"
245,"basalarea_edge","none","nodata","5"
245,"small_woody_stems","north","Acer_rubrum","2"
245,"large_woody_stems","north","Acer_rubrum","5"
245,"small_woody_stems","south","Quercus_montana","1"
245,"small_woody_stems","south","Acer_rubrum","1"
245,"small_woody_stems","south","Castanea_dentata","2"
245,"small_woody_stems","south","Rhododendron_spp","1"
245,"small_woody_stems","south","Kalmia_latifolia","2"
245,"small_woody_stems","south","Gaylussacia_spp","2"
245,"small_woody_stems","south","Quercus_alba","2"
245,"medium_woody_stems","south","Hamamelis_virginiana","2"
245,"medium_woody_stems","south","Quercus_montana","1"
245,"medium_woody_stems","south","Amelanchier_spp","1"
245,"large_woody_stems","south","Sassafras_albidum","3"
245,"large_woody_stems","south","Quercus_rubra","1"
245,"large_woody_stems","south","Acer_rubrum","2"
245,"large_woody_stems","south","Prunus_serotina","1"
245,"large_woody_stems","south","Quercus_montana","3"
246,"basalarea","none","Sassafras_albidum","2"
246,"basalarea","none","Quercus_alba","2"
246,"basalarea","none","Acer_rubrum","8"
246,"snag","none","snag","0"
246,"basalarea_edge","none","nodata","2"
246,"small_woody_stems","north","Kalmia_latifolia","2"
246,"medium_woody_stems","north","Kalmia_latifolia","5"
246,"medium_woody_stems","north","Quercus_montana","1"
246,"large_woody_stems","north","Sassafras_albidum","2"
246,"large_woody_stems","north","Quercus_rubra","4"
246,"large_woody_stems","north","Acer_rubrum","6"
246,"large_woody_stems","north","Amelanchier_spp","1"
246,"large_woody_stems","north","Kalmia_latifolia","15"
246,"small_woody_stems","south","Kalmia_latifolia","7"
246,"small_woody_stems","south","Quercus_alba","2"
246,"medium_woody_stems","south","Kalmia_latifolia","10"
246,"large_woody_stems","south","Kalmia_latifolia","17"
246,"large_woody_stems","south","Quercus_rubra","8"
246,"large_woody_stems","south","Sassafras_albidum","3"
246,"large_woody_stems","south","Quercus_alba","3"
246,"large_woody_stems","south","Acer_rubrum","1"
247,"basalarea","none","Quercus_montana","1"
247,"basalarea","none","Acer_rubrum","8"
247,"basalarea","none","Quercus_rubra","1"
247,"snag","none","snag","0"
247,"basalarea_edge","none","nodata","2"
247,"small_woody_stems","north","Kalmia_latifolia","12"
247,"medium_woody_stems","north","Kalmia_latifolia","5"
247,"large_woody_stems","north","Acer_rubrum","8"
247,"large_woody_stems","north","Quercus_rubra","5"
247,"large_woody_stems","north","Sassafras_albidum","3"
247,"large_woody_stems","north","Hamamelis_virginiana","2"
247,"large_woody_stems","north","Kalmia_latifolia","5"
247,"small_woody_stems","south","Amelanchier_spp","1"
247,"medium_woody_stems","south","Acer_rubrum","1"
247,"medium_woody_stems","south","Kalmia_latifolia","3"
247,"large_woody_stems","south","Acer_rubrum","4"
247,"large_woody_stems","south","Quercus_rubra","11"
247,"large_woody_stems","south","Quercus_montana","1"
247,"large_woody_stems","south","Amelanchier_spp","1"
247,"large_woody_stems","south","Kalmia_latifolia","4"
248,"basalarea","none","Magnolia_accuminata","2"
248,"basalarea","none","Acer_rubrum","3"
248,"snag","none","snag","0"
248,"basalarea_edge","none","nodata","1"
248,"small_woody_stems","north","Kalmia_latifolia","5"
248,"small_woody_stems","north","Hamamelis_virginiana","1"
248,"medium_woody_stems","north","Kalmia_latifolia","3"
248,"large_woody_stems","north","Kalmia_latifolia","22"
248,"large_woody_stems","north","Magnolia_accuminata","3"
248,"large_woody_stems","north","Acer_rubrum","6"
248,"large_woody_stems","north","Hamamelis_virginiana","10"
248,"large_woody_stems","north","Sassafras_albidum","9"
248,"large_woody_stems","north","Amelanchier_spp","1"
248,"small_woody_stems","south","Quercus_rubra","2"
248,"small_woody_stems","south","Kalmia_latifolia","3"
248,"medium_woody_stems","south","Quercus_rubra","1"
248,"medium_woody_stems","south","Kalmia_latifolia","9"
248,"large_woody_stems","south","Sassafras_albidum","7"
248,"large_woody_stems","south","Magnolia_accuminata","1"
248,"large_woody_stems","south","Prunus_serotina","1"
248,"large_woody_stems","south","Kalmia_latifolia","3"
248,"large_woody_stems","south","Hamamelis_virginiana","5"
248,"large_woody_stems","south","Quercus_rubra","1"
248,"large_woody_stems","south","Amelanchier_spp","3"
249,"basalarea","none","Acer_rubrum","1"
249,"basalarea","none","Prunus_serotina","1"
249,"snag","none","snag","0"
249,"basalarea_edge","none","nodata","4"
249,"large_woody_stems","north","Prunus_serotina","1"
249,"large_woody_stems","north","Acer_rubrum","1"
249,"small_woody_stems","south","Vaccinium_stamineum","1"
249,"large_woody_stems","south","Vaccinium_stamineum","1"
249,"large_woody_stems","south","Acer_rubrum","5"
249,"large_woody_stems","south","Quercus_rubra","4"
249,"large_woody_stems","south","Prunus_serotina","1"
250,"basalarea","none","Quercus_alba","4"
250,"basalarea","none","Acer_rubrum","1"
250,"basalarea","none","Quercus_rubra","1"
250,"snag","none","snag","0"
250,"basalarea_edge","none","nodata","4"
250,"medium_woody_stems","north","Quercus_rubra","1"
250,"large_woody_stems","north","Sassafras_albidum","2"
250,"large_woody_stems","north","Quercus_rubra","3"
250,"large_woody_stems","north","Amelanchier_spp","1"
250,"large_woody_stems","north","Magnolia_accuminata","1"
250,"large_woody_stems","north","Acer_rubrum","1"
250,"medium_woody_stems","south","Amelanchier_spp","1"
250,"large_woody_stems","south","Sassafras_albidum","3"
250,"large_woody_stems","south","Quercus_rubra","3"
250,"large_woody_stems","south","Acer_rubrum","1"
250,"large_woody_stems","south","Prunus_serotina","4"
250,"large_woody_stems","south","Amelanchier_spp","2"
250,"large_woody_stems","south","Magnolia_accuminata","1"
250,"large_woody_stems","south","Quercus_montana","2"
250,"large_woody_stems","south","Hamamelis_virginiana","1"
251,"basalarea","none","Quercus_rubra","3"
251,"basalarea","none","Sassafras_albidum","1"
251,"basalarea","none","Quercus_montana","1"
251,"snag","none","snag","0"
251,"basalarea_edge","none","nodata","0"
251,"small_woody_stems","north","Vaccinium_spp","2"
251,"small_woody_stems","north","Hamamelis_virginiana","2"
251,"small_woody_stems","north","Quercus_rubra","1"
251,"small_woody_stems","north","Kalmia_latifolia","14"
251,"small_woody_stems","north","Quercus_montana","1"
251,"small_woody_stems","north","Acer_rubrum","2"
251,"small_woody_stems","north","Sassafras_albidum","6"
251,"small_woody_stems","north","Gaylussacia_spp","4"
251,"medium_woody_stems","north","Hamamelis_virginiana","8"
251,"medium_woody_stems","north","Sassafras_albidum","4"
251,"medium_woody_stems","north","Acer_rubrum","3"
251,"medium_woody_stems","north","Kalmia_latifolia","6"
251,"medium_woody_stems","north","Amelanchier_spp","1"
251,"large_woody_stems","north","Hamamelis_virginiana","12"
251,"large_woody_stems","north","Sassafras_albidum","2"
251,"large_woody_stems","north","Kalmia_latifolia","7"
251,"large_woody_stems","north","Acer_rubrum","6"
251,"large_woody_stems","north","Quercus_montana","1"
251,"large_woody_stems","north","Amelanchier_spp","1"
251,"small_woody_stems","south","Kalmia_latifolia","12"
251,"small_woody_stems","south","Acer_rubrum","4"
251,"small_woody_stems","south","Vaccinium_spp","2"
251,"small_woody_stems","south","Gaylussacia_spp","9"
251,"small_woody_stems","south","Quercus_rubra","1"
251,"small_woody_stems","south","Hamamelis_virginiana","1"
251,"small_woody_stems","south","Sassafras_albidum","3"
251,"medium_woody_stems","south","Kalmia_latifolia","20"
251,"medium_woody_stems","south","Sassafras_albidum","2"
251,"medium_woody_stems","south","Quercus_montana","1"
251,"medium_woody_stems","south","Hamamelis_virginiana","2"
251,"large_woody_stems","south","Kalmia_latifolia","1"
251,"large_woody_stems","south","Quercus_rubra","2"
251,"large_woody_stems","south","Sassafras_albidum","9"
251,"large_woody_stems","south","Hamamelis_virginiana","4"
251,"large_woody_stems","south","Amelanchier_spp","1"
252,"basalarea","none","Quercus_montana","1"
252,"basalarea","none","Quercus_rubra","1"
252,"basalarea","none","Sassafras_albidum","1"
252,"snag","none","snag","0"
252,"basalarea_edge","none","nodata","0"
252,"small_woody_stems","north","Acer_rubrum","9"
252,"small_woody_stems","north","Sassafras_albidum","8"
252,"small_woody_stems","north","Gaylussacia_spp","6"
252,"small_woody_stems","north","Kalmia_latifolia","3"
252,"small_woody_stems","north","Vaccinium_spp","1"
252,"medium_woody_stems","north","Amelanchier_spp","3"
252,"medium_woody_stems","north","Quercus_montana","1"
252,"medium_woody_stems","north","Prunus_virginiana","1"
252,"medium_woody_stems","north","Sassafras_albidum","6"
252,"medium_woody_stems","north","Vaccinium_spp","18"
252,"medium_woody_stems","north","Kalmia_latifolia","26"
252,"medium_woody_stems","north","Gaylussacia_spp","32"
252,"medium_woody_stems","north","Acer_rubrum","23"
252,"medium_woody_stems","north","Hamamelis_virginiana","5"
252,"medium_woody_stems","north","Prunus_spp","5"
252,"large_woody_stems","north","Hamamelis_virginiana","6"
252,"large_woody_stems","north","Sassafras_albidum","5"
252,"large_woody_stems","north","Kalmia_latifolia","6"
252,"large_woody_stems","north","Acer_rubrum","5"
252,"large_woody_stems","north","Amelanchier_spp","2"
252,"large_woody_stems","north","Quercus_montana","1"
252,"small_woody_stems","south","Acer_rubrum","9"
252,"small_woody_stems","south","Rhododendron_spp","4"
252,"small_woody_stems","south","Sassafras_albidum","4"
252,"small_woody_stems","south","Gaylussacia_spp","2"
252,"small_woody_stems","south","Vaccinium_spp","4"
252,"medium_woody_stems","south","Kalmia_latifolia","16"
252,"medium_woody_stems","south","Sassafras_albidum","8"
252,"medium_woody_stems","south","Amelanchier_spp","1"
252,"medium_woody_stems","south","Vaccinium_spp","5"
252,"medium_woody_stems","south","Gaylussacia_spp","37"
252,"medium_woody_stems","south","Quercus_rubra","9"
252,"medium_woody_stems","south","Prunus_spp","6"
252,"medium_woody_stems","south","Quercus_montana","1"
252,"medium_woody_stems","south","Acer_rubrum","11"
252,"medium_woody_stems","south","Rhododendron_spp","13"
252,"large_woody_stems","south","Sassafras_albidum","5"
252,"large_woody_stems","south","Kalmia_latifolia","9"
252,"large_woody_stems","south","Hamamelis_virginiana","4"
252,"large_woody_stems","south","Quercus_rubra","3"
253,"basalarea","none","Quercus_rubra","3"
253,"snag","none","snag","0"
253,"basalarea_edge","none","nodata","0"
253,"medium_woody_stems","north","Amelanchier_spp","1"
253,"medium_woody_stems","north","Prunus_serotina","1"
253,"medium_woody_stems","north","Hamamelis_virginiana","3"
253,"medium_woody_stems","north","Acer_rubrum","1"
253,"large_woody_stems","north","Quercus_rubra","5"
253,"large_woody_stems","north","Rhododendron_spp","4"
253,"large_woody_stems","north","Amelanchier_spp","17"
253,"large_woody_stems","north","Prunus_spp","1"
253,"large_woody_stems","north","Prunus_serotina","1"
253,"small_woody_stems","south","Gaylussacia_spp","13"
253,"small_woody_stems","south","Amelanchier_spp","9"
253,"small_woody_stems","south","Vaccinium_spp","1"
253,"small_woody_stems","south","Kalmia_latifolia","15"
253,"small_woody_stems","south","Rhododendron_spp","3"
253,"small_woody_stems","south","Acer_rubrum","2"
253,"medium_woody_stems","south","Hamamelis_virginiana","2"
253,"medium_woody_stems","south","Acer_rubrum","1"
253,"medium_woody_stems","south","Rhododendron_spp","2"
253,"medium_woody_stems","south","Kalmia_latifolia","13"
253,"medium_woody_stems","south","Amelanchier_spp","8"
253,"medium_woody_stems","south","Sassafras_albidum","1"
253,"medium_woody_stems","south","Quercus_rubra","3"
253,"large_woody_stems","south","Hamamelis_virginiana","2"
253,"large_woody_stems","south","Amelanchier_spp","17"
253,"large_woody_stems","south","Rhododendron_spp","7"
253,"large_woody_stems","south","Kalmia_latifolia","1"
253,"large_woody_stems","south","Quercus_rubra","3"
253,"large_woody_stems","south","Quercus_montana","1"
254,"basalarea","none","Quercus_rubra","2"
254,"basalarea","none","Sassafras_albidum","2"
254,"snag","none","snag","0"
254,"basalarea_edge","none","nodata","2"
254,"small_woody_stems","north","Quercus_montana","2"
254,"small_woody_stems","north","Sassafras_albidum","7"
254,"small_woody_stems","north","Acer_rubrum","1"
254,"small_woody_stems","north","Hamamelis_virginiana","6"
254,"small_woody_stems","north","Rhododendron_spp","1"
254,"small_woody_stems","north","Vaccinium_spp","12"
254,"small_woody_stems","north","Kalmia_latifolia","12"
254,"small_woody_stems","north","Gaylussacia_spp","15"
254,"small_woody_stems","north","Quercus_rubra","3"
254,"medium_woody_stems","north","Kalmia_latifolia","9"
254,"medium_woody_stems","north","Hamamelis_virginiana","1"
254,"large_woody_stems","north","Kalmia_latifolia","2"
254,"large_woody_stems","north","Quercus_alba","1"
254,"large_woody_stems","north","Amelanchier_spp","3"
254,"large_woody_stems","north","Hamamelis_virginiana","13"
254,"large_woody_stems","north","Quercus_rubra","1"
254,"large_woody_stems","north","Sassafras_albidum","1"
254,"small_woody_stems","south","Vaccinium_spp","13"
254,"small_woody_stems","south","Hamamelis_virginiana","5"
254,"small_woody_stems","south","Quercus_montana","4"
254,"small_woody_stems","south","Gaylussacia_spp","18"
254,"small_woody_stems","south","Sassafras_albidum","3"
254,"small_woody_stems","south","Kalmia_latifolia","24"
254,"small_woody_stems","south","Rhododendron_spp","1"
254,"small_woody_stems","south","Comptonia_peregrina","2"
254,"small_woody_stems","south","Acer_rubrum","1"
254,"small_woody_stems","south","Quercus_rubra","3"
254,"medium_woody_stems","south","Vaccinium_spp","3"
254,"medium_woody_stems","south","Sassafras_albidum","1"
254,"medium_woody_stems","south","Quercus_montana","1"
254,"medium_woody_stems","south","Hamamelis_virginiana","1"
254,"medium_woody_stems","south","Kalmia_latifolia","13"
254,"medium_woody_stems","south","Comptonia_peregrina","1"
254,"large_woody_stems","south","Quercus_rubra","5"
254,"large_woody_stems","south","Hamamelis_virginiana","5"
254,"large_woody_stems","south","Quercus_montana","1"
254,"large_woody_stems","south","Kalmia_latifolia","6"
254,"large_woody_stems","south","Sassafras_albidum","3"
255,"basalarea","none","Quercus_montana","2"
255,"snag","none","snag","0"
255,"basalarea_edge","none","nodata","0"
255,"small_woody_stems","north","Sassafras_albidum","1"
255,"small_woody_stems","north","Acer_rubrum","3"
255,"small_woody_stems","north","Gaylussacia_spp","4"
255,"medium_woody_stems","north","Acer_rubrum","1"
255,"medium_woody_stems","north","Gaylussacia_spp","1"
255,"medium_woody_stems","north","Rhododendron_spp","1"
255,"large_woody_stems","north","Amelanchier_spp","7"
255,"large_woody_stems","north","Quercus_alba","2"
255,"large_woody_stems","north","Sassafras_albidum","3"
255,"large_woody_stems","north","Hamamelis_virginiana","6"
255,"large_woody_stems","north","Quercus_rubra","1"
255,"large_woody_stems","north","Rhododendron_spp","1"
255,"large_woody_stems","north","Acer_rubrum","8"
255,"small_woody_stems","south","Quercus_alba","1"
255,"small_woody_stems","south","Hamamelis_virginiana","1"
255,"small_woody_stems","south","Rhododendron_spp","1"
255,"medium_woody_stems","south","Acer_rubrum","1"
255,"medium_woody_stems","south","Quercus_alba","2"
255,"medium_woody_stems","south","Amelanchier_spp","2"
255,"medium_woody_stems","south","Quercus_rubra","1"
255,"medium_woody_stems","south","Prunus_virginiana","1"
255,"large_woody_stems","south","Quercus_alba","13"
255,"large_woody_stems","south","Amelanchier_spp","3"
255,"large_woody_stems","south","Sassafras_albidum","2"
255,"large_woody_stems","south","Quercus_montana","4"
255,"large_woody_stems","south","Prunus_virginiana","5"
255,"large_woody_stems","south","Prunus_serotina","1"
255,"large_woody_stems","south","Acer_rubrum","1"
256,"basalarea","none","Quercus_rubra","1"
256,"basalarea","none","Amelanchier_spp","1"
256,"basalarea","none","Sassafras_albidum","1"
256,"snag","none","snag","0"
256,"basalarea_edge","none","nodata","0"
256,"small_woody_stems","north","Quercus_montana","1"
256,"small_woody_stems","north","Acer_rubrum","1"
256,"small_woody_stems","north","Quercus_rubra","1"
256,"medium_woody_stems","north","Acer_rubrum","5"
256,"medium_woody_stems","north","Nyssa_sylvatica","1"
256,"large_woody_stems","north","Sassafras_albidum","1"
256,"large_woody_stems","north","Quercus_rubra","15"
256,"large_woody_stems","north","Acer_rubrum","6"
256,"large_woody_stems","north","Quercus_alba","2"
256,"large_woody_stems","north","Quercus_montana","1"
256,"large_woody_stems","north","Rhododendron_spp","2"
256,"small_woody_stems","south","Amelanchier_spp","2"
256,"small_woody_stems","south","Acer_rubrum","8"
256,"small_woody_stems","south","Vaccinium_stamineum","1"
256,"small_woody_stems","south","Quercus_montana","1"
256,"medium_woody_stems","south","Amelanchier_spp","4"
256,"medium_woody_stems","south","Acer_rubrum","5"
256,"large_woody_stems","south","Amelanchier_spp","2"
256,"large_woody_stems","south","Acer_rubrum","18"
256,"large_woody_stems","south","Quercus_rubra","26"
256,"large_woody_stems","south","Sassafras_albidum","2"
256,"large_woody_stems","south","Quercus_montana","1"
256,"large_woody_stems","south","Prunus_serotina","2"
257,"basalarea","none","Prunus_serotina","1"
257,"snag","none","snag","0"
257,"basalarea_edge","none","nodata","1"
257,"large_woody_stems","north","Hamamelis_virginiana","4"
257,"large_woody_stems","north","Acer_rubrum","12"
257,"large_woody_stems","north","Quercus_montana","3"
257,"large_woody_stems","north","Prunus_serotina","2"
257,"large_woody_stems","north","Quercus_rubra","14"
257,"large_woody_stems","south","Quercus_montana","2"
257,"large_woody_stems","south","Hamamelis_virginiana","19"
257,"large_woody_stems","south","Prunus_serotina","1"
257,"large_woody_stems","south","Sassafras_albidum","1"
257,"large_woody_stems","south","Quercus_rubra","3"
257,"large_woody_stems","south","Acer_rubrum","6"
258,"basalarea","none","Prunus_serotina","3"
258,"basalarea","none","Magnolia_accuminata","1"
258,"snag","none","snag","0"
258,"basalarea_edge","none","nodata","2"
258,"large_woody_stems","north","Quercus_montana","3"
258,"large_woody_stems","north","Acer_rubrum","7"
258,"large_woody_stems","north","Prunus_serotina","2"
258,"large_woody_stems","north","Hamamelis_virginiana","2"
258,"large_woody_stems","north","Quercus_rubra","1"
258,"medium_woody_stems","south","Hamamelis_virginiana","1"
258,"medium_woody_stems","south","Amelanchier_spp","1"
258,"large_woody_stems","south","Hamamelis_virginiana","5"
258,"large_woody_stems","south","Quercus_rubra","2"
258,"large_woody_stems","south","Prunus_serotina","5"
258,"large_woody_stems","south","Amelanchier_spp","1"
258,"large_woody_stems","south","Quercus_montana","2"
258,"large_woody_stems","south","Acer_rubrum","4"
258,"large_woody_stems","south","Sassafras_albidum","2"
259,"basalarea","none","Acer_rubrum","13"
259,"basalarea","none","Quercus_montana","1"
259,"basalarea","none","Quercus_rubra","4"
259,"snag","none","snag","0"
259,"basalarea_edge","none","nodata","2"
259,"large_woody_stems","north","Acer_rubrum","6"
259,"large_woody_stems","north","Hamamelis_virginiana","3"
259,"large_woody_stems","north","Amelanchier_spp","1"
259,"large_woody_stems","north","Quercus_rubra","5"
259,"large_woody_stems","north","Sassafras_albidum","1"
259,"medium_woody_stems","south","Hamamelis_virginiana","1"
259,"large_woody_stems","south","Acer_rubrum","11"
259,"large_woody_stems","south","Quercus_rubra","1"
260,"basalarea","none","Quercus_montana","2"
260,"basalarea","none","Acer_rubrum","2"
260,"basalarea","none","Quercus_alba","1"
260,"snag","none","snag","0"
260,"basalarea_edge","none","nodata","2"
260,"small_woody_stems","north","Kalmia_latifolia","10"
260,"small_woody_stems","north","Rhododendron_spp","2"
260,"medium_woody_stems","north","Kalmia_latifolia","9"
260,"large_woody_stems","north","Sassafras_albidum","2"
260,"large_woody_stems","north","Kalmia_latifolia","2"
260,"large_woody_stems","north","Quercus_rubra","2"
260,"large_woody_stems","north","Hamamelis_virginiana","1"
260,"large_woody_stems","north","Amelanchier_spp","2"
260,"small_woody_stems","south","Kalmia_latifolia","24"
260,"small_woody_stems","south","Sassafras_albidum","1"
260,"small_woody_stems","south","Gaylussacia_spp","9"
260,"medium_woody_stems","south","Kalmia_latifolia","20"
260,"medium_woody_stems","south","Hamamelis_virginiana","1"
260,"medium_woody_stems","south","Sassafras_albidum","2"
260,"large_woody_stems","south","Amelanchier_spp","2"
260,"large_woody_stems","south","Sassafras_albidum","5"
260,"large_woody_stems","south","Kalmia_latifolia","1"
260,"large_woody_stems","south","Quercus_alba","1"
260,"large_woody_stems","south","Acer_rubrum","1"
261,"basalarea","none","Acer_rubrum","4"
261,"basalarea","none","Quercus_montana","3"
261,"snag","none","snag","0"
261,"basalarea_edge","none","nodata","4"
261,"small_woody_stems","north","Gaylussacia_spp","17"
261,"small_woody_stems","north","Sassafras_albidum","6"
261,"small_woody_stems","north","Vaccinium_spp","1"
261,"small_woody_stems","north","Hamamelis_virginiana","2"
261,"small_woody_stems","north","Kalmia_latifolia","1"
261,"medium_woody_stems","north","Kalmia_latifolia","2"
261,"medium_woody_stems","north","Gaylussacia_spp","41"
261,"medium_woody_stems","north","Rhododendron_spp","3"
261,"medium_woody_stems","north","Sassafras_albidum","8"
261,"medium_woody_stems","north","Quercus_rubra","6"
261,"medium_woody_stems","north","Hamamelis_virginiana","1"
261,"large_woody_stems","north","Sassafras_albidum","5"
261,"large_woody_stems","north","Kalmia_latifolia","1"
261,"large_woody_stems","north","Quercus_rubra","2"
261,"large_woody_stems","north","Amelanchier_spp","1"
261,"small_woody_stems","south","Gaylussacia_spp","3"
261,"small_woody_stems","south","Quercus_rubra","1"
261,"small_woody_stems","south","Sassafras_albidum","2"
261,"small_woody_stems","south","Rhododendron_spp","1"
261,"medium_woody_stems","south","Gaylussacia_spp","41"
261,"medium_woody_stems","south","Quercus_montana","3"
261,"medium_woody_stems","south","Sassafras_albidum","1"
261,"medium_woody_stems","south","Kalmia_latifolia","2"
261,"medium_woody_stems","south","Carya_spp","1"
261,"medium_woody_stems","south","Rhododendron_spp","1"
261,"medium_woody_stems","south","Quercus_rubra","3"
261,"medium_woody_stems","south","Amelanchier_spp","1"
261,"large_woody_stems","south","Quercus_rubra","7"
261,"large_woody_stems","south","Sassafras_albidum","2"
261,"large_woody_stems","south","Acer_rubrum","1"
261,"large_woody_stems","south","Kalmia_latifolia","2"
261,"large_woody_stems","south","Magnolia_accuminata","1"
262,"basalarea","none","Magnolia_accuminata","2"
262,"basalarea","none","Acer_rubrum","1"
262,"basalarea","none","Prunus_serotina","3"
262,"snag","none","snag","0"
262,"basalarea_edge","none","nodata","0"
262,"large_woody_stems","north","Aralia_spinosa","4"
262,"large_woody_stems","north","Prunus_serotina","1"
262,"large_woody_stems","north","Magnolia_accuminata","3"
262,"large_woody_stems","north","Amelanchier_spp","1"
262,"large_woody_stems","north","Quercus_rubra","3"
262,"large_woody_stems","north","Acer_rubrum","5"
262,"large_woody_stems","south","Amelanchier_spp","1"
262,"large_woody_stems","south","Acer_rubrum","7"
262,"large_woody_stems","south","Quercus_rubra","2"
262,"large_woody_stems","south","Quercus_montana","2"
262,"large_woody_stems","south","Hamamelis_virginiana","10"
262,"large_woody_stems","south","Prunus_serotina","2"
263,"basalarea","none","Quercus_rubra","4"
263,"basalarea","none","Acer_rubrum","3"
263,"snag","none","snag","0"
263,"basalarea_edge","none","nodata","1"
263,"medium_woody_stems","north","Magnolia_accuminata","1"
263,"large_woody_stems","north","Quercus_rubra","9"
263,"large_woody_stems","north","Acer_rubrum","2"
263,"large_woody_stems","south","Quercus_rubra","8"
263,"large_woody_stems","south","Acer_rubrum","2"
264,"snag","none","snag","0"
264,"basalarea_edge","none","nodata","0"
264,"large_woody_stems","north","Aralia_spinosa","4"
264,"large_woody_stems","north","Prunus_serotina","1"
264,"large_woody_stems","north","Magnolia_accuminata","3"
264,"large_woody_stems","north","Amelanchier_spp","1"
264,"large_woody_stems","north","Quercus_rubra","3"
264,"large_woody_stems","north","Acer_rubrum","5"
264,"large_woody_stems","south","Amelanchier_spp","1"
264,"large_woody_stems","south","Acer_rubrum","7"
264,"large_woody_stems","south","Quercus_rubra","2"
264,"large_woody_stems","south","Quercus_montana","2"
264,"large_woody_stems","south","Hamamelis_virginiana","10"
264,"large_woody_stems","south","Prunus_serotina","2"
265,"basalarea","none","Quercus_montana","1"
265,"snag","none","snag","0"
265,"basalarea_edge","none","nodata","0"
265,"small_woody_stems","south","Comptonia_peregrina","7"
266,"basalarea","none","Prunus_serotina","1"
266,"basalarea","none","Acer_rubrum","5"
266,"snag","none","snag","0"
266,"basalarea_edge","none","nodata","6"
266,"medium_woody_stems","north","Prunus_serotina","1"
266,"large_woody_stems","north","Acer_rubrum","7"
266,"large_woody_stems","north","Quercus_rubra","3"
266,"large_woody_stems","north","Magnolia_accuminata","1"
266,"large_woody_stems","north","Prunus_serotina","5"
266,"large_woody_stems","north","Hamamelis_virginiana","5"
266,"large_woody_stems","south","Hamamelis_virginiana","5"
266,"large_woody_stems","south","Acer_rubrum","5"
266,"large_woody_stems","south","Sassafras_albidum","2"
266,"large_woody_stems","south","Quercus_rubra","1"
266,"large_woody_stems","south","Prunus_serotina","1"
266,"large_woody_stems","south","Amelanchier_spp","1"
266,"large_woody_stems","south","Quercus_montana","1"
267,"basalarea","none","Magnolia_accuminata","1"
267,"basalarea","none","Acer_rubrum","2"
267,"basalarea","none","Prunus_serotina","1"
267,"snag","none","snag","0"
267,"basalarea_edge","none","nodata","2"
267,"large_woody_stems","north","Acer_rubrum","7"
267,"large_woody_stems","north","Quercus_rubra","2"
267,"large_woody_stems","north","Prunus_serotina","7"
267,"large_woody_stems","north","Hamamelis_virginiana","3"
267,"large_woody_stems","south","Acer_rubrum","2"
267,"large_woody_stems","south","Prunus_serotina","3"
267,"large_woody_stems","south","Quercus_montana","1"
268,"basalarea","none","Acer_rubrum","6"
268,"snag","none","snag","0"
268,"basalarea_edge","none","nodata","7"
268,"large_woody_stems","north","Acer_rubrum","2"
268,"large_woody_stems","north","Hamamelis_virginiana","6"
268,"large_woody_stems","north","Quercus_rubra","11"
268,"medium_woody_stems","south","Amelanchier_spp","1"
268,"large_woody_stems","south","Quercus_rubra","3"
268,"large_woody_stems","south","Hamamelis_virginiana","13"
268,"large_woody_stems","south","Acer_rubrum","4"
268,"large_woody_stems","south","Magnolia_accuminata","1"
269,"basalarea","none","Acer_rubrum","3"
269,"snag","none","snag","0"
269,"basalarea_edge","none","nodata","5"
269,"small_woody_stems","north","Nyssa_sylvatica","2"
269,"large_woody_stems","north","Hamamelis_virginiana","12"
269,"large_woody_stems","north","Quercus_rubra","3"
269,"large_woody_stems","north","Acer_rubrum","3"
269,"large_woody_stems","north","Quercus_montana","1"
269,"large_woody_stems","north","Prunus_serotina","2"
269,"medium_woody_stems","south","Amelanchier_spp","1"
269,"medium_woody_stems","south","Hamamelis_virginiana","1"
269,"large_woody_stems","south","Hamamelis_virginiana","15"
269,"large_woody_stems","south","Quercus_rubra","2"
269,"large_woody_stems","south","Acer_rubrum","2"
269,"large_woody_stems","south","Castanea_dentata","1"
269,"large_woody_stems","south","Magnolia_accuminata","1"
270,"basalarea","none","Quercus_rubra","3"
270,"snag","none","snag","0"
270,"basalarea_edge","none","nodata","3"
270,"small_woody_stems","north","Gaylussacia_spp","4"
270,"small_woody_stems","north","Amelanchier_spp","1"
270,"small_woody_stems","north","Sassafras_albidum","12"
270,"small_woody_stems","north","Hamamelis_virginiana","2"
270,"small_woody_stems","north","Kalmia_latifolia","15"
270,"small_woody_stems","north","Vaccinium_spp","4"
270,"small_woody_stems","north","Acer_rubrum","2"
270,"medium_woody_stems","north","Kalmia_latifolia","8"
270,"medium_woody_stems","north","Hamamelis_virginiana","3"
270,"medium_woody_stems","north","Amelanchier_spp","1"
270,"medium_woody_stems","north","Vaccinium_spp","1"
270,"large_woody_stems","north","Sassafras_albidum","7"
270,"large_woody_stems","north","Hamamelis_virginiana","1"
270,"large_woody_stems","north","Kalmia_latifolia","1"
270,"small_woody_stems","south","Sassafras_albidum","3"
270,"small_woody_stems","south","Hamamelis_virginiana","4"
270,"small_woody_stems","south","Kalmia_latifolia","26"
270,"small_woody_stems","south","Acer_rubrum","2"
270,"medium_woody_stems","south","Kalmia_latifolia","19"
270,"medium_woody_stems","south","Sassafras_albidum","2"
270,"large_woody_stems","south","Kalmia_latifolia","12"
270,"large_woody_stems","south","Sassafras_albidum","7"
270,"large_woody_stems","south","Quercus_rubra","2"
271,"basalarea","none","Acer_rubrum","6"
271,"basalarea","none","Magnolia_accuminata","1"
271,"snag","none","snag","0"
271,"basalarea_edge","none","nodata","2"
271,"medium_woody_stems","north","Hamamelis_virginiana","1"
271,"large_woody_stems","north","Acer_rubrum","11"
271,"large_woody_stems","north","Hamamelis_virginiana","6"
271,"large_woody_stems","north","Amelanchier_spp","2"
271,"large_woody_stems","north","Prunus_serotina","2"
271,"large_woody_stems","north","Quercus_rubra","3"
271,"medium_woody_stems","south","Hamamelis_virginiana","1"
271,"large_woody_stems","south","Magnolia_accuminata","1"
271,"large_woody_stems","south","Amelanchier_spp","5"
271,"large_woody_stems","south","Prunus_serotina","2"
271,"large_woody_stems","south","Hamamelis_virginiana","12"
271,"large_woody_stems","south","Acer_rubrum","7"
271,"large_woody_stems","south","Sassafras_albidum","2"
272,"basalarea","none","Prunus_serotina","4"
272,"basalarea","none","Magnolia_accuminata","3"
272,"basalarea","none","Betula_lenta","1"
272,"snag","none","snag","0"
272,"basalarea_edge","none","nodata","3"
272,"medium_woody_stems","north","Hamamelis_virginiana","1"
272,"large_woody_stems","north","Quercus_montana","2"
272,"large_woody_stems","north","Prunus_serotina","3"
272,"large_woody_stems","north","Magnolia_accuminata","1"
272,"large_woody_stems","north","Hamamelis_virginiana","10"
272,"large_woody_stems","north","Amelanchier_spp","2"
272,"large_woody_stems","north","Quercus_rubra","3"
272,"large_woody_stems","north","Acer_rubrum","1"
272,"small_woody_stems","south","Hamamelis_virginiana","1"
272,"medium_woody_stems","south","Hamamelis_virginiana","1"
272,"large_woody_stems","south","Acer_rubrum","3"
272,"large_woody_stems","south","Prunus_serotina","5"
272,"large_woody_stems","south","Quercus_rubra","2"
272,"large_woody_stems","south","Amelanchier_spp","3"
272,"large_woody_stems","south","Hamamelis_virginiana","1"
272,"large_woody_stems","south","Magnolia_accuminata","2"
272,"large_woody_stems","south","Betula_lenta","1"
273,"basalarea","none","Nyssa_sylvatica","1"
273,"basalarea","none","Quercus_rubra","4"
273,"basalarea","none","Acer_rubrum","2"
273,"snag","none","snag","0"
273,"basalarea_edge","none","nodata","4"
273,"large_woody_stems","north","Quercus_rubra","6"
273,"large_woody_stems","north","Hamamelis_virginiana","3"
273,"medium_woody_stems","south","Hamamelis_virginiana","1"
273,"large_woody_stems","south","Hamamelis_virginiana","11"
273,"large_woody_stems","south","Nyssa_sylvatica","1"
273,"large_woody_stems","south","Quercus_rubra","5"
273,"large_woody_stems","south","Acer_rubrum","1"
274,"basalarea","none","Quercus_alba","1"
274,"basalarea","none","Quercus_montana","1"
274,"snag","none","snag","0"
274,"basalarea_edge","none","nodata","0"
274,"medium_woody_stems","north","Quercus_montana","1"
274,"medium_woody_stems","north","Quercus_rubra","1"
274,"medium_woody_stems","north","Amelanchier_spp","1"
274,"large_woody_stems","north","Quercus_montana","4"
274,"large_woody_stems","north","Hamamelis_virginiana","40"
274,"large_woody_stems","north","Acer_rubrum","9"
274,"large_woody_stems","north","Prunus_serotina","3"
274,"large_woody_stems","north","Quercus_rubra","1"
274,"large_woody_stems","north","Magnolia_accuminata","1"
274,"large_woody_stems","north","Amelanchier_spp","1"
274,"small_woody_stems","south","Hamamelis_virginiana","6"
274,"small_woody_stems","south","Rhododendron_spp","3"
274,"small_woody_stems","south","Quercus_rubra","1"
274,"medium_woody_stems","south","Picea_abies","1"
274,"medium_woody_stems","south","Comptonia_peregrina","3"
274,"medium_woody_stems","south","Hamamelis_virginiana","6"
274,"medium_woody_stems","south","Quercus_alba","4"
274,"large_woody_stems","south","Hamamelis_virginiana","22"
274,"large_woody_stems","south","Acer_rubrum","13"
274,"large_woody_stems","south","Quercus_rubra","3"
274,"large_woody_stems","south","Quercus_alba","1"
275,"basalarea","none","Quercus_alba","1"
275,"basalarea","none","Quercus_rubra","1"
275,"snag","none","snag","0"
275,"basalarea_edge","none","nodata","0"
275,"small_woody_stems","north","Picea_abies","1"
275,"medium_woody_stems","north","Hamamelis_virginiana","1"
275,"large_woody_stems","north","Hamamelis_virginiana","15"
275,"large_woody_stems","north","Quercus_rubra","5"
275,"large_woody_stems","north","Acer_rubrum","5"
275,"large_woody_stems","north","Quercus_montana","1"
275,"large_woody_stems","north","Prunus_serotina","1"
275,"large_woody_stems","north","Quercus_alba","3"
275,"large_woody_stems","south","Prunus_serotina","1"
275,"large_woody_stems","south","Quercus_rubra","5"
275,"large_woody_stems","south","Hamamelis_virginiana","10"
276,"basalarea","none","Nyssa_sylvatica","5"
276,"snag","none","snag","0"
276,"basalarea_edge","none","nodata","2"
276,"small_woody_stems","north","Kalmia_latifolia","2"
276,"small_woody_stems","north","Gaylussacia_baccata","2"
276,"small_woody_stems","north","Vaccinium_pallidum","2"
276,"small_woody_stems","north","Vaccinium_angustifolium","1"
276,"medium_woody_stems","north","Kalmia_latifolia","2"
276,"medium_woody_stems","north","Gaylussacia_baccata","0"
276,"medium_woody_stems","north","Vaccinium_pallidum","0"
276,"medium_woody_stems","north","Vaccinium_angustifolium","0"
276,"large_woody_stems","north","Kalmia_latifolia","3"
276,"large_woody_stems","north","Gaylussacia_baccata","0"
276,"large_woody_stems","north","Vaccinium_pallidum","0"
276,"large_woody_stems","north","Vaccinium_angustifolium","0"
276,"small_woody_stems","south","Kalmia_latifolia","5"
276,"small_woody_stems","south","Gaylussacia_baccata","1"
276,"small_woody_stems","south","Vaccinium_pallidum","7"
276,"small_woody_stems","south","Vaccinium_angustifolium","0"
276,"medium_woody_stems","south","Kalmia_latifolia","2"
276,"medium_woody_stems","south","Gaylussacia_baccata","0"
276,"medium_woody_stems","south","Vaccinium_pallidum","0"
276,"medium_woody_stems","south","Vaccinium_angustifolium","0"
276,"large_woody_stems","south","Kalmia_latifolia","2"
276,"large_woody_stems","south","Gaylussacia_baccata","0"
276,"large_woody_stems","south","Vaccinium_pallidum","0"
276,"large_woody_stems","south","Vaccinium_angustifolium","0"
277,"basalarea","none","Quercus_montana","0"
277,"basalarea","none","Pinus_rigida","1"
277,"snag","none","snag","0"
277,"basalarea_edge","none","nodata","1"
277,"small_woody_stems","north","Gaylussacia_baccata","4"
277,"small_woody_stems","north","Kalmia_latifolia","7"
277,"small_woody_stems","north","Vaccinium_angustifolium","3"
277,"small_woody_stems","north","Acer_rubrum","3"
277,"small_woody_stems","north","Vaccinium_pallidum","0"
277,"small_woody_stems","north","Pinus_rigida","0"
277,"medium_woody_stems","north","Gaylussacia_baccata","0"
277,"medium_woody_stems","north","Kalmia_latifolia","9"
277,"medium_woody_stems","north","Vaccinium_angustifolium","0"
277,"medium_woody_stems","north","Acer_rubrum","2"
277,"medium_woody_stems","north","Vaccinium_pallidum","0"
277,"medium_woody_stems","north","Pinus_rigida","0"
277,"large_woody_stems","north","Gaylussacia_baccata","0"
277,"large_woody_stems","north","Kalmia_latifolia","0"
277,"large_woody_stems","north","Vaccinium_angustifolium","0"
277,"large_woody_stems","north","Acer_rubrum","2"
277,"large_woody_stems","north","Vaccinium_pallidum","0"
277,"large_woody_stems","north","Pinus_rigida","2"
277,"small_woody_stems","south","Gaylussacia_baccata","0"
277,"small_woody_stems","south","Kalmia_latifolia","0"
277,"small_woody_stems","south","Vaccinium_angustifolium","1"
277,"small_woody_stems","south","Acer_rubrum","6"
277,"small_woody_stems","south","Vaccinium_pallidum","3"
277,"small_woody_stems","south","Pinus_rigida","1"
277,"medium_woody_stems","south","Gaylussacia_baccata","0"
277,"medium_woody_stems","south","Kalmia_latifolia","0"
277,"medium_woody_stems","south","Vaccinium_angustifolium","0"
277,"medium_woody_stems","south","Acer_rubrum","0"
277,"medium_woody_stems","south","Vaccinium_pallidum","0"
277,"medium_woody_stems","south","Pinus_rigida","0"
277,"large_woody_stems","south","Gaylussacia_baccata","0"
277,"large_woody_stems","south","Kalmia_latifolia","0"
277,"large_woody_stems","south","Vaccinium_angustifolium","0"
277,"large_woody_stems","south","Acer_rubrum","5"
277,"large_woody_stems","south","Vaccinium_pallidum","0"
277,"large_woody_stems","south","Pinus_rigida","2"
278,"basalarea","none","Pinus_rigida","1"
278,"basalarea","none","Quercus_montana","1"
278,"snag","none","snag","0"
278,"basalarea_edge","none","nodata","2"
278,"small_woody_stems","north","Vaccinium_pallidum","15"
278,"small_woody_stems","north","Gaylussacia_baccata","7"
278,"small_woody_stems","north","Kalmia_latifolia","5"
278,"small_woody_stems","north","Acer_rubrum","1"
278,"small_woody_stems","north","Pinus_rigida","0"
278,"medium_woody_stems","north","Vaccinium_pallidum","0"
278,"medium_woody_stems","north","Gaylussacia_baccata","0"
278,"medium_woody_stems","north","Kalmia_latifolia","9"
278,"medium_woody_stems","north","Acer_rubrum","3"
278,"medium_woody_stems","north","Pinus_rigida","0"
278,"large_woody_stems","north","Vaccinium_pallidum","0"
278,"large_woody_stems","north","Gaylussacia_baccata","0"
278,"large_woody_stems","north","Kalmia_latifolia","0"
278,"large_woody_stems","north","Acer_rubrum","8"
278,"large_woody_stems","north","Pinus_rigida","7"
278,"small_woody_stems","south","Vaccinium_pallidum","1"
278,"small_woody_stems","south","Gaylussacia_baccata","12"
278,"small_woody_stems","south","Kalmia_latifolia","2"
278,"small_woody_stems","south","Acer_rubrum","0"
278,"small_woody_stems","south","Pinus_rigida","0"
278,"medium_woody_stems","south","Vaccinium_pallidum","0"
278,"medium_woody_stems","south","Gaylussacia_baccata","0"
278,"medium_woody_stems","south","Kalmia_latifolia","11"
278,"medium_woody_stems","south","Acer_rubrum","3"
278,"medium_woody_stems","south","Pinus_rigida","1"
278,"large_woody_stems","south","Vaccinium_pallidum","0"
278,"large_woody_stems","south","Gaylussacia_baccata","0"
278,"large_woody_stems","south","Kalmia_latifolia","3"
278,"large_woody_stems","south","Acer_rubrum","7"
278,"large_woody_stems","south","Pinus_rigida","7"
279,"basalarea","none","Acer_rubrum","3"
279,"basalarea","none","Quercus_montana","1"
279,"snag","none","snag","6"
279,"basalarea_edge","none","nodata","6"
279,"small_woody_stems","north","Vaccinium_pallidum","6"
279,"small_woody_stems","north","Pinus_rigida","2"
279,"small_woody_stems","north","Vaccinium_angustifolium","40"
279,"small_woody_stems","north","Acer_rubrum","1"
279,"small_woody_stems","north","Nyssa_sylvatica","0"
279,"small_woody_stems","north","Gaylussacia_baccata","0"
279,"small_woody_stems","north","Quercus_rubra","0"
279,"medium_woody_stems","north","Vaccinium_pallidum","0"
279,"medium_woody_stems","north","Pinus_rigida","1"
279,"medium_woody_stems","north","Vaccinium_angustifolium","0"
279,"medium_woody_stems","north","Acer_rubrum","0"
279,"medium_woody_stems","north","Nyssa_sylvatica","0"
279,"medium_woody_stems","north","Gaylussacia_baccata","0"
279,"medium_woody_stems","north","Quercus_rubra","0"
279,"large_woody_stems","north","Vaccinium_pallidum","1"
279,"large_woody_stems","north","Pinus_rigida","0"
279,"large_woody_stems","north","Vaccinium_angustifolium","0"
279,"large_woody_stems","north","Acer_rubrum","4"
279,"large_woody_stems","north","Nyssa_sylvatica","1"
279,"large_woody_stems","north","Gaylussacia_baccata","0"
279,"large_woody_stems","north","Quercus_rubra","0"
279,"small_woody_stems","south","Vaccinium_pallidum","3"
279,"small_woody_stems","south","Pinus_rigida","0"
279,"small_woody_stems","south","Vaccinium_angustifolium","29"
279,"small_woody_stems","south","Acer_rubrum","3"
279,"small_woody_stems","south","Nyssa_sylvatica","3"
279,"small_woody_stems","south","Gaylussacia_baccata","35"
279,"small_woody_stems","south","Quercus_rubra","1"
279,"medium_woody_stems","south","Vaccinium_pallidum","0"
279,"medium_woody_stems","south","Pinus_rigida","0"
279,"medium_woody_stems","south","Vaccinium_angustifolium","4"
279,"medium_woody_stems","south","Acer_rubrum","0"
279,"medium_woody_stems","south","Nyssa_sylvatica","0"
279,"medium_woody_stems","south","Gaylussacia_baccata","0"
279,"medium_woody_stems","south","Quercus_rubra","0"
279,"large_woody_stems","south","Vaccinium_pallidum","0"
279,"large_woody_stems","south","Pinus_rigida","0"
279,"large_woody_stems","south","Vaccinium_angustifolium","0"
279,"large_woody_stems","south","Acer_rubrum","2"
279,"large_woody_stems","south","Nyssa_sylvatica","0"
279,"large_woody_stems","south","Gaylussacia_baccata","0"
279,"large_woody_stems","south","Quercus_rubra","0"
280,"snag","none","snag","0"
280,"basalarea_edge","none","nodata","0"
280,"small_woody_stems","north","Vaccinium_angustifolium","17"
280,"small_woody_stems","north","Sassafras_albidum","3"
280,"small_woody_stems","north","Acer_rubrum","1"
280,"small_woody_stems","north","Kalmia_latifolia","2"
280,"small_woody_stems","north","Gaylussacia_frondosa","8"
280,"small_woody_stems","north","Vaccinium_corymbosum","0"
280,"small_woody_stems","north","Gaylussacia_baccata","0"
280,"small_woody_stems","north","Vaccinium_stamineum","0"
280,"medium_woody_stems","north","Vaccinium_angustifolium","0"
280,"medium_woody_stems","north","Sassafras_albidum","0"
280,"medium_woody_stems","north","Acer_rubrum","0"
280,"medium_woody_stems","north","Kalmia_latifolia","10"
280,"medium_woody_stems","north","Gaylussacia_frondosa","0"
280,"medium_woody_stems","north","Vaccinium_corymbosum","5"
280,"medium_woody_stems","north","Gaylussacia_baccata","0"
280,"medium_woody_stems","north","Vaccinium_stamineum","0"
280,"large_woody_stems","north","Vaccinium_angustifolium","0"
280,"large_woody_stems","north","Sassafras_albidum","1"
280,"large_woody_stems","north","Acer_rubrum","0"
280,"large_woody_stems","north","Kalmia_latifolia","6"
280,"large_woody_stems","north","Gaylussacia_frondosa","0"
280,"large_woody_stems","north","Vaccinium_corymbosum","0"
280,"large_woody_stems","north","Gaylussacia_baccata","0"
280,"large_woody_stems","north","Vaccinium_stamineum","0"
280,"small_woody_stems","south","Vaccinium_angustifolium","0"
280,"small_woody_stems","south","Sassafras_albidum","0"
280,"small_woody_stems","south","Acer_rubrum","1"
280,"small_woody_stems","south","Kalmia_latifolia","3"
280,"small_woody_stems","south","Gaylussacia_frondosa","5"
280,"small_woody_stems","south","Vaccinium_corymbosum","5"
280,"small_woody_stems","south","Gaylussacia_baccata","15"
280,"small_woody_stems","south","Vaccinium_stamineum","17"
280,"medium_woody_stems","south","Vaccinium_angustifolium","0"
280,"medium_woody_stems","south","Sassafras_albidum","0"
280,"medium_woody_stems","south","Acer_rubrum","0"
280,"medium_woody_stems","south","Kalmia_latifolia","8"
280,"medium_woody_stems","south","Gaylussacia_frondosa","8"
280,"medium_woody_stems","south","Vaccinium_corymbosum","2"
280,"medium_woody_stems","south","Gaylussacia_baccata","11"
280,"medium_woody_stems","south","Vaccinium_stamineum","7"
280,"large_woody_stems","south","Vaccinium_angustifolium","0"
280,"large_woody_stems","south","Sassafras_albidum","0"
280,"large_woody_stems","south","Acer_rubrum","0"
280,"large_woody_stems","south","Kalmia_latifolia","3"
280,"large_woody_stems","south","Gaylussacia_frondosa","0"
280,"large_woody_stems","south","Vaccinium_corymbosum","0"
280,"large_woody_stems","south","Gaylussacia_baccata","0"
280,"large_woody_stems","south","Vaccinium_stamineum","0"
281,"basalarea","none","Nyssa_sylvatica","3"
281,"basalarea","none","Quercus_montana","2"
281,"snag","none","snag","3"
281,"basalarea_edge","none","nodata","4"
281,"small_woody_stems","north","Vaccinium_angustifolium","10"
281,"small_woody_stems","north","Kalmia_latifolia","8"
281,"small_woody_stems","north","Vaccinium_pallidum","2"
281,"small_woody_stems","north","Vaccinium_stamineum","5"
281,"small_woody_stems","north","Vaccinium_corymbosum","2"
281,"small_woody_stems","north","Nyssa_sylvatica","0"
281,"small_woody_stems","north","Quercus_montana","0"
281,"medium_woody_stems","north","Vaccinium_angustifolium","0"
281,"medium_woody_stems","north","Kalmia_latifolia","11"
281,"medium_woody_stems","north","Vaccinium_pallidum","0"
281,"medium_woody_stems","north","Vaccinium_stamineum","0"
281,"medium_woody_stems","north","Vaccinium_corymbosum","0"
281,"medium_woody_stems","north","Nyssa_sylvatica","0"
281,"medium_woody_stems","north","Quercus_montana","0"
281,"large_woody_stems","north","Vaccinium_angustifolium","0"
281,"large_woody_stems","north","Kalmia_latifolia","1"
281,"large_woody_stems","north","Vaccinium_pallidum","0"
281,"large_woody_stems","north","Vaccinium_stamineum","0"
281,"large_woody_stems","north","Vaccinium_corymbosum","0"
281,"large_woody_stems","north","Nyssa_sylvatica","0"
281,"large_woody_stems","north","Quercus_montana","0"
281,"small_woody_stems","south","Vaccinium_angustifolium","1"
281,"small_woody_stems","south","Kalmia_latifolia","11"
281,"small_woody_stems","south","Vaccinium_pallidum","14"
281,"small_woody_stems","south","Vaccinium_stamineum","0"
281,"small_woody_stems","south","Vaccinium_corymbosum","7"
281,"small_woody_stems","south","Nyssa_sylvatica","0"
281,"small_woody_stems","south","Quercus_montana","0"
281,"medium_woody_stems","south","Vaccinium_angustifolium","0"
281,"medium_woody_stems","south","Kalmia_latifolia","13"
281,"medium_woody_stems","south","Vaccinium_pallidum","0"
281,"medium_woody_stems","south","Vaccinium_stamineum","0"
281,"medium_woody_stems","south","Vaccinium_corymbosum","0"
281,"medium_woody_stems","south","Nyssa_sylvatica","0"
281,"medium_woody_stems","south","Quercus_montana","0"
281,"large_woody_stems","south","Vaccinium_angustifolium","0"
281,"large_woody_stems","south","Kalmia_latifolia","5"
281,"large_woody_stems","south","Vaccinium_pallidum","0"
281,"large_woody_stems","south","Vaccinium_stamineum","0"
281,"large_woody_stems","south","Vaccinium_corymbosum","0"
281,"large_woody_stems","south","Nyssa_sylvatica","2"
281,"large_woody_stems","south","Quercus_montana","1"
282,"basalarea","none","Quercus_montana","1"
282,"basalarea","none","Pinus_rigida","0"
282,"snag","none","snag","0"
282,"basalarea_edge","none","nodata","2"
282,"small_woody_stems","north","Gaylussacia_baccata","3"
282,"small_woody_stems","north","Gaylussacia_frondosa","17"
282,"small_woody_stems","north","Nyssa_sylvatica","1"
282,"small_woody_stems","north","Sassafras_albidum","2"
282,"small_woody_stems","north","Acer_rubrum","5"
282,"small_woody_stems","north","Kalmia_latifolia","0"
282,"small_woody_stems","north","Rhododendron_canescens","0"
282,"small_woody_stems","north","Vaccinium_corymbosum","0"
282,"small_woody_stems","north","Pinus_rigida","0"
282,"medium_woody_stems","north","Gaylussacia_baccata","0"
282,"medium_woody_stems","north","Gaylussacia_frondosa","10"
282,"medium_woody_stems","north","Nyssa_sylvatica","0"
282,"medium_woody_stems","north","Sassafras_albidum","0"
282,"medium_woody_stems","north","Acer_rubrum","3"
282,"medium_woody_stems","north","Kalmia_latifolia","11"
282,"medium_woody_stems","north","Rhododendron_canescens","1"
282,"medium_woody_stems","north","Vaccinium_corymbosum","5"
282,"medium_woody_stems","north","Pinus_rigida","0"
282,"large_woody_stems","north","Gaylussacia_baccata","0"
282,"large_woody_stems","north","Gaylussacia_frondosa","0"
282,"large_woody_stems","north","Nyssa_sylvatica","0"
282,"large_woody_stems","north","Sassafras_albidum","0"
282,"large_woody_stems","north","Acer_rubrum","4"
282,"large_woody_stems","north","Kalmia_latifolia","0"
282,"large_woody_stems","north","Rhododendron_canescens","0"
282,"large_woody_stems","north","Vaccinium_corymbosum","0"
282,"large_woody_stems","north","Pinus_rigida","9"
282,"small_woody_stems","south","Gaylussacia_baccata","28"
282,"small_woody_stems","south","Gaylussacia_frondosa","0"
282,"small_woody_stems","south","Nyssa_sylvatica","0"
282,"small_woody_stems","south","Sassafras_albidum","0"
282,"small_woody_stems","south","Acer_rubrum","3"
282,"small_woody_stems","south","Kalmia_latifolia","0"
282,"small_woody_stems","south","Rhododendron_canescens","0"
282,"small_woody_stems","south","Vaccinium_corymbosum","0"
282,"small_woody_stems","south","Pinus_rigida","1"
282,"medium_woody_stems","south","Gaylussacia_baccata","0"
282,"medium_woody_stems","south","Gaylussacia_frondosa","0"
282,"medium_woody_stems","south","Nyssa_sylvatica","0"
282,"medium_woody_stems","south","Sassafras_albidum","0"
282,"medium_woody_stems","south","Acer_rubrum","3"
282,"medium_woody_stems","south","Kalmia_latifolia","0"
282,"medium_woody_stems","south","Rhododendron_canescens","0"
282,"medium_woody_stems","south","Vaccinium_corymbosum","2"
282,"medium_woody_stems","south","Pinus_rigida","0"
282,"large_woody_stems","south","Gaylussacia_baccata","0"
282,"large_woody_stems","south","Gaylussacia_frondosa","0"
282,"large_woody_stems","south","Nyssa_sylvatica","0"
282,"large_woody_stems","south","Sassafras_albidum","0"
282,"large_woody_stems","south","Acer_rubrum","2"
282,"large_woody_stems","south","Kalmia_latifolia","0"
282,"large_woody_stems","south","Rhododendron_canescens","0"
282,"large_woody_stems","south","Vaccinium_corymbosum","0"
282,"large_woody_stems","south","Pinus_rigida","2"
283,"basalarea","none","Pinus_rigida","3"
283,"basalarea","none","Nyssa_sylvatica","5"
283,"basalarea","none","Quercus_rubra","1"
283,"snag","none","snag","1"
283,"basalarea_edge","none","nodata","1"
283,"small_woody_stems","north","Gaylussacia_baccata","40"
283,"small_woody_stems","north","Nyssa_sylvatica","1"
283,"small_woody_stems","north","Kalmia_latifolia","0"
283,"small_woody_stems","north","Amelanchier_spp","0"
283,"small_woody_stems","north","Vaccinium_pallidum","0"
283,"medium_woody_stems","north","Gaylussacia_baccata","11"
283,"medium_woody_stems","north","Nyssa_sylvatica","0"
283,"medium_woody_stems","north","Kalmia_latifolia","1"
283,"medium_woody_stems","north","Amelanchier_spp","1"
283,"medium_woody_stems","north","Vaccinium_pallidum","0"
283,"large_woody_stems","north","Gaylussacia_baccata","0"
283,"large_woody_stems","north","Nyssa_sylvatica","0"
283,"large_woody_stems","north","Kalmia_latifolia","3"
283,"large_woody_stems","north","Amelanchier_spp","0"
283,"large_woody_stems","north","Vaccinium_pallidum","0"
283,"small_woody_stems","south","Gaylussacia_baccata","59"
283,"small_woody_stems","south","Nyssa_sylvatica","0"
283,"small_woody_stems","south","Kalmia_latifolia","8"
283,"small_woody_stems","south","Amelanchier_spp","0"
283,"small_woody_stems","south","Vaccinium_pallidum","5"
283,"medium_woody_stems","south","Gaylussacia_baccata","2"
283,"medium_woody_stems","south","Nyssa_sylvatica","0"
283,"medium_woody_stems","south","Kalmia_latifolia","4"
283,"medium_woody_stems","south","Amelanchier_spp","0"
283,"medium_woody_stems","south","Vaccinium_pallidum","0"
283,"large_woody_stems","south","Gaylussacia_baccata","0"
283,"large_woody_stems","south","Nyssa_sylvatica","0"
283,"large_woody_stems","south","Kalmia_latifolia","3"
283,"large_woody_stems","south","Amelanchier_spp","0"
283,"large_woody_stems","south","Vaccinium_pallidum","0"
284,"basalarea","none","Pinus_rigida","3"
284,"basalarea","none","Nyssa_sylvatica","1"
284,"basalarea","none","Quercus_montana","1"
284,"snag","none","snag","0"
284,"basalarea_edge","none","nodata","5"
284,"small_woody_stems","north","Vaccinium_stamineum","25"
284,"small_woody_stems","north","Gaylussacia_baccata","2"
284,"small_woody_stems","north","Kalmia_latifolia","0"
284,"small_woody_stems","north","Nyssa_sylvatica","0"
284,"medium_woody_stems","north","Vaccinium_stamineum","32"
284,"medium_woody_stems","north","Gaylussacia_baccata","0"
284,"medium_woody_stems","north","Kalmia_latifolia","3"
284,"medium_woody_stems","north","Nyssa_sylvatica","0"
284,"large_woody_stems","north","Vaccinium_stamineum","0"
284,"large_woody_stems","north","Gaylussacia_baccata","0"
284,"large_woody_stems","north","Kalmia_latifolia","2"
284,"large_woody_stems","north","Nyssa_sylvatica","2"
284,"small_woody_stems","south","Vaccinium_stamineum","4"
284,"small_woody_stems","south","Gaylussacia_baccata","2"
284,"small_woody_stems","south","Kalmia_latifolia","3"
284,"small_woody_stems","south","Nyssa_sylvatica","0"
284,"medium_woody_stems","south","Vaccinium_stamineum","5"
284,"medium_woody_stems","south","Gaylussacia_baccata","0"
284,"medium_woody_stems","south","Kalmia_latifolia","4"
284,"medium_woody_stems","south","Nyssa_sylvatica","0"
284,"large_woody_stems","south","Vaccinium_stamineum","0"
284,"large_woody_stems","south","Gaylussacia_baccata","0"
284,"large_woody_stems","south","Kalmia_latifolia","3"
284,"large_woody_stems","south","Nyssa_sylvatica","3"
285,"basalarea","none","Nyssa_sylvatica","8"
285,"snag","none","snag","6"
285,"basalarea_edge","none","nodata","1"
285,"small_woody_stems","north","Gaylussacia_baccata","60"
285,"small_woody_stems","north","Kalmia_latifolia","2"
285,"small_woody_stems","north","Smilax_rotundifolia","2"
285,"small_woody_stems","north","Vaccinium_pallidum","26"
285,"small_woody_stems","north","Amelanchier_spp","0"
285,"medium_woody_stems","north","Gaylussacia_baccata","6"
285,"medium_woody_stems","north","Kalmia_latifolia","4"
285,"medium_woody_stems","north","Smilax_rotundifolia","0"
285,"medium_woody_stems","north","Vaccinium_pallidum","2"
285,"medium_woody_stems","north","Amelanchier_spp","1"
285,"large_woody_stems","north","Gaylussacia_baccata","0"
285,"large_woody_stems","north","Kalmia_latifolia","2"
285,"large_woody_stems","north","Smilax_rotundifolia","0"
285,"large_woody_stems","north","Vaccinium_pallidum","0"
285,"large_woody_stems","north","Amelanchier_spp","0"
285,"small_woody_stems","south","Gaylussacia_baccata","34"
285,"small_woody_stems","south","Kalmia_latifolia","0"
285,"small_woody_stems","south","Smilax_rotundifolia","0"
285,"small_woody_stems","south","Vaccinium_pallidum","24"
285,"small_woody_stems","south","Amelanchier_spp","0"
285,"medium_woody_stems","south","Gaylussacia_baccata","6"
285,"medium_woody_stems","south","Kalmia_latifolia","3"
285,"medium_woody_stems","south","Smilax_rotundifolia","1"
285,"medium_woody_stems","south","Vaccinium_pallidum","0"
285,"medium_woody_stems","south","Amelanchier_spp","0"
285,"large_woody_stems","south","Gaylussacia_baccata","0"
285,"large_woody_stems","south","Kalmia_latifolia","4"
285,"large_woody_stems","south","Smilax_rotundifolia","0"
285,"large_woody_stems","south","Vaccinium_pallidum","0"
285,"large_woody_stems","south","Amelanchier_spp","0"
286,"basalarea","none","Acer_rubrum","1"
286,"basalarea","none","Quercus_montana","1"
286,"basalarea","none","Nyssa_sylvatica","1"
286,"snag","none","snag","4"
286,"basalarea_edge","none","nodata","2"
286,"small_woody_stems","north","Gaylussacia_baccata","50"
286,"small_woody_stems","north","Kalmia_latifolia","2"
286,"small_woody_stems","north","Acer_rubrum","2"
286,"small_woody_stems","north","Vaccinium_pallidum","0"
286,"small_woody_stems","north","Malus_sylvestris","0"
286,"medium_woody_stems","north","Gaylussacia_baccata","23"
286,"medium_woody_stems","north","Kalmia_latifolia","5"
286,"medium_woody_stems","north","Acer_rubrum","1"
286,"medium_woody_stems","north","Vaccinium_pallidum","0"
286,"medium_woody_stems","north","Malus_sylvestris","0"
286,"large_woody_stems","north","Gaylussacia_baccata","0"
286,"large_woody_stems","north","Kalmia_latifolia","6"
286,"large_woody_stems","north","Acer_rubrum","0"
286,"large_woody_stems","north","Vaccinium_pallidum","0"
286,"large_woody_stems","north","Malus_sylvestris","0"
286,"small_woody_stems","south","Gaylussacia_baccata","17"
286,"small_woody_stems","south","Kalmia_latifolia","0"
286,"small_woody_stems","south","Acer_rubrum","0"
286,"small_woody_stems","south","Vaccinium_pallidum","10"
286,"small_woody_stems","south","Malus_sylvestris","4"
286,"medium_woody_stems","south","Gaylussacia_baccata","30"
286,"medium_woody_stems","south","Kalmia_latifolia","3"
286,"medium_woody_stems","south","Acer_rubrum","0"
286,"medium_woody_stems","south","Vaccinium_pallidum","0"
286,"medium_woody_stems","south","Malus_sylvestris","0"
286,"large_woody_stems","south","Gaylussacia_baccata","6"
286,"large_woody_stems","south","Kalmia_latifolia","3"
286,"large_woody_stems","south","Acer_rubrum","0"
286,"large_woody_stems","south","Vaccinium_pallidum","0"
286,"large_woody_stems","south","Malus_sylvestris","0"
287,"basalarea","none","Nyssa_sylvatica","4"
287,"snag","none","snag","8"
287,"basalarea_edge","none","nodata","1"
287,"small_woody_stems","north","Gaylussacia_baccata","34"
287,"small_woody_stems","north","Vaccinium_pallidum","10"
287,"small_woody_stems","north","Kalmia_latifolia","6"
287,"small_woody_stems","north","Acer_rubrum","11"
287,"small_woody_stems","north","Pinus_rigida","0"
287,"medium_woody_stems","north","Gaylussacia_baccata","5"
287,"medium_woody_stems","north","Vaccinium_pallidum","0"
287,"medium_woody_stems","north","Kalmia_latifolia","6"
287,"medium_woody_stems","north","Acer_rubrum","0"
287,"medium_woody_stems","north","Pinus_rigida","0"
287,"large_woody_stems","north","Gaylussacia_baccata","0"
287,"large_woody_stems","north","Vaccinium_pallidum","0"
287,"large_woody_stems","north","Kalmia_latifolia","5"
287,"large_woody_stems","north","Acer_rubrum","0"
287,"large_woody_stems","north","Pinus_rigida","0"
287,"small_woody_stems","south","Gaylussacia_baccata","24"
287,"small_woody_stems","south","Vaccinium_pallidum","18"
287,"small_woody_stems","south","Kalmia_latifolia","1"
287,"small_woody_stems","south","Acer_rubrum","5"
287,"small_woody_stems","south","Pinus_rigida","1"
287,"medium_woody_stems","south","Gaylussacia_baccata","9"
287,"medium_woody_stems","south","Vaccinium_pallidum","2"
287,"medium_woody_stems","south","Kalmia_latifolia","6"
287,"medium_woody_stems","south","Acer_rubrum","4"
287,"medium_woody_stems","south","Pinus_rigida","0"
287,"large_woody_stems","south","Gaylussacia_baccata","0"
287,"large_woody_stems","south","Vaccinium_pallidum","0"
287,"large_woody_stems","south","Kalmia_latifolia","3"
287,"large_woody_stems","south","Acer_rubrum","10"
287,"large_woody_stems","south","Pinus_rigida","0"
288,"basalarea","none","Pinus_rigida","3"
288,"basalarea","none","Nyssa_sylvatica","1"
288,"basalarea","none","Quercus_rubra","1"
288,"basalarea","none","Quercus_coccinea","1"
288,"snag","none","snag","4"
288,"basalarea_edge","none","nodata","1"
288,"small_woody_stems","north","Kalmia_latifolia","7"
288,"small_woody_stems","north","Vaccinium_pallidum","14"
288,"small_woody_stems","north","Gaylussacia_baccata","20"
288,"small_woody_stems","north","Nyssa_sylvatica","0"
288,"small_woody_stems","north","Acer_rubrum","0"
288,"small_woody_stems","north","Pinus_rigida","0"
288,"medium_woody_stems","north","Kalmia_latifolia","4"
288,"medium_woody_stems","north","Vaccinium_pallidum","2"
288,"medium_woody_stems","north","Gaylussacia_baccata","3"
288,"medium_woody_stems","north","Nyssa_sylvatica","0"
288,"medium_woody_stems","north","Acer_rubrum","0"
288,"medium_woody_stems","north","Pinus_rigida","0"
288,"large_woody_stems","north","Kalmia_latifolia","4"
288,"large_woody_stems","north","Vaccinium_pallidum","1"
288,"large_woody_stems","north","Gaylussacia_baccata","0"
288,"large_woody_stems","north","Nyssa_sylvatica","1"
288,"large_woody_stems","north","Acer_rubrum","0"
288,"large_woody_stems","north","Pinus_rigida","0"
288,"small_woody_stems","south","Kalmia_latifolia","2"
288,"small_woody_stems","south","Vaccinium_pallidum","24"
288,"small_woody_stems","south","Gaylussacia_baccata","45"
288,"small_woody_stems","south","Nyssa_sylvatica","0"
288,"small_woody_stems","south","Acer_rubrum","5"
288,"small_woody_stems","south","Pinus_rigida","0"
288,"medium_woody_stems","south","Kalmia_latifolia","6"
288,"medium_woody_stems","south","Vaccinium_pallidum","1"
288,"medium_woody_stems","south","Gaylussacia_baccata","8"
288,"medium_woody_stems","south","Nyssa_sylvatica","0"
288,"medium_woody_stems","south","Acer_rubrum","0"
288,"medium_woody_stems","south","Pinus_rigida","0"
288,"large_woody_stems","south","Kalmia_latifolia","9"
288,"large_woody_stems","south","Vaccinium_pallidum","0"
288,"large_woody_stems","south","Gaylussacia_baccata","0"
288,"large_woody_stems","south","Nyssa_sylvatica","0"
288,"large_woody_stems","south","Acer_rubrum","0"
288,"large_woody_stems","south","Pinus_rigida","1"
289,"basalarea","none","Pinus_rigida","1"
289,"basalarea","none","Nyssa_sylvatica","0"
289,"snag","none","snag","0"
289,"basalarea_edge","none","nodata","1"
289,"small_woody_stems","north","Gaylussacia_baccata","12"
289,"small_woody_stems","north","Acer_rubrum","2"
289,"small_woody_stems","north","Vaccinium_angustifolium","8"
289,"small_woody_stems","north","Rosa_multiflora","0"
289,"small_woody_stems","north","Gaylussacia_frondosa","0"
289,"small_woody_stems","north","Pinus_rigida","0"
289,"small_woody_stems","north","Sassafras_albidum","0"
289,"small_woody_stems","north","Quercus_montana","1"
289,"small_woody_stems","north","Quercus_rubra","0"
289,"small_woody_stems","north","Nyssa_sylvatica","4"
289,"small_woody_stems","north","Vaccinium_stamineum","0"
289,"medium_woody_stems","north","Gaylussacia_baccata","0"
289,"medium_woody_stems","north","Acer_rubrum","2"
289,"medium_woody_stems","north","Vaccinium_angustifolium","5"
289,"medium_woody_stems","north","Rosa_multiflora","0"
289,"medium_woody_stems","north","Gaylussacia_frondosa","0"
289,"medium_woody_stems","north","Pinus_rigida","0"
289,"medium_woody_stems","north","Sassafras_albidum","1"
289,"medium_woody_stems","north","Quercus_montana","1"
289,"medium_woody_stems","north","Quercus_rubra","0"
289,"medium_woody_stems","north","Nyssa_sylvatica","4"
289,"medium_woody_stems","north","Vaccinium_stamineum","2"
289,"large_woody_stems","north","Gaylussacia_baccata","0"
289,"large_woody_stems","north","Acer_rubrum","7"
289,"large_woody_stems","north","Vaccinium_angustifolium","0"
289,"large_woody_stems","north","Rosa_multiflora","0"
289,"large_woody_stems","north","Gaylussacia_frondosa","0"
289,"large_woody_stems","north","Pinus_rigida","3"
289,"large_woody_stems","north","Sassafras_albidum","0"
289,"large_woody_stems","north","Quercus_montana","3"
289,"large_woody_stems","north","Quercus_rubra","0"
289,"large_woody_stems","north","Nyssa_sylvatica","2"
289,"large_woody_stems","north","Vaccinium_stamineum","2"
289,"small_woody_stems","south","Gaylussacia_baccata","11"
289,"small_woody_stems","south","Acer_rubrum","6"
289,"small_woody_stems","south","Vaccinium_angustifolium","20"
289,"small_woody_stems","south","Rosa_multiflora","1"
289,"small_woody_stems","south","Gaylussacia_frondosa","2"
289,"small_woody_stems","south","Pinus_rigida","0"
289,"small_woody_stems","south","Sassafras_albidum","0"
289,"small_woody_stems","south","Quercus_montana","0"
289,"small_woody_stems","south","Quercus_rubra","0"
289,"small_woody_stems","south","Nyssa_sylvatica","0"
289,"small_woody_stems","south","Vaccinium_stamineum","0"
289,"medium_woody_stems","south","Gaylussacia_baccata","0"
289,"medium_woody_stems","south","Acer_rubrum","5"
289,"medium_woody_stems","south","Vaccinium_angustifolium","3"
289,"medium_woody_stems","south","Rosa_multiflora","0"
289,"medium_woody_stems","south","Gaylussacia_frondosa","2"
289,"medium_woody_stems","south","Pinus_rigida","1"
289,"medium_woody_stems","south","Sassafras_albidum","1"
289,"medium_woody_stems","south","Quercus_montana","0"
289,"medium_woody_stems","south","Quercus_rubra","0"
289,"medium_woody_stems","south","Nyssa_sylvatica","0"
289,"medium_woody_stems","south","Vaccinium_stamineum","0"
289,"large_woody_stems","south","Gaylussacia_baccata","0"
289,"large_woody_stems","south","Acer_rubrum","7"
289,"large_woody_stems","south","Vaccinium_angustifolium","0"
289,"large_woody_stems","south","Rosa_multiflora","0"
289,"large_woody_stems","south","Gaylussacia_frondosa","0"
289,"large_woody_stems","south","Pinus_rigida","11"
289,"large_woody_stems","south","Sassafras_albidum","1"
289,"large_woody_stems","south","Quercus_montana","2"
289,"large_woody_stems","south","Quercus_rubra","1"
289,"large_woody_stems","south","Nyssa_sylvatica","0"
289,"large_woody_stems","south","Vaccinium_stamineum","0"
290,"basalarea","none","Nyssa_sylvatica","4"
290,"snag","none","snag","8"
290,"basalarea_edge","none","nodata","1"
290,"small_woody_stems","north","Kalmia_latifolia","8"
290,"small_woody_stems","north","Acer_rubrum","14"
290,"small_woody_stems","north","Gaylussacia_baccata","4"
290,"small_woody_stems","north","Vaccinium_pallidum","8"
290,"medium_woody_stems","north","Kalmia_latifolia","15"
290,"medium_woody_stems","north","Acer_rubrum","2"
290,"medium_woody_stems","north","Gaylussacia_baccata","5"
290,"medium_woody_stems","north","Vaccinium_pallidum","3"
290,"large_woody_stems","north","Kalmia_latifolia","9"
290,"large_woody_stems","north","Acer_rubrum","0"
290,"large_woody_stems","north","Gaylussacia_baccata","0"
290,"large_woody_stems","north","Vaccinium_pallidum","0"
290,"small_woody_stems","south","Kalmia_latifolia","16"
290,"small_woody_stems","south","Acer_rubrum","7"
290,"small_woody_stems","south","Gaylussacia_baccata","34"
290,"small_woody_stems","south","Vaccinium_pallidum","25"
290,"medium_woody_stems","south","Kalmia_latifolia","3"
290,"medium_woody_stems","south","Acer_rubrum","0"
290,"medium_woody_stems","south","Gaylussacia_baccata","0"
290,"medium_woody_stems","south","Vaccinium_pallidum","0"
290,"large_woody_stems","south","Kalmia_latifolia","5"
290,"large_woody_stems","south","Acer_rubrum","0"
290,"large_woody_stems","south","Gaylussacia_baccata","0"
290,"large_woody_stems","south","Vaccinium_pallidum","0"
291,"basalarea","none","Acer_rubrum","0"
291,"basalarea","none","Quercus_rubra","1"
291,"basalarea","none","Pinus_rigida","1"
291,"snag","none","snag","0"
291,"basalarea_edge","none","nodata","2"
291,"small_woody_stems","north","Vaccinium_angustifolium","17"
291,"small_woody_stems","north","Gaylussacia_baccata","8"
291,"small_woody_stems","north","Acer_rubrum","3"
291,"small_woody_stems","north","Nyssa_sylvatica","9"
291,"small_woody_stems","north","Vaccinium_stamineum","1"
291,"small_woody_stems","north","Pinus_rigida","0"
291,"small_woody_stems","north","Gaylussacia_frondosa","0"
291,"small_woody_stems","north","Quercus_montana","1"
291,"small_woody_stems","north","Sassafras_albidum","0"
291,"medium_woody_stems","north","Vaccinium_angustifolium","0"
291,"medium_woody_stems","north","Gaylussacia_baccata","0"
291,"medium_woody_stems","north","Acer_rubrum","1"
291,"medium_woody_stems","north","Nyssa_sylvatica","3"
291,"medium_woody_stems","north","Vaccinium_stamineum","0"
291,"medium_woody_stems","north","Pinus_rigida","1"
291,"medium_woody_stems","north","Gaylussacia_frondosa","0"
291,"medium_woody_stems","north","Quercus_montana","0"
291,"medium_woody_stems","north","Sassafras_albidum","0"
291,"large_woody_stems","north","Vaccinium_angustifolium","0"
291,"large_woody_stems","north","Gaylussacia_baccata","0"
291,"large_woody_stems","north","Acer_rubrum","8"
291,"large_woody_stems","north","Nyssa_sylvatica","1"
291,"large_woody_stems","north","Vaccinium_stamineum","0"
291,"large_woody_stems","north","Pinus_rigida","2"
291,"large_woody_stems","north","Gaylussacia_frondosa","0"
291,"large_woody_stems","north","Quercus_montana","0"
291,"large_woody_stems","north","Sassafras_albidum","0"
291,"small_woody_stems","south","Vaccinium_angustifolium","20"
291,"small_woody_stems","south","Gaylussacia_baccata","0"
291,"small_woody_stems","south","Acer_rubrum","1"
291,"small_woody_stems","south","Nyssa_sylvatica","8"
291,"small_woody_stems","south","Vaccinium_stamineum","0"
291,"small_woody_stems","south","Pinus_rigida","0"
291,"small_woody_stems","south","Gaylussacia_frondosa","4"
291,"small_woody_stems","south","Quercus_montana","1"
291,"small_woody_stems","south","Sassafras_albidum","1"
291,"medium_woody_stems","south","Vaccinium_angustifolium","2"
291,"medium_woody_stems","south","Gaylussacia_baccata","0"
291,"medium_woody_stems","south","Acer_rubrum","1"
291,"medium_woody_stems","south","Nyssa_sylvatica","3"
291,"medium_woody_stems","south","Vaccinium_stamineum","0"
291,"medium_woody_stems","south","Pinus_rigida","0"
291,"medium_woody_stems","south","Gaylussacia_frondosa","0"
291,"medium_woody_stems","south","Quercus_montana","0"
291,"medium_woody_stems","south","Sassafras_albidum","0"
291,"large_woody_stems","south","Vaccinium_angustifolium","0"
291,"large_woody_stems","south","Gaylussacia_baccata","0"
291,"large_woody_stems","south","Acer_rubrum","7"
291,"large_woody_stems","south","Nyssa_sylvatica","4"
291,"large_woody_stems","south","Vaccinium_stamineum","0"
291,"large_woody_stems","south","Pinus_rigida","6"
291,"large_woody_stems","south","Gaylussacia_frondosa","0"
291,"large_woody_stems","south","Quercus_montana","0"
291,"large_woody_stems","south","Sassafras_albidum","2"
292,"basalarea","none","Pinus_strobus","4"
292,"basalarea","none","Acer_rubrum","1"
292,"basalarea","none","Sassafras_albidum","1"
292,"basalarea","none","Quercus_montana","1"
292,"snag","none","snag","1"
292,"basalarea_edge","none","nodata","2"
292,"small_woody_stems","north","Kalmia_latifolia","2"
292,"small_woody_stems","north","Vaccinium_pallidum","11"
292,"small_woody_stems","north","Gaylussacia_baccata","6"
292,"small_woody_stems","north","Smilax_rotundifolia","0"
292,"small_woody_stems","north","Quercus_montana","0"
292,"small_woody_stems","north","Nyssa_sylvatica","0"
292,"medium_woody_stems","north","Kalmia_latifolia","5"
292,"medium_woody_stems","north","Vaccinium_pallidum","1"
292,"medium_woody_stems","north","Gaylussacia_baccata","4"
292,"medium_woody_stems","north","Smilax_rotundifolia","0"
292,"medium_woody_stems","north","Quercus_montana","0"
292,"medium_woody_stems","north","Nyssa_sylvatica","0"
292,"large_woody_stems","north","Kalmia_latifolia","9"
292,"large_woody_stems","north","Vaccinium_pallidum","0"
292,"large_woody_stems","north","Gaylussacia_baccata","2"
292,"large_woody_stems","north","Smilax_rotundifolia","1"
292,"large_woody_stems","north","Quercus_montana","1"
292,"large_woody_stems","north","Nyssa_sylvatica","0"
292,"small_woody_stems","south","Kalmia_latifolia","6"
292,"small_woody_stems","south","Vaccinium_pallidum","4"
292,"small_woody_stems","south","Gaylussacia_baccata","20"
292,"small_woody_stems","south","Smilax_rotundifolia","0"
292,"small_woody_stems","south","Quercus_montana","0"
292,"small_woody_stems","south","Nyssa_sylvatica","0"
292,"medium_woody_stems","south","Kalmia_latifolia","8"
292,"medium_woody_stems","south","Vaccinium_pallidum","0"
292,"medium_woody_stems","south","Gaylussacia_baccata","22"
292,"medium_woody_stems","south","Smilax_rotundifolia","0"
292,"medium_woody_stems","south","Quercus_montana","1"
292,"medium_woody_stems","south","Nyssa_sylvatica","0"
292,"large_woody_stems","south","Kalmia_latifolia","7"
292,"large_woody_stems","south","Vaccinium_pallidum","0"
292,"large_woody_stems","south","Gaylussacia_baccata","2"
292,"large_woody_stems","south","Smilax_rotundifolia","0"
292,"large_woody_stems","south","Quercus_montana","2"
292,"large_woody_stems","south","Nyssa_sylvatica","3"
293,"basalarea","none","Nyssa_sylvatica","4"
293,"basalarea","none","Pinus_strobus","1"
293,"snag","none","snag","0"
293,"basalarea_edge","none","nodata","5"
293,"small_woody_stems","north","Kalmia_latifolia","6"
293,"small_woody_stems","north","Vaccinium_pallidum","20"
293,"small_woody_stems","north","Gaylussacia_baccata","26"
293,"small_woody_stems","north","Pinus_strobus","0"
293,"small_woody_stems","north","Nyssa_sylvatica","0"
293,"medium_woody_stems","north","Kalmia_latifolia","7"
293,"medium_woody_stems","north","Vaccinium_pallidum","1"
293,"medium_woody_stems","north","Gaylussacia_baccata","2"
293,"medium_woody_stems","north","Pinus_strobus","1"
293,"medium_woody_stems","north","Nyssa_sylvatica","0"
293,"large_woody_stems","north","Kalmia_latifolia","4"
293,"large_woody_stems","north","Vaccinium_pallidum","0"
293,"large_woody_stems","north","Gaylussacia_baccata","0"
293,"large_woody_stems","north","Pinus_strobus","1"
293,"large_woody_stems","north","Nyssa_sylvatica","0"
293,"small_woody_stems","south","Kalmia_latifolia","3"
293,"small_woody_stems","south","Vaccinium_pallidum","14"
293,"small_woody_stems","south","Gaylussacia_baccata","35"
293,"small_woody_stems","south","Pinus_strobus","0"
293,"small_woody_stems","south","Nyssa_sylvatica","1"
293,"medium_woody_stems","south","Kalmia_latifolia","5"
293,"medium_woody_stems","south","Vaccinium_pallidum","5"
293,"medium_woody_stems","south","Gaylussacia_baccata","5"
293,"medium_woody_stems","south","Pinus_strobus","0"
293,"medium_woody_stems","south","Nyssa_sylvatica","0"
293,"large_woody_stems","south","Kalmia_latifolia","2"
293,"large_woody_stems","south","Vaccinium_pallidum","0"
293,"large_woody_stems","south","Gaylussacia_baccata","0"
293,"large_woody_stems","south","Pinus_strobus","0"
293,"large_woody_stems","south","Nyssa_sylvatica","0"
294,"basalarea","none","Pinus_rigida","0"
294,"snag","none","snag","0"
294,"basalarea_edge","none","nodata","1"
294,"small_woody_stems","north","Nyssa_sylvatica","8"
294,"small_woody_stems","north","Acer_rubrum","9"
294,"small_woody_stems","north","Vaccinium_angustifolium","15"
294,"small_woody_stems","north","Sassafras_albidum","1"
294,"small_woody_stems","north","Pinus_rigida","1"
294,"small_woody_stems","north","Betula_lenta","0"
294,"medium_woody_stems","north","Nyssa_sylvatica","2"
294,"medium_woody_stems","north","Acer_rubrum","1"
294,"medium_woody_stems","north","Vaccinium_angustifolium","0"
294,"medium_woody_stems","north","Sassafras_albidum","0"
294,"medium_woody_stems","north","Pinus_rigida","0"
294,"medium_woody_stems","north","Betula_lenta","0"
294,"large_woody_stems","north","Nyssa_sylvatica","4"
294,"large_woody_stems","north","Acer_rubrum","12"
294,"large_woody_stems","north","Vaccinium_angustifolium","0"
294,"large_woody_stems","north","Sassafras_albidum","0"
294,"large_woody_stems","north","Pinus_rigida","1"
294,"large_woody_stems","north","Betula_lenta","0"
294,"small_woody_stems","south","Nyssa_sylvatica","0"
294,"small_woody_stems","south","Acer_rubrum","2"
294,"small_woody_stems","south","Vaccinium_angustifolium","0"
294,"small_woody_stems","south","Sassafras_albidum","0"
294,"small_woody_stems","south","Pinus_rigida","0"
294,"small_woody_stems","south","Betula_lenta","0"
294,"medium_woody_stems","south","Nyssa_sylvatica","1"
294,"medium_woody_stems","south","Acer_rubrum","5"
294,"medium_woody_stems","south","Vaccinium_angustifolium","0"
294,"medium_woody_stems","south","Sassafras_albidum","0"
294,"medium_woody_stems","south","Pinus_rigida","0"
294,"medium_woody_stems","south","Betula_lenta","0"
294,"large_woody_stems","south","Nyssa_sylvatica","3"
294,"large_woody_stems","south","Acer_rubrum","25"
294,"large_woody_stems","south","Vaccinium_angustifolium","0"
294,"large_woody_stems","south","Sassafras_albidum","1"
294,"large_woody_stems","south","Pinus_rigida","6"
294,"large_woody_stems","south","Betula_lenta","3"
295,"basalarea","none","Quercus_rubra","1"
295,"snag","none","snag","1"
295,"basalarea_edge","none","nodata","0"
295,"small_woody_stems","north","Betula_lenta","7"
295,"small_woody_stems","north","Acer_rubrum","11"
295,"small_woody_stems","north","Vaccinium_pallidum","40"
295,"small_woody_stems","north","Sassafras_albidum","0"
295,"small_woody_stems","north","Gaylussacia_baccata","7"
295,"small_woody_stems","north","Vaccinium_stamineum","29"
295,"small_woody_stems","north","Quercus_montana","2"
295,"medium_woody_stems","north","Betula_lenta","1"
295,"medium_woody_stems","north","Acer_rubrum","0"
295,"medium_woody_stems","north","Vaccinium_pallidum","0"
295,"medium_woody_stems","north","Sassafras_albidum","0"
295,"medium_woody_stems","north","Gaylussacia_baccata","0"
295,"medium_woody_stems","north","Vaccinium_stamineum","0"
295,"medium_woody_stems","north","Quercus_montana","0"
295,"large_woody_stems","north","Betula_lenta","10"
295,"large_woody_stems","north","Acer_rubrum","0"
295,"large_woody_stems","north","Vaccinium_pallidum","0"
295,"large_woody_stems","north","Sassafras_albidum","1"
295,"large_woody_stems","north","Gaylussacia_baccata","0"
295,"large_woody_stems","north","Vaccinium_stamineum","0"
295,"large_woody_stems","north","Quercus_montana","0"
295,"small_woody_stems","south","Betula_lenta","11"
295,"small_woody_stems","south","Acer_rubrum","6"
295,"small_woody_stems","south","Vaccinium_pallidum","12"
295,"small_woody_stems","south","Sassafras_albidum","0"
295,"small_woody_stems","south","Gaylussacia_baccata","0"
295,"small_woody_stems","south","Vaccinium_stamineum","8"
295,"small_woody_stems","south","Quercus_montana","1"
295,"medium_woody_stems","south","Betula_lenta","6"
295,"medium_woody_stems","south","Acer_rubrum","1"
295,"medium_woody_stems","south","Vaccinium_pallidum","0"
295,"medium_woody_stems","south","Sassafras_albidum","0"
295,"medium_woody_stems","south","Gaylussacia_baccata","0"
295,"medium_woody_stems","south","Vaccinium_stamineum","6"
295,"medium_woody_stems","south","Quercus_montana","0"
295,"large_woody_stems","south","Betula_lenta","9"
295,"large_woody_stems","south","Acer_rubrum","6"
295,"large_woody_stems","south","Vaccinium_pallidum","0"
295,"large_woody_stems","south","Sassafras_albidum","0"
295,"large_woody_stems","south","Gaylussacia_baccata","0"
295,"large_woody_stems","south","Vaccinium_stamineum","0"
295,"large_woody_stems","south","Quercus_montana","0"
296,"basalarea","none","Nyssa_sylvatica","4"
296,"snag","none","snag","0"
296,"basalarea_edge","none","nodata","4"
296,"small_woody_stems","north","Kalmia_latifolia","4"
296,"small_woody_stems","north","Gaylussacia_baccata","40"
296,"small_woody_stems","north","Vaccinium_pallidum","0"
296,"small_woody_stems","north","Vaccinium_stamineum","9"
296,"small_woody_stems","north","Nyssa_sylvatica","0"
296,"small_woody_stems","north","Pinus_rigida","0"
296,"medium_woody_stems","north","Kalmia_latifolia","1"
296,"medium_woody_stems","north","Gaylussacia_baccata","0"
296,"medium_woody_stems","north","Vaccinium_pallidum","0"
296,"medium_woody_stems","north","Vaccinium_stamineum","0"
296,"medium_woody_stems","north","Nyssa_sylvatica","0"
296,"medium_woody_stems","north","Pinus_rigida","0"
296,"large_woody_stems","north","Kalmia_latifolia","0"
296,"large_woody_stems","north","Gaylussacia_baccata","0"
296,"large_woody_stems","north","Vaccinium_pallidum","0"
296,"large_woody_stems","north","Vaccinium_stamineum","0"
296,"large_woody_stems","north","Nyssa_sylvatica","1"
296,"large_woody_stems","north","Pinus_rigida","1"
296,"small_woody_stems","south","Kalmia_latifolia","7"
296,"small_woody_stems","south","Gaylussacia_baccata","15"
296,"small_woody_stems","south","Vaccinium_pallidum","3"
296,"small_woody_stems","south","Vaccinium_stamineum","0"
296,"small_woody_stems","south","Nyssa_sylvatica","0"
296,"small_woody_stems","south","Pinus_rigida","0"
296,"medium_woody_stems","south","Kalmia_latifolia","4"
296,"medium_woody_stems","south","Gaylussacia_baccata","4"
296,"medium_woody_stems","south","Vaccinium_pallidum","0"
296,"medium_woody_stems","south","Vaccinium_stamineum","0"
296,"medium_woody_stems","south","Nyssa_sylvatica","0"
296,"medium_woody_stems","south","Pinus_rigida","0"
296,"large_woody_stems","south","Kalmia_latifolia","5"
296,"large_woody_stems","south","Gaylussacia_baccata","0"
296,"large_woody_stems","south","Vaccinium_pallidum","0"
296,"large_woody_stems","south","Vaccinium_stamineum","0"
296,"large_woody_stems","south","Nyssa_sylvatica","2"
296,"large_woody_stems","south","Pinus_rigida","0"
297,"basalarea","none","Pinus_rigida","2"
297,"snag","none","snag","1"
297,"basalarea_edge","none","nodata","4"
297,"small_woody_stems","north","Comptonia_peregrina","2"
297,"small_woody_stems","north","Kalmia_latifolia","14"
297,"small_woody_stems","north","Vaccinium_pallidum","2"
297,"small_woody_stems","north","Gaylussacia_baccata","8"
297,"small_woody_stems","north","Acer_rubrum","1"
297,"small_woody_stems","north","Quercus_montana","0"
297,"small_woody_stems","north","Amelanchier_spp","0"
297,"medium_woody_stems","north","Comptonia_peregrina","3"
297,"medium_woody_stems","north","Kalmia_latifolia","5"
297,"medium_woody_stems","north","Vaccinium_pallidum","0"
297,"medium_woody_stems","north","Gaylussacia_baccata","0"
297,"medium_woody_stems","north","Acer_rubrum","0"
297,"medium_woody_stems","north","Quercus_montana","0"
297,"medium_woody_stems","north","Amelanchier_spp","0"
297,"large_woody_stems","north","Comptonia_peregrina","0"
297,"large_woody_stems","north","Kalmia_latifolia","5"
297,"large_woody_stems","north","Vaccinium_pallidum","0"
297,"large_woody_stems","north","Gaylussacia_baccata","0"
297,"large_woody_stems","north","Acer_rubrum","0"
297,"large_woody_stems","north","Quercus_montana","1"
297,"large_woody_stems","north","Amelanchier_spp","0"
297,"small_woody_stems","south","Comptonia_peregrina","0"
297,"small_woody_stems","south","Kalmia_latifolia","8"
297,"small_woody_stems","south","Vaccinium_pallidum","0"
297,"small_woody_stems","south","Gaylussacia_baccata","17"
297,"small_woody_stems","south","Acer_rubrum","0"
297,"small_woody_stems","south","Quercus_montana","0"
297,"small_woody_stems","south","Amelanchier_spp","0"
297,"medium_woody_stems","south","Comptonia_peregrina","0"
297,"medium_woody_stems","south","Kalmia_latifolia","8"
297,"medium_woody_stems","south","Vaccinium_pallidum","0"
297,"medium_woody_stems","south","Gaylussacia_baccata","3"
297,"medium_woody_stems","south","Acer_rubrum","0"
297,"medium_woody_stems","south","Quercus_montana","0"
297,"medium_woody_stems","south","Amelanchier_spp","0"
297,"large_woody_stems","south","Comptonia_peregrina","0"
297,"large_woody_stems","south","Kalmia_latifolia","5"
297,"large_woody_stems","south","Vaccinium_pallidum","0"
297,"large_woody_stems","south","Gaylussacia_baccata","0"
297,"large_woody_stems","south","Acer_rubrum","0"
297,"large_woody_stems","south","Quercus_montana","0"
297,"large_woody_stems","south","Amelanchier_spp","1"
298,"basalarea","none","Quercus_rubra","1"
298,"basalarea","none","Nyssa_sylvatica","1"
298,"basalarea","none","Pinus_strobus","2"
298,"snag","none","snag","5"
298,"basalarea_edge","none","nodata","3"
298,"small_woody_stems","north","Gaylussacia_baccata","42"
298,"small_woody_stems","north","Vaccinium_pallidum","6"
298,"small_woody_stems","north","Pinus_strobus","0"
298,"medium_woody_stems","north","Gaylussacia_baccata","5"
298,"medium_woody_stems","north","Vaccinium_pallidum","0"
298,"medium_woody_stems","north","Pinus_strobus","0"
298,"large_woody_stems","north","Gaylussacia_baccata","0"
298,"large_woody_stems","north","Vaccinium_pallidum","0"
298,"large_woody_stems","north","Pinus_strobus","2"
298,"small_woody_stems","south","Gaylussacia_baccata","35"
298,"small_woody_stems","south","Vaccinium_pallidum","7"
298,"small_woody_stems","south","Pinus_strobus","0"
298,"medium_woody_stems","south","Gaylussacia_baccata","0"
298,"medium_woody_stems","south","Vaccinium_pallidum","0"
298,"medium_woody_stems","south","Pinus_strobus","3"
298,"large_woody_stems","south","Gaylussacia_baccata","0"
298,"large_woody_stems","south","Vaccinium_pallidum","0"
298,"large_woody_stems","south","Pinus_strobus","5"
299,"basalarea","none","Pinus_rigida","1"
299,"basalarea","none","Acer_rubrum","0"
299,"basalarea","none","Quercus_montana","2"
299,"basalarea","none","Nyssa_sylvatica","0"
299,"basalarea","none","Sassafras_albidum","1"
299,"snag","none","snag","0"
299,"basalarea_edge","none","nodata","6"
299,"small_woody_stems","north","Sassafras_albidum","0"
299,"small_woody_stems","north","Kalmia_latifolia","4"
299,"small_woody_stems","north","Gaylussacia_baccata","35"
299,"small_woody_stems","north","Vaccinium_pallidum","2"
299,"small_woody_stems","north","Pinus_rigida","0"
299,"small_woody_stems","north","Vaccinium_stamineum","0"
299,"small_woody_stems","north","Nyssa_sylvatica","0"
299,"medium_woody_stems","north","Sassafras_albidum","0"
299,"medium_woody_stems","north","Kalmia_latifolia","13"
299,"medium_woody_stems","north","Gaylussacia_baccata","4"
299,"medium_woody_stems","north","Vaccinium_pallidum","0"
299,"medium_woody_stems","north","Pinus_rigida","1"
299,"medium_woody_stems","north","Vaccinium_stamineum","1"
299,"medium_woody_stems","north","Nyssa_sylvatica","0"
299,"large_woody_stems","north","Sassafras_albidum","4"
299,"large_woody_stems","north","Kalmia_latifolia","5"
299,"large_woody_stems","north","Gaylussacia_baccata","0"
299,"large_woody_stems","north","Vaccinium_pallidum","0"
299,"large_woody_stems","north","Pinus_rigida","0"
299,"large_woody_stems","north","Vaccinium_stamineum","0"
299,"large_woody_stems","north","Nyssa_sylvatica","2"
299,"small_woody_stems","south","Sassafras_albidum","0"
299,"small_woody_stems","south","Kalmia_latifolia","2"
299,"small_woody_stems","south","Gaylussacia_baccata","30"
299,"small_woody_stems","south","Vaccinium_pallidum","5"
299,"small_woody_stems","south","Pinus_rigida","0"
299,"small_woody_stems","south","Vaccinium_stamineum","0"
299,"small_woody_stems","south","Nyssa_sylvatica","0"
299,"medium_woody_stems","south","Sassafras_albidum","0"
299,"medium_woody_stems","south","Kalmia_latifolia","13"
299,"medium_woody_stems","south","Gaylussacia_baccata","11"
299,"medium_woody_stems","south","Vaccinium_pallidum","0"
299,"medium_woody_stems","south","Pinus_rigida","0"
299,"medium_woody_stems","south","Vaccinium_stamineum","0"
299,"medium_woody_stems","south","Nyssa_sylvatica","0"
299,"large_woody_stems","south","Sassafras_albidum","0"
299,"large_woody_stems","south","Kalmia_latifolia","8"
299,"large_woody_stems","south","Gaylussacia_baccata","0"
299,"large_woody_stems","south","Vaccinium_pallidum","0"
299,"large_woody_stems","south","Pinus_rigida","0"
299,"large_woody_stems","south","Vaccinium_stamineum","0"
299,"large_woody_stems","south","Nyssa_sylvatica","0"
300,"snag","none","snag","0"
300,"basalarea_edge","none","nodata","0"
300,"small_woody_stems","north","Kalmia_latifolia","4"
300,"small_woody_stems","north","Gaylussacia_baccata","11"
300,"small_woody_stems","north","Vaccinium_pallidum","2"
300,"small_woody_stems","north","Comptonia_peregrina","1"
300,"medium_woody_stems","north","Kalmia_latifolia","2"
300,"medium_woody_stems","north","Gaylussacia_baccata","4"
300,"medium_woody_stems","north","Vaccinium_pallidum","0"
300,"medium_woody_stems","north","Comptonia_peregrina","0"
300,"large_woody_stems","north","Kalmia_latifolia","5"
300,"large_woody_stems","north","Gaylussacia_baccata","0"
300,"large_woody_stems","north","Vaccinium_pallidum","0"
300,"large_woody_stems","north","Comptonia_peregrina","0"
300,"small_woody_stems","south","Kalmia_latifolia","0"
300,"small_woody_stems","south","Gaylussacia_baccata","20"
300,"small_woody_stems","south","Vaccinium_pallidum","0"
300,"small_woody_stems","south","Comptonia_peregrina","0"
300,"medium_woody_stems","south","Kalmia_latifolia","0"
300,"medium_woody_stems","south","Gaylussacia_baccata","28"
300,"medium_woody_stems","south","Vaccinium_pallidum","0"
300,"medium_woody_stems","south","Comptonia_peregrina","0"
300,"large_woody_stems","south","Kalmia_latifolia","0"
300,"large_woody_stems","south","Gaylussacia_baccata","0"
300,"large_woody_stems","south","Vaccinium_pallidum","0"
300,"large_woody_stems","south","Comptonia_peregrina","0"
301,"basalarea","none","Nyssa_sylvatica","1"
301,"basalarea","none","Pinus_rigida","1"
301,"snag","none","snag","0"
301,"basalarea_edge","none","nodata","0"
301,"small_woody_stems","north","Kalmia_latifolia","4"
301,"small_woody_stems","north","Gaylussacia_baccata","33"
301,"small_woody_stems","north","Vaccinium_pallidum","4"
301,"medium_woody_stems","north","Kalmia_latifolia","2"
301,"medium_woody_stems","north","Gaylussacia_baccata","1"
301,"medium_woody_stems","north","Vaccinium_pallidum","0"
301,"large_woody_stems","north","Kalmia_latifolia","0"
301,"large_woody_stems","north","Gaylussacia_baccata","0"
301,"large_woody_stems","north","Vaccinium_pallidum","0"
301,"small_woody_stems","south","Kalmia_latifolia","2"
301,"small_woody_stems","south","Gaylussacia_baccata","29"
301,"small_woody_stems","south","Vaccinium_pallidum","6"
301,"medium_woody_stems","south","Kalmia_latifolia","0"
301,"medium_woody_stems","south","Gaylussacia_baccata","26"
301,"medium_woody_stems","south","Vaccinium_pallidum","0"
301,"large_woody_stems","south","Kalmia_latifolia","0"
301,"large_woody_stems","south","Gaylussacia_baccata","0"
301,"large_woody_stems","south","Vaccinium_pallidum","0"
302,"basalarea","none","Pinus_strobus","2"
302,"snag","none","snag","6"
302,"basalarea_edge","none","nodata","3"
302,"small_woody_stems","north","Gaylussacia_baccata","18"
302,"small_woody_stems","north","Vaccinium_pallidum","1"
302,"small_woody_stems","north","Kalmia_latifolia","0"
302,"small_woody_stems","north","Acer_rubrum","9"
302,"medium_woody_stems","north","Gaylussacia_baccata","13"
302,"medium_woody_stems","north","Vaccinium_pallidum","1"
302,"medium_woody_stems","north","Kalmia_latifolia","1"
302,"medium_woody_stems","north","Acer_rubrum","9"
302,"large_woody_stems","north","Gaylussacia_baccata","0"
302,"large_woody_stems","north","Vaccinium_pallidum","0"
302,"large_woody_stems","north","Kalmia_latifolia","3"
302,"large_woody_stems","north","Acer_rubrum","9"
302,"small_woody_stems","south","Gaylussacia_baccata","11"
302,"small_woody_stems","south","Vaccinium_pallidum","1"
302,"small_woody_stems","south","Kalmia_latifolia","3"
302,"small_woody_stems","south","Acer_rubrum","1"
302,"medium_woody_stems","south","Gaylussacia_baccata","4"
302,"medium_woody_stems","south","Vaccinium_pallidum","0"
302,"medium_woody_stems","south","Kalmia_latifolia","2"
302,"medium_woody_stems","south","Acer_rubrum","9"
302,"large_woody_stems","south","Gaylussacia_baccata","0"
302,"large_woody_stems","south","Vaccinium_pallidum","0"
302,"large_woody_stems","south","Kalmia_latifolia","2"
302,"large_woody_stems","south","Acer_rubrum","9"
303,"basalarea","none","Pinus_strobus","3"
303,"basalarea","none","Quercus_montana","1"
303,"basalarea","none","Acer_rubrum","1"
303,"snag","none","snag","5"
303,"basalarea_edge","none","nodata","1"
303,"small_woody_stems","north","Kalmia_latifolia","5"
303,"small_woody_stems","north","Gaylussacia_baccata","10"
303,"small_woody_stems","north","Vaccinium_pallidum","1"
303,"small_woody_stems","north","Tsuga_canadensis","0"
303,"small_woody_stems","north","Acer_rubrum","0"
303,"small_woody_stems","north","Pinus_strobus","0"
303,"medium_woody_stems","north","Kalmia_latifolia","10"
303,"medium_woody_stems","north","Gaylussacia_baccata","0"
303,"medium_woody_stems","north","Vaccinium_pallidum","0"
303,"medium_woody_stems","north","Tsuga_canadensis","0"
303,"medium_woody_stems","north","Acer_rubrum","0"
303,"medium_woody_stems","north","Pinus_strobus","0"
303,"large_woody_stems","north","Kalmia_latifolia","8"
303,"large_woody_stems","north","Gaylussacia_baccata","0"
303,"large_woody_stems","north","Vaccinium_pallidum","0"
303,"large_woody_stems","north","Tsuga_canadensis","0"
303,"large_woody_stems","north","Acer_rubrum","0"
303,"large_woody_stems","north","Pinus_strobus","0"
303,"small_woody_stems","south","Kalmia_latifolia","2"
303,"small_woody_stems","south","Gaylussacia_baccata","0"
303,"small_woody_stems","south","Vaccinium_pallidum","3"
303,"small_woody_stems","south","Tsuga_canadensis","0"
303,"small_woody_stems","south","Acer_rubrum","0"
303,"small_woody_stems","south","Pinus_strobus","0"
303,"medium_woody_stems","south","Kalmia_latifolia","5"
303,"medium_woody_stems","south","Gaylussacia_baccata","0"
303,"medium_woody_stems","south","Vaccinium_pallidum","0"
303,"medium_woody_stems","south","Tsuga_canadensis","1"
303,"medium_woody_stems","south","Acer_rubrum","0"
303,"medium_woody_stems","south","Pinus_strobus","0"
303,"large_woody_stems","south","Kalmia_latifolia","6"
303,"large_woody_stems","south","Gaylussacia_baccata","0"
303,"large_woody_stems","south","Vaccinium_pallidum","0"
303,"large_woody_stems","south","Tsuga_canadensis","0"
303,"large_woody_stems","south","Acer_rubrum","1"
303,"large_woody_stems","south","Pinus_strobus","4"
304,"basalarea","none","Pinus_rigida","2"
304,"snag","none","snag","2"
304,"basalarea_edge","none","nodata","0"
304,"small_woody_stems","north","Kalmia_latifolia","9"
304,"small_woody_stems","north","Gaylussacia_baccata","4"
304,"small_woody_stems","north","Pinus_rigida","1"
304,"small_woody_stems","north","Vaccinium_stamineum","1"
304,"small_woody_stems","north","Vaccinium_pallidum","2"
304,"small_woody_stems","north","Acer_rubrum","0"
304,"small_woody_stems","north","Nyssa_sylvatica","0"
304,"medium_woody_stems","north","Kalmia_latifolia","4"
304,"medium_woody_stems","north","Gaylussacia_baccata","8"
304,"medium_woody_stems","north","Pinus_rigida","0"
304,"medium_woody_stems","north","Vaccinium_stamineum","0"
304,"medium_woody_stems","north","Vaccinium_pallidum","0"
304,"medium_woody_stems","north","Acer_rubrum","0"
304,"medium_woody_stems","north","Nyssa_sylvatica","0"
304,"large_woody_stems","north","Kalmia_latifolia","2"
304,"large_woody_stems","north","Gaylussacia_baccata","0"
304,"large_woody_stems","north","Pinus_rigida","1"
304,"large_woody_stems","north","Vaccinium_stamineum","0"
304,"large_woody_stems","north","Vaccinium_pallidum","0"
304,"large_woody_stems","north","Acer_rubrum","3"
304,"large_woody_stems","north","Nyssa_sylvatica","5"
304,"small_woody_stems","south","Kalmia_latifolia","2"
304,"small_woody_stems","south","Gaylussacia_baccata","7"
304,"small_woody_stems","south","Pinus_rigida","0"
304,"small_woody_stems","south","Vaccinium_stamineum","0"
304,"small_woody_stems","south","Vaccinium_pallidum","4"
304,"small_woody_stems","south","Acer_rubrum","0"
304,"small_woody_stems","south","Nyssa_sylvatica","0"
304,"medium_woody_stems","south","Kalmia_latifolia","14"
304,"medium_woody_stems","south","Gaylussacia_baccata","27"
304,"medium_woody_stems","south","Pinus_rigida","0"
304,"medium_woody_stems","south","Vaccinium_stamineum","0"
304,"medium_woody_stems","south","Vaccinium_pallidum","0"
304,"medium_woody_stems","south","Acer_rubrum","0"
304,"medium_woody_stems","south","Nyssa_sylvatica","0"
304,"large_woody_stems","south","Kalmia_latifolia","2"
304,"large_woody_stems","south","Gaylussacia_baccata","0"
304,"large_woody_stems","south","Pinus_rigida","1"
304,"large_woody_stems","south","Vaccinium_stamineum","0"
304,"large_woody_stems","south","Vaccinium_pallidum","0"
304,"large_woody_stems","south","Acer_rubrum","4"
304,"large_woody_stems","south","Nyssa_sylvatica","4"
305,"basalarea","none","Nyssa_sylvatica","2"
305,"basalarea","none","Pinus_strobus","0"
305,"snag","none","snag","5"
305,"basalarea_edge","none","nodata","11"
305,"small_woody_stems","north","Kalmia_latifolia","6"
305,"small_woody_stems","north","Gaylussacia_baccata","37"
305,"small_woody_stems","north","Vaccinium_pallidum","5"
305,"small_woody_stems","north","Pinus_strobus","0"
305,"small_woody_stems","north","Nyssa_sylvatica","0"
305,"medium_woody_stems","north","Kalmia_latifolia","4"
305,"medium_woody_stems","north","Gaylussacia_baccata","12"
305,"medium_woody_stems","north","Vaccinium_pallidum","1"
305,"medium_woody_stems","north","Pinus_strobus","0"
305,"medium_woody_stems","north","Nyssa_sylvatica","0"
305,"large_woody_stems","north","Kalmia_latifolia","3"
305,"large_woody_stems","north","Gaylussacia_baccata","0"
305,"large_woody_stems","north","Vaccinium_pallidum","0"
305,"large_woody_stems","north","Pinus_strobus","1"
305,"large_woody_stems","north","Nyssa_sylvatica","0"
305,"small_woody_stems","south","Kalmia_latifolia","3"
305,"small_woody_stems","south","Gaylussacia_baccata","10"
305,"small_woody_stems","south","Vaccinium_pallidum","6"
305,"small_woody_stems","south","Pinus_strobus","0"
305,"small_woody_stems","south","Nyssa_sylvatica","0"
305,"medium_woody_stems","south","Kalmia_latifolia","17"
305,"medium_woody_stems","south","Gaylussacia_baccata","3"
305,"medium_woody_stems","south","Vaccinium_pallidum","0"
305,"medium_woody_stems","south","Pinus_strobus","2"
305,"medium_woody_stems","south","Nyssa_sylvatica","0"
305,"large_woody_stems","south","Kalmia_latifolia","7"
305,"large_woody_stems","south","Gaylussacia_baccata","0"
305,"large_woody_stems","south","Vaccinium_pallidum","0"
305,"large_woody_stems","south","Pinus_strobus","0"
305,"large_woody_stems","south","Nyssa_sylvatica","5"
306,"basalarea","none","Pinus_strobus","5"
306,"basalarea","none","Acer_rubrum","0"
306,"basalarea","none","Quercus_montana","2"
306,"basalarea","none","Quercus_alba","1"
306,"snag","none","snag","2"
306,"basalarea_edge","none","nodata","10"
306,"small_woody_stems","north","Pinus_strobus","0"
306,"small_woody_stems","north","Gaylussacia_baccata","0"
306,"medium_woody_stems","north","Pinus_strobus","1"
306,"medium_woody_stems","north","Gaylussacia_baccata","0"
306,"large_woody_stems","north","Pinus_strobus","10"
306,"large_woody_stems","north","Gaylussacia_baccata","0"
306,"small_woody_stems","south","Pinus_strobus","0"
306,"small_woody_stems","south","Gaylussacia_baccata","10"
306,"medium_woody_stems","south","Pinus_strobus","0"
306,"medium_woody_stems","south","Gaylussacia_baccata","0"
306,"large_woody_stems","south","Pinus_strobus","6"
306,"large_woody_stems","south","Gaylussacia_baccata","1"
307,"basalarea","none","Pinus_strobus","1"
307,"basalarea","none","Nyssa_sylvatica","1"
307,"basalarea","none","Quercus_montana","0"
307,"basalarea","none","Acer_rubrum","1"
307,"snag","none","snag","6"
307,"basalarea_edge","none","nodata","7"
307,"small_woody_stems","north","Kalmia_latifolia","2"
307,"small_woody_stems","north","Vaccinium_pallidum","4"
307,"small_woody_stems","north","Acer_rubrum","3"
307,"small_woody_stems","north","Gaylussacia_baccata","30"
307,"small_woody_stems","north","Vaccinium_stamineum","1"
307,"medium_woody_stems","north","Kalmia_latifolia","12"
307,"medium_woody_stems","north","Vaccinium_pallidum","0"
307,"medium_woody_stems","north","Acer_rubrum","0"
307,"medium_woody_stems","north","Gaylussacia_baccata","0"
307,"medium_woody_stems","north","Vaccinium_stamineum","0"
307,"large_woody_stems","north","Kalmia_latifolia","9"
307,"large_woody_stems","north","Vaccinium_pallidum","0"
307,"large_woody_stems","north","Acer_rubrum","0"
307,"large_woody_stems","north","Gaylussacia_baccata","0"
307,"large_woody_stems","north","Vaccinium_stamineum","0"
307,"small_woody_stems","south","Kalmia_latifolia","10"
307,"small_woody_stems","south","Vaccinium_pallidum","9"
307,"small_woody_stems","south","Acer_rubrum","0"
307,"small_woody_stems","south","Gaylussacia_baccata","38"
307,"small_woody_stems","south","Vaccinium_stamineum","0"
307,"medium_woody_stems","south","Kalmia_latifolia","6"
307,"medium_woody_stems","south","Vaccinium_pallidum","3"
307,"medium_woody_stems","south","Acer_rubrum","0"
307,"medium_woody_stems","south","Gaylussacia_baccata","2"
307,"medium_woody_stems","south","Vaccinium_stamineum","0"
307,"large_woody_stems","south","Kalmia_latifolia","5"
307,"large_woody_stems","south","Vaccinium_pallidum","0"
307,"large_woody_stems","south","Acer_rubrum","0"
307,"large_woody_stems","south","Gaylussacia_baccata","0"
307,"large_woody_stems","south","Vaccinium_stamineum","0"
308,"basalarea","none","Sassafras_albidum","1"
308,"basalarea","none","Quercus_montana","0"
308,"basalarea","none","Nyssa_sylvatica","3"
308,"basalarea","none","Pinus_strobus","1"
308,"snag","none","snag","7"
308,"basalarea_edge","none","nodata","4"
308,"small_woody_stems","north","Gaylussacia_frondosa","27"
308,"small_woody_stems","north","Vaccinium_pallidum","4"
308,"small_woody_stems","north","Kalmia_latifolia","7"
308,"small_woody_stems","north","Quercus_montana","0"
308,"small_woody_stems","north","Nyssa_sylvatica","0"
308,"small_woody_stems","north","Pinus_strobus","0"
308,"small_woody_stems","north","Quercus_alba","0"
308,"small_woody_stems","north","Sassafras_albidum","0"
308,"medium_woody_stems","north","Gaylussacia_frondosa","26"
308,"medium_woody_stems","north","Vaccinium_pallidum","0"
308,"medium_woody_stems","north","Kalmia_latifolia","1"
308,"medium_woody_stems","north","Quercus_montana","0"
308,"medium_woody_stems","north","Nyssa_sylvatica","0"
308,"medium_woody_stems","north","Pinus_strobus","0"
308,"medium_woody_stems","north","Quercus_alba","0"
308,"medium_woody_stems","north","Sassafras_albidum","0"
308,"large_woody_stems","north","Gaylussacia_frondosa","7"
308,"large_woody_stems","north","Vaccinium_pallidum","0"
308,"large_woody_stems","north","Kalmia_latifolia","0"
308,"large_woody_stems","north","Quercus_montana","1"
308,"large_woody_stems","north","Nyssa_sylvatica","1"
308,"large_woody_stems","north","Pinus_strobus","1"
308,"large_woody_stems","north","Quercus_alba","0"
308,"large_woody_stems","north","Sassafras_albidum","0"
308,"small_woody_stems","south","Gaylussacia_frondosa","18"
308,"small_woody_stems","south","Vaccinium_pallidum","14"
308,"small_woody_stems","south","Kalmia_latifolia","5"
308,"small_woody_stems","south","Quercus_montana","0"
308,"small_woody_stems","south","Nyssa_sylvatica","0"
308,"small_woody_stems","south","Pinus_strobus","0"
308,"small_woody_stems","south","Quercus_alba","0"
308,"small_woody_stems","south","Sassafras_albidum","0"
308,"medium_woody_stems","south","Gaylussacia_frondosa","25"
308,"medium_woody_stems","south","Vaccinium_pallidum","0"
308,"medium_woody_stems","south","Kalmia_latifolia","7"
308,"medium_woody_stems","south","Quercus_montana","0"
308,"medium_woody_stems","south","Nyssa_sylvatica","0"
308,"medium_woody_stems","south","Pinus_strobus","0"
308,"medium_woody_stems","south","Quercus_alba","0"
308,"medium_woody_stems","south","Sassafras_albidum","0"
308,"large_woody_stems","south","Gaylussacia_frondosa","5"
308,"large_woody_stems","south","Vaccinium_pallidum","0"
308,"large_woody_stems","south","Kalmia_latifolia","0"
308,"large_woody_stems","south","Quercus_montana","0"
308,"large_woody_stems","south","Nyssa_sylvatica","2"
308,"large_woody_stems","south","Pinus_strobus","3"
308,"large_woody_stems","south","Quercus_alba","3"
308,"large_woody_stems","south","Sassafras_albidum","1"
309,"basalarea","none","Nyssa_sylvatica","1"
309,"snag","none","snag","6"
309,"basalarea_edge","none","nodata","5"
309,"small_woody_stems","north","Kalmia_latifolia","14"
309,"small_woody_stems","north","Gaylussacia_baccata","87"
309,"small_woody_stems","north","Vaccinium_pallidum","47"
309,"small_woody_stems","north","Acer_rubrum","5"
309,"small_woody_stems","north","Smilax_rotundifolia","0"
309,"small_woody_stems","north","Pinus_strobus","0"
309,"medium_woody_stems","north","Kalmia_latifolia","5"
309,"medium_woody_stems","north","Gaylussacia_baccata","0"
309,"medium_woody_stems","north","Vaccinium_pallidum","2"
309,"medium_woody_stems","north","Acer_rubrum","0"
309,"medium_woody_stems","north","Smilax_rotundifolia","0"
309,"medium_woody_stems","north","Pinus_strobus","0"
309,"large_woody_stems","north","Kalmia_latifolia","7"
309,"large_woody_stems","north","Gaylussacia_baccata","0"
309,"large_woody_stems","north","Vaccinium_pallidum","0"
309,"large_woody_stems","north","Acer_rubrum","0"
309,"large_woody_stems","north","Smilax_rotundifolia","0"
309,"large_woody_stems","north","Pinus_strobus","1"
309,"small_woody_stems","south","Kalmia_latifolia","4"
309,"small_woody_stems","south","Gaylussacia_baccata","47"
309,"small_woody_stems","south","Vaccinium_pallidum","13"
309,"small_woody_stems","south","Acer_rubrum","4"
309,"small_woody_stems","south","Smilax_rotundifolia","1"
309,"small_woody_stems","south","Pinus_strobus","0"
309,"medium_woody_stems","south","Kalmia_latifolia","7"
309,"medium_woody_stems","south","Gaylussacia_baccata","2"
309,"medium_woody_stems","south","Vaccinium_pallidum","1"
309,"medium_woody_stems","south","Acer_rubrum","0"
309,"medium_woody_stems","south","Smilax_rotundifolia","0"
309,"medium_woody_stems","south","Pinus_strobus","0"
309,"large_woody_stems","south","Kalmia_latifolia","7"
309,"large_woody_stems","south","Gaylussacia_baccata","0"
309,"large_woody_stems","south","Vaccinium_pallidum","0"
309,"large_woody_stems","south","Acer_rubrum","0"
309,"large_woody_stems","south","Smilax_rotundifolia","0"
309,"large_woody_stems","south","Pinus_strobus","0"
310,"basalarea","none","Pinus_strobus","5"
310,"basalarea","none","Quercus_montana","1"
310,"snag","none","snag","1"
310,"basalarea_edge","none","nodata","7"
310,"small_woody_stems","north","Kalmia_latifolia","10"
310,"small_woody_stems","north","Gaylussacia_baccata","16"
310,"small_woody_stems","north","Smilax_rotundifolia","1"
310,"small_woody_stems","north","Pinus_rigida","1"
310,"small_woody_stems","north","Vaccinium_pallidum","0"
310,"medium_woody_stems","north","Kalmia_latifolia","5"
310,"medium_woody_stems","north","Gaylussacia_baccata","1"
310,"medium_woody_stems","north","Smilax_rotundifolia","0"
310,"medium_woody_stems","north","Pinus_rigida","0"
310,"medium_woody_stems","north","Vaccinium_pallidum","0"
310,"large_woody_stems","north","Kalmia_latifolia","5"
310,"large_woody_stems","north","Gaylussacia_baccata","0"
310,"large_woody_stems","north","Smilax_rotundifolia","0"
310,"large_woody_stems","north","Pinus_rigida","0"
310,"large_woody_stems","north","Vaccinium_pallidum","0"
310,"small_woody_stems","south","Kalmia_latifolia","10"
310,"small_woody_stems","south","Gaylussacia_baccata","52"
310,"small_woody_stems","south","Smilax_rotundifolia","0"
310,"small_woody_stems","south","Pinus_rigida","0"
310,"small_woody_stems","south","Vaccinium_pallidum","2"
310,"medium_woody_stems","south","Kalmia_latifolia","5"
310,"medium_woody_stems","south","Gaylussacia_baccata","13"
310,"medium_woody_stems","south","Smilax_rotundifolia","0"
310,"medium_woody_stems","south","Pinus_rigida","0"
310,"medium_woody_stems","south","Vaccinium_pallidum","0"
310,"large_woody_stems","south","Kalmia_latifolia","12"
310,"large_woody_stems","south","Gaylussacia_baccata","0"
310,"large_woody_stems","south","Smilax_rotundifolia","0"
310,"large_woody_stems","south","Pinus_rigida","0"
310,"large_woody_stems","south","Vaccinium_pallidum","0"
311,"basalarea","none","Quercus_montana","1"
311,"basalarea","none","Sassafras_albidum","0"
311,"basalarea","none","Nyssa_sylvatica","1"
311,"basalarea","none","Pinus_rigida","1"
311,"basalarea","none","Acer_rubrum","3"
311,"snag","none","snag","1"
311,"basalarea_edge","none","nodata","5"
311,"small_woody_stems","north","Pinus_rigida","2"
311,"small_woody_stems","north","Kalmia_latifolia","5"
311,"small_woody_stems","north","Vaccinium_pallidum","9"
311,"small_woody_stems","north","Gaylussacia_baccata","3"
311,"small_woody_stems","north","Nyssa_sylvatica","0"
311,"small_woody_stems","north","Sassafras_albidum","0"
311,"small_woody_stems","north","Acer_rubrum","0"
311,"small_woody_stems","north","Smilax_rotundifolia","0"
311,"small_woody_stems","north","Quercus_ilicifolia","0"
311,"medium_woody_stems","north","Pinus_rigida","1"
311,"medium_woody_stems","north","Kalmia_latifolia","7"
311,"medium_woody_stems","north","Vaccinium_pallidum","2"
311,"medium_woody_stems","north","Gaylussacia_baccata","0"
311,"medium_woody_stems","north","Nyssa_sylvatica","0"
311,"medium_woody_stems","north","Sassafras_albidum","0"
311,"medium_woody_stems","north","Acer_rubrum","0"
311,"medium_woody_stems","north","Smilax_rotundifolia","0"
311,"medium_woody_stems","north","Quercus_ilicifolia","0"
311,"large_woody_stems","north","Pinus_rigida","5"
311,"large_woody_stems","north","Kalmia_latifolia","0"
311,"large_woody_stems","north","Vaccinium_pallidum","0"
311,"large_woody_stems","north","Gaylussacia_baccata","0"
311,"large_woody_stems","north","Nyssa_sylvatica","1"
311,"large_woody_stems","north","Sassafras_albidum","1"
311,"large_woody_stems","north","Acer_rubrum","2"
311,"large_woody_stems","north","Smilax_rotundifolia","0"
311,"large_woody_stems","north","Quercus_ilicifolia","0"
311,"small_woody_stems","south","Pinus_rigida","0"
311,"small_woody_stems","south","Kalmia_latifolia","3"
311,"small_woody_stems","south","Vaccinium_pallidum","9"
311,"small_woody_stems","south","Gaylussacia_baccata","77"
311,"small_woody_stems","south","Nyssa_sylvatica","0"
311,"small_woody_stems","south","Sassafras_albidum","0"
311,"small_woody_stems","south","Acer_rubrum","0"
311,"small_woody_stems","south","Smilax_rotundifolia","2"
311,"small_woody_stems","south","Quercus_ilicifolia","0"
311,"medium_woody_stems","south","Pinus_rigida","0"
311,"medium_woody_stems","south","Kalmia_latifolia","1"
311,"medium_woody_stems","south","Vaccinium_pallidum","1"
311,"medium_woody_stems","south","Gaylussacia_baccata","11"
311,"medium_woody_stems","south","Nyssa_sylvatica","0"
311,"medium_woody_stems","south","Sassafras_albidum","0"
311,"medium_woody_stems","south","Acer_rubrum","0"
311,"medium_woody_stems","south","Smilax_rotundifolia","4"
311,"medium_woody_stems","south","Quercus_ilicifolia","0"
311,"large_woody_stems","south","Pinus_rigida","0"
311,"large_woody_stems","south","Kalmia_latifolia","7"
311,"large_woody_stems","south","Vaccinium_pallidum","1"
311,"large_woody_stems","south","Gaylussacia_baccata","0"
311,"large_woody_stems","south","Nyssa_sylvatica","16"
311,"large_woody_stems","south","Sassafras_albidum","1"
311,"large_woody_stems","south","Acer_rubrum","4"
311,"large_woody_stems","south","Smilax_rotundifolia","9"
311,"large_woody_stems","south","Quercus_ilicifolia","1"
312,"basalarea","none","Pinus_rigida","1"
312,"basalarea","none","Nyssa_sylvatica","0"
312,"basalarea","none","Acer_rubrum","0"
312,"snag","none","snag","2"
312,"basalarea_edge","none","nodata","2"
312,"small_woody_stems","north","Vaccinium_pallidum","24"
312,"small_woody_stems","north","Kalmia_latifolia","5"
312,"small_woody_stems","north","Gaylussacia_baccata","31"
312,"small_woody_stems","north","Nyssa_sylvatica","0"
312,"small_woody_stems","north","Sassafras_albidum","0"
312,"small_woody_stems","north","Acer_rubrum","0"
312,"small_woody_stems","north","Quercus_montana","0"
312,"small_woody_stems","north","Smilax_rotundifolia","0"
312,"medium_woody_stems","north","Vaccinium_pallidum","0"
312,"medium_woody_stems","north","Kalmia_latifolia","10"
312,"medium_woody_stems","north","Gaylussacia_baccata","20"
312,"medium_woody_stems","north","Nyssa_sylvatica","2"
312,"medium_woody_stems","north","Sassafras_albidum","0"
312,"medium_woody_stems","north","Acer_rubrum","0"
312,"medium_woody_stems","north","Quercus_montana","0"
312,"medium_woody_stems","north","Smilax_rotundifolia","0"
312,"large_woody_stems","north","Vaccinium_pallidum","0"
312,"large_woody_stems","north","Kalmia_latifolia","2"
312,"large_woody_stems","north","Gaylussacia_baccata","0"
312,"large_woody_stems","north","Nyssa_sylvatica","4"
312,"large_woody_stems","north","Sassafras_albidum","2"
312,"large_woody_stems","north","Acer_rubrum","5"
312,"large_woody_stems","north","Quercus_montana","1"
312,"large_woody_stems","north","Smilax_rotundifolia","0"
312,"small_woody_stems","south","Vaccinium_pallidum","12"
312,"small_woody_stems","south","Kalmia_latifolia","16"
312,"small_woody_stems","south","Gaylussacia_baccata","17"
312,"small_woody_stems","south","Nyssa_sylvatica","0"
312,"small_woody_stems","south","Sassafras_albidum","0"
312,"small_woody_stems","south","Acer_rubrum","0"
312,"small_woody_stems","south","Quercus_montana","0"
312,"small_woody_stems","south","Smilax_rotundifolia","1"
312,"medium_woody_stems","south","Vaccinium_pallidum","2"
312,"medium_woody_stems","south","Kalmia_latifolia","19"
312,"medium_woody_stems","south","Gaylussacia_baccata","17"
312,"medium_woody_stems","south","Nyssa_sylvatica","0"
312,"medium_woody_stems","south","Sassafras_albidum","0"
312,"medium_woody_stems","south","Acer_rubrum","0"
312,"medium_woody_stems","south","Quercus_montana","0"
312,"medium_woody_stems","south","Smilax_rotundifolia","0"
312,"large_woody_stems","south","Vaccinium_pallidum","0"
312,"large_woody_stems","south","Kalmia_latifolia","12"
312,"large_woody_stems","south","Gaylussacia_baccata","0"
312,"large_woody_stems","south","Nyssa_sylvatica","6"
312,"large_woody_stems","south","Sassafras_albidum","0"
312,"large_woody_stems","south","Acer_rubrum","5"
312,"large_woody_stems","south","Quercus_montana","0"
312,"large_woody_stems","south","Smilax_rotundifolia","1"
313,"basalarea","none","Acer_rubrum","3"
313,"basalarea","none","Populus_grandidentata","1"
313,"basalarea","none","Nyssa_sylvatica","0"
313,"basalarea","none","Sassafras_albidum","0"
313,"snag","none","snag","0"
313,"basalarea_edge","none","nodata","6"
313,"small_woody_stems","north","Kalmia_latifolia","3"
313,"small_woody_stems","north","Gaylussacia_baccata","30"
313,"small_woody_stems","north","Vaccinium_pallidum","3"
313,"small_woody_stems","north","Smilax_rotundifolia","0"
313,"small_woody_stems","north","Sassafras_albidum","0"
313,"small_woody_stems","north","Acer_rubrum","0"
313,"small_woody_stems","north","Quercus_montana","0"
313,"small_woody_stems","north","Nyssa_sylvatica","0"
313,"small_woody_stems","north","Amelanchier_spp","0"
313,"small_woody_stems","north","Pinus_rigida","0"
313,"medium_woody_stems","north","Kalmia_latifolia","1"
313,"medium_woody_stems","north","Gaylussacia_baccata","27"
313,"medium_woody_stems","north","Vaccinium_pallidum","0"
313,"medium_woody_stems","north","Smilax_rotundifolia","0"
313,"medium_woody_stems","north","Sassafras_albidum","0"
313,"medium_woody_stems","north","Acer_rubrum","0"
313,"medium_woody_stems","north","Quercus_montana","0"
313,"medium_woody_stems","north","Nyssa_sylvatica","0"
313,"medium_woody_stems","north","Amelanchier_spp","0"
313,"medium_woody_stems","north","Pinus_rigida","0"
313,"large_woody_stems","north","Kalmia_latifolia","6"
313,"large_woody_stems","north","Gaylussacia_baccata","0"
313,"large_woody_stems","north","Vaccinium_pallidum","3"
313,"large_woody_stems","north","Smilax_rotundifolia","1"
313,"large_woody_stems","north","Sassafras_albidum","0"
313,"large_woody_stems","north","Acer_rubrum","8"
313,"large_woody_stems","north","Quercus_montana","6"
313,"large_woody_stems","north","Nyssa_sylvatica","1"
313,"large_woody_stems","north","Amelanchier_spp","0"
313,"large_woody_stems","north","Pinus_rigida","0"
313,"small_woody_stems","south","Kalmia_latifolia","1"
313,"small_woody_stems","south","Gaylussacia_baccata","19"
313,"small_woody_stems","south","Vaccinium_pallidum","5"
313,"small_woody_stems","south","Smilax_rotundifolia","0"
313,"small_woody_stems","south","Sassafras_albidum","0"
313,"small_woody_stems","south","Acer_rubrum","0"
313,"small_woody_stems","south","Quercus_montana","0"
313,"small_woody_stems","south","Nyssa_sylvatica","0"
313,"small_woody_stems","south","Amelanchier_spp","0"
313,"small_woody_stems","south","Pinus_rigida","0"
313,"medium_woody_stems","south","Kalmia_latifolia","18"
313,"medium_woody_stems","south","Gaylussacia_baccata","9"
313,"medium_woody_stems","south","Vaccinium_pallidum","0"
313,"medium_woody_stems","south","Smilax_rotundifolia","0"
313,"medium_woody_stems","south","Sassafras_albidum","0"
313,"medium_woody_stems","south","Acer_rubrum","0"
313,"medium_woody_stems","south","Quercus_montana","0"
313,"medium_woody_stems","south","Nyssa_sylvatica","0"
313,"medium_woody_stems","south","Amelanchier_spp","0"
313,"medium_woody_stems","south","Pinus_rigida","0"
313,"large_woody_stems","south","Kalmia_latifolia","1"
313,"large_woody_stems","south","Gaylussacia_baccata","0"
313,"large_woody_stems","south","Vaccinium_pallidum","0"
313,"large_woody_stems","south","Smilax_rotundifolia","0"
313,"large_woody_stems","south","Sassafras_albidum","2"
313,"large_woody_stems","south","Acer_rubrum","7"
313,"large_woody_stems","south","Quercus_montana","9"
313,"large_woody_stems","south","Nyssa_sylvatica","3"
313,"large_woody_stems","south","Amelanchier_spp","1"
313,"large_woody_stems","south","Pinus_rigida","1"
314,"basalarea","none","Pinus_strobus","9"
314,"basalarea","none","Picea_abies","6"
314,"snag","none","snag","0"
314,"basalarea_edge","none","nodata","4"
314,"small_woody_stems","north","Vaccinium_pallidum","1"
314,"small_woody_stems","north","Gaylussacia_baccata","1"
314,"small_woody_stems","north","Vaccinium_membranaceum","0"
314,"small_woody_stems","north","Pinus_strobus","0"
314,"medium_woody_stems","north","Vaccinium_pallidum","0"
314,"medium_woody_stems","north","Gaylussacia_baccata","0"
314,"medium_woody_stems","north","Vaccinium_membranaceum","0"
314,"medium_woody_stems","north","Pinus_strobus","0"
314,"large_woody_stems","north","Vaccinium_pallidum","0"
314,"large_woody_stems","north","Gaylussacia_baccata","0"
314,"large_woody_stems","north","Vaccinium_membranaceum","0"
314,"large_woody_stems","north","Pinus_strobus","0"
314,"small_woody_stems","south","Vaccinium_pallidum","2"
314,"small_woody_stems","south","Gaylussacia_baccata","0"
314,"small_woody_stems","south","Vaccinium_membranaceum","4"
314,"small_woody_stems","south","Pinus_strobus","2"
314,"medium_woody_stems","south","Vaccinium_pallidum","0"
314,"medium_woody_stems","south","Gaylussacia_baccata","0"
314,"medium_woody_stems","south","Vaccinium_membranaceum","0"
314,"medium_woody_stems","south","Pinus_strobus","3"
314,"large_woody_stems","south","Vaccinium_pallidum","0"
314,"large_woody_stems","south","Gaylussacia_baccata","0"
314,"large_woody_stems","south","Vaccinium_membranaceum","0"
314,"large_woody_stems","south","Pinus_strobus","4"
315,"basalarea","none","Nyssa_sylvatica","1"
315,"basalarea","none","Pinus_strobus","1"
315,"basalarea","none","Quercus_montana","3"
315,"snag","none","snag","2"
315,"basalarea_edge","none","nodata","5"
315,"small_woody_stems","north","Gaylussacia_baccata","10"
315,"small_woody_stems","north","Kalmia_latifolia","4"
315,"small_woody_stems","north","Vaccinium_pallidum","3"
315,"medium_woody_stems","north","Gaylussacia_baccata","19"
315,"medium_woody_stems","north","Kalmia_latifolia","7"
315,"medium_woody_stems","north","Vaccinium_pallidum","0"
315,"large_woody_stems","north","Gaylussacia_baccata","0"
315,"large_woody_stems","north","Kalmia_latifolia","1"
315,"large_woody_stems","north","Vaccinium_pallidum","0"
315,"small_woody_stems","south","Gaylussacia_baccata","12"
315,"small_woody_stems","south","Kalmia_latifolia","1"
315,"small_woody_stems","south","Vaccinium_pallidum","2"
315,"medium_woody_stems","south","Gaylussacia_baccata","19"
315,"medium_woody_stems","south","Kalmia_latifolia","9"
315,"medium_woody_stems","south","Vaccinium_pallidum","0"
315,"large_woody_stems","south","Gaylussacia_baccata","0"
315,"large_woody_stems","south","Kalmia_latifolia","9"
315,"large_woody_stems","south","Vaccinium_pallidum","0"
316,"basalarea","none","Pinus_strobus","2"
316,"basalarea","none","Quercus_montana","4"
316,"snag","none","snag","4"
316,"basalarea_edge","none","nodata","3"
316,"small_woody_stems","north","Kalmia_latifolia","8"
316,"small_woody_stems","north","Gaylussacia_baccata","17"
316,"small_woody_stems","north","Nyssa_sylvatica","0"
316,"small_woody_stems","north","Vaccinium_pallidum","5"
316,"small_woody_stems","north","Pinus_strobus","0"
316,"medium_woody_stems","north","Kalmia_latifolia","10"
316,"medium_woody_stems","north","Gaylussacia_baccata","4"
316,"medium_woody_stems","north","Nyssa_sylvatica","0"
316,"medium_woody_stems","north","Vaccinium_pallidum","3"
316,"medium_woody_stems","north","Pinus_strobus","0"
316,"large_woody_stems","north","Kalmia_latifolia","7"
316,"large_woody_stems","north","Gaylussacia_baccata","0"
316,"large_woody_stems","north","Nyssa_sylvatica","1"
316,"large_woody_stems","north","Vaccinium_pallidum","0"
316,"large_woody_stems","north","Pinus_strobus","1"
316,"small_woody_stems","south","Kalmia_latifolia","2"
316,"small_woody_stems","south","Gaylussacia_baccata","42"
316,"small_woody_stems","south","Nyssa_sylvatica","0"
316,"small_woody_stems","south","Vaccinium_pallidum","0"
316,"small_woody_stems","south","Pinus_strobus","0"
316,"medium_woody_stems","south","Kalmia_latifolia","6"
316,"medium_woody_stems","south","Gaylussacia_baccata","11"
316,"medium_woody_stems","south","Nyssa_sylvatica","0"
316,"medium_woody_stems","south","Vaccinium_pallidum","0"
316,"medium_woody_stems","south","Pinus_strobus","0"
316,"large_woody_stems","south","Kalmia_latifolia","3"
316,"large_woody_stems","south","Gaylussacia_baccata","0"
316,"large_woody_stems","south","Nyssa_sylvatica","0"
316,"large_woody_stems","south","Vaccinium_pallidum","0"
316,"large_woody_stems","south","Pinus_strobus","0"
317,"basalarea","none","Pinus_strobus","10"
317,"basalarea","none","Acer_rubrum","1"
317,"snag","none","snag","1"
317,"basalarea_edge","none","nodata","0"
317,"small_woody_stems","north","Pinus_strobus","0"
317,"small_woody_stems","north","Acer_rubrum","0"
317,"small_woody_stems","north","Vaccinium_pallidum","1"
317,"small_woody_stems","north","Gaylussacia_baccata","0"
317,"small_woody_stems","north","Kalmia_latifolia","0"
317,"medium_woody_stems","north","Pinus_strobus","0"
317,"medium_woody_stems","north","Acer_rubrum","0"
317,"medium_woody_stems","north","Vaccinium_pallidum","0"
317,"medium_woody_stems","north","Gaylussacia_baccata","0"
317,"medium_woody_stems","north","Kalmia_latifolia","0"
317,"large_woody_stems","north","Pinus_strobus","10"
317,"large_woody_stems","north","Acer_rubrum","1"
317,"large_woody_stems","north","Vaccinium_pallidum","0"
317,"large_woody_stems","north","Gaylussacia_baccata","0"
317,"large_woody_stems","north","Kalmia_latifolia","0"
317,"small_woody_stems","south","Pinus_strobus","1"
317,"small_woody_stems","south","Acer_rubrum","0"
317,"small_woody_stems","south","Vaccinium_pallidum","3"
317,"small_woody_stems","south","Gaylussacia_baccata","8"
317,"small_woody_stems","south","Kalmia_latifolia","1"
317,"medium_woody_stems","south","Pinus_strobus","0"
317,"medium_woody_stems","south","Acer_rubrum","0"
317,"medium_woody_stems","south","Vaccinium_pallidum","0"
317,"medium_woody_stems","south","Gaylussacia_baccata","0"
317,"medium_woody_stems","south","Kalmia_latifolia","0"
317,"large_woody_stems","south","Pinus_strobus","0"
317,"large_woody_stems","south","Acer_rubrum","10"
317,"large_woody_stems","south","Vaccinium_pallidum","0"
317,"large_woody_stems","south","Gaylussacia_baccata","0"
317,"large_woody_stems","south","Kalmia_latifolia","0"
318,"basalarea","none","Nyssa_sylvatica","2"
318,"basalarea","none","Quercus_montana","1"
318,"basalarea","none","Pinus_strobus","1"
318,"basalarea","none","Picea_abies","3"
318,"snag","none","snag","0"
318,"basalarea_edge","none","nodata","0"
318,"small_woody_stems","north","Gaylussacia_baccata","26"
318,"small_woody_stems","north","Kalmia_latifolia","0"
318,"small_woody_stems","north","Picea_abies","0"
318,"small_woody_stems","north","Vaccinium_pallidum","1"
318,"small_woody_stems","north","Acer_rubrum","0"
318,"small_woody_stems","north","Pinus_strobus","0"
318,"medium_woody_stems","north","Gaylussacia_baccata","4"
318,"medium_woody_stems","north","Kalmia_latifolia","1"
318,"medium_woody_stems","north","Picea_abies","0"
318,"medium_woody_stems","north","Vaccinium_pallidum","0"
318,"medium_woody_stems","north","Acer_rubrum","0"
318,"medium_woody_stems","north","Pinus_strobus","0"
318,"large_woody_stems","north","Gaylussacia_baccata","0"
318,"large_woody_stems","north","Kalmia_latifolia","0"
318,"large_woody_stems","north","Picea_abies","1"
318,"large_woody_stems","north","Vaccinium_pallidum","0"
318,"large_woody_stems","north","Acer_rubrum","0"
318,"large_woody_stems","north","Pinus_strobus","0"
318,"small_woody_stems","south","Gaylussacia_baccata","2"
318,"small_woody_stems","south","Kalmia_latifolia","1"
318,"small_woody_stems","south","Picea_abies","0"
318,"small_woody_stems","south","Vaccinium_pallidum","0"
318,"small_woody_stems","south","Acer_rubrum","0"
318,"small_woody_stems","south","Pinus_strobus","0"
318,"medium_woody_stems","south","Gaylussacia_baccata","0"
318,"medium_woody_stems","south","Kalmia_latifolia","1"
318,"medium_woody_stems","south","Picea_abies","0"
318,"medium_woody_stems","south","Vaccinium_pallidum","0"
318,"medium_woody_stems","south","Acer_rubrum","0"
318,"medium_woody_stems","south","Pinus_strobus","0"
318,"large_woody_stems","south","Gaylussacia_baccata","0"
318,"large_woody_stems","south","Kalmia_latifolia","0"
318,"large_woody_stems","south","Picea_abies","0"
318,"large_woody_stems","south","Vaccinium_pallidum","0"
318,"large_woody_stems","south","Acer_rubrum","6"
318,"large_woody_stems","south","Pinus_strobus","4"
319,"basalarea","none","Pinus_strobus","1"
319,"basalarea","none","Acer_rubrum","3"
319,"snag","none","snag","7"
319,"basalarea_edge","none","nodata","2"
319,"small_woody_stems","north","Gaylussacia_baccata","35"
319,"small_woody_stems","north","Vaccinium_angustifolium","1"
319,"small_woody_stems","north","Kalmia_latifolia","2"
319,"small_woody_stems","north","Vaccinium_pallidum","1"
319,"small_woody_stems","north","Amelanchier_spp","1"
319,"small_woody_stems","north","Gaylussacia_frondosa","0"
319,"medium_woody_stems","north","Gaylussacia_baccata","0"
319,"medium_woody_stems","north","Vaccinium_angustifolium","0"
319,"medium_woody_stems","north","Kalmia_latifolia","4"
319,"medium_woody_stems","north","Vaccinium_pallidum","0"
319,"medium_woody_stems","north","Amelanchier_spp","0"
319,"medium_woody_stems","north","Gaylussacia_frondosa","0"
319,"large_woody_stems","north","Gaylussacia_baccata","0"
319,"large_woody_stems","north","Vaccinium_angustifolium","0"
319,"large_woody_stems","north","Kalmia_latifolia","3"
319,"large_woody_stems","north","Vaccinium_pallidum","0"
319,"large_woody_stems","north","Amelanchier_spp","0"
319,"large_woody_stems","north","Gaylussacia_frondosa","0"
319,"small_woody_stems","south","Gaylussacia_baccata","16"
319,"small_woody_stems","south","Vaccinium_angustifolium","2"
319,"small_woody_stems","south","Kalmia_latifolia","15"
319,"small_woody_stems","south","Vaccinium_pallidum","2"
319,"small_woody_stems","south","Amelanchier_spp","0"
319,"small_woody_stems","south","Gaylussacia_frondosa","2"
319,"medium_woody_stems","south","Gaylussacia_baccata","0"
319,"medium_woody_stems","south","Vaccinium_angustifolium","0"
319,"medium_woody_stems","south","Kalmia_latifolia","3"
319,"medium_woody_stems","south","Vaccinium_pallidum","0"
319,"medium_woody_stems","south","Amelanchier_spp","0"
319,"medium_woody_stems","south","Gaylussacia_frondosa","0"
319,"large_woody_stems","south","Gaylussacia_baccata","0"
319,"large_woody_stems","south","Vaccinium_angustifolium","0"
319,"large_woody_stems","south","Kalmia_latifolia","1"
319,"large_woody_stems","south","Vaccinium_pallidum","0"
319,"large_woody_stems","south","Amelanchier_spp","0"
319,"large_woody_stems","south","Gaylussacia_frondosa","0"
320,"basalarea","none","Nyssa_sylvatica","3"
320,"basalarea","none","Quercus_montana","5"
320,"snag","none","snag","4"
320,"basalarea_edge","none","nodata","2"
320,"small_woody_stems","north","Vaccinium_pallidum","13"
320,"small_woody_stems","north","Gaylussacia_baccata","25"
320,"small_woody_stems","north","Kalmia_latifolia","2"
320,"small_woody_stems","north","Smilax_rotundifolia","0"
320,"medium_woody_stems","north","Vaccinium_pallidum","0"
320,"medium_woody_stems","north","Gaylussacia_baccata","0"
320,"medium_woody_stems","north","Kalmia_latifolia","4"
320,"medium_woody_stems","north","Smilax_rotundifolia","0"
320,"large_woody_stems","north","Vaccinium_pallidum","0"
320,"large_woody_stems","north","Gaylussacia_baccata","0"
320,"large_woody_stems","north","Kalmia_latifolia","4"
320,"large_woody_stems","north","Smilax_rotundifolia","0"
320,"small_woody_stems","south","Vaccinium_pallidum","3"
320,"small_woody_stems","south","Gaylussacia_baccata","25"
320,"small_woody_stems","south","Kalmia_latifolia","12"
320,"small_woody_stems","south","Smilax_rotundifolia","1"
320,"medium_woody_stems","south","Vaccinium_pallidum","0"
320,"medium_woody_stems","south","Gaylussacia_baccata","6"
320,"medium_woody_stems","south","Kalmia_latifolia","8"
320,"medium_woody_stems","south","Smilax_rotundifolia","3"
320,"large_woody_stems","south","Vaccinium_pallidum","0"
320,"large_woody_stems","south","Gaylussacia_baccata","0"
320,"large_woody_stems","south","Kalmia_latifolia","0"
320,"large_woody_stems","south","Smilax_rotundifolia","0"
321,"basalarea","none","Nyssa_sylvatica","6"
321,"basalarea","none","Quercus_rubra","1"
321,"basalarea","none","Quercus_montana","1"
321,"snag","none","snag","6"
321,"basalarea_edge","none","nodata","1"
321,"small_woody_stems","north","Kalmia_latifolia","7"
321,"small_woody_stems","north","Gaylussacia_baccata","60"
321,"small_woody_stems","north","Vaccinium_pallidum","14"
321,"medium_woody_stems","north","Kalmia_latifolia","4"
321,"medium_woody_stems","north","Gaylussacia_baccata","0"
321,"medium_woody_stems","north","Vaccinium_pallidum","0"
321,"large_woody_stems","north","Kalmia_latifolia","1"
321,"large_woody_stems","north","Gaylussacia_baccata","0"
321,"large_woody_stems","north","Vaccinium_pallidum","0"
321,"small_woody_stems","south","Kalmia_latifolia","7"
321,"small_woody_stems","south","Gaylussacia_baccata","22"
321,"small_woody_stems","south","Vaccinium_pallidum","4"
321,"medium_woody_stems","south","Kalmia_latifolia","11"
321,"medium_woody_stems","south","Gaylussacia_baccata","1"
321,"medium_woody_stems","south","Vaccinium_pallidum","0"
321,"large_woody_stems","south","Kalmia_latifolia","2"
321,"large_woody_stems","south","Gaylussacia_baccata","0"
321,"large_woody_stems","south","Vaccinium_pallidum","0"
322,"basalarea","none","Nyssa_sylvatica","1"
322,"basalarea","none","Quercus_rubra","1"
322,"snag","none","snag","3"
322,"basalarea_edge","none","nodata","0"
322,"small_woody_stems","north","Kalmia_latifolia","16"
322,"small_woody_stems","north","Hamamelis_virginiana","0"
322,"small_woody_stems","north","Nyssa_sylvatica","0"
322,"small_woody_stems","north","Gaylussacia_baccata","0"
322,"small_woody_stems","north","Vaccinium_pallidum","0"
322,"small_woody_stems","north","Lygonia_ligustrina","0"
322,"medium_woody_stems","north","Kalmia_latifolia","12"
322,"medium_woody_stems","north","Hamamelis_virginiana","0"
322,"medium_woody_stems","north","Nyssa_sylvatica","0"
322,"medium_woody_stems","north","Gaylussacia_baccata","0"
322,"medium_woody_stems","north","Vaccinium_pallidum","0"
322,"medium_woody_stems","north","Lygonia_ligustrina","0"
322,"large_woody_stems","north","Kalmia_latifolia","6"
322,"large_woody_stems","north","Hamamelis_virginiana","5"
322,"large_woody_stems","north","Nyssa_sylvatica","1"
322,"large_woody_stems","north","Gaylussacia_baccata","0"
322,"large_woody_stems","north","Vaccinium_pallidum","0"
322,"large_woody_stems","north","Lygonia_ligustrina","0"
322,"small_woody_stems","south","Kalmia_latifolia","9"
322,"small_woody_stems","south","Hamamelis_virginiana","0"
322,"small_woody_stems","south","Nyssa_sylvatica","0"
322,"small_woody_stems","south","Gaylussacia_baccata","9"
322,"small_woody_stems","south","Vaccinium_pallidum","3"
322,"small_woody_stems","south","Lygonia_ligustrina","1"
322,"medium_woody_stems","south","Kalmia_latifolia","10"
322,"medium_woody_stems","south","Hamamelis_virginiana","0"
322,"medium_woody_stems","south","Nyssa_sylvatica","0"
322,"medium_woody_stems","south","Gaylussacia_baccata","0"
322,"medium_woody_stems","south","Vaccinium_pallidum","0"
322,"medium_woody_stems","south","Lygonia_ligustrina","0"
322,"large_woody_stems","south","Kalmia_latifolia","5"
322,"large_woody_stems","south","Hamamelis_virginiana","0"
322,"large_woody_stems","south","Nyssa_sylvatica","0"
322,"large_woody_stems","south","Gaylussacia_baccata","0"
322,"large_woody_stems","south","Vaccinium_pallidum","0"
322,"large_woody_stems","south","Lygonia_ligustrina","0"
323,"basalarea","none","Pinus_rigida","2"
323,"basalarea","none","Sassafras_albidum","1"
323,"basalarea","none","Quercus_montana","1"
323,"basalarea","none","Nyssa_sylvatica","1"
323,"snag","none","snag","0"
323,"basalarea_edge","none","nodata","4"
323,"small_woody_stems","north","Gaylussacia_baccata","18"
323,"small_woody_stems","north","Vaccinium_stamineum","6"
323,"small_woody_stems","north","Kalmia_latifolia","2"
323,"small_woody_stems","north","Vaccinium_pallidum","2"
323,"small_woody_stems","north","Acer_rubrum","0"
323,"medium_woody_stems","north","Gaylussacia_baccata","0"
323,"medium_woody_stems","north","Vaccinium_stamineum","4"
323,"medium_woody_stems","north","Kalmia_latifolia","5"
323,"medium_woody_stems","north","Vaccinium_pallidum","0"
323,"medium_woody_stems","north","Acer_rubrum","0"
323,"large_woody_stems","north","Gaylussacia_baccata","0"
323,"large_woody_stems","north","Vaccinium_stamineum","0"
323,"large_woody_stems","north","Kalmia_latifolia","5"
323,"large_woody_stems","north","Vaccinium_pallidum","0"
323,"large_woody_stems","north","Acer_rubrum","0"
323,"small_woody_stems","south","Gaylussacia_baccata","31"
323,"small_woody_stems","south","Vaccinium_stamineum","7"
323,"small_woody_stems","south","Kalmia_latifolia","3"
323,"small_woody_stems","south","Vaccinium_pallidum","3"
323,"small_woody_stems","south","Acer_rubrum","1"
323,"medium_woody_stems","south","Gaylussacia_baccata","0"
323,"medium_woody_stems","south","Vaccinium_stamineum","0"
323,"medium_woody_stems","south","Kalmia_latifolia","7"
323,"medium_woody_stems","south","Vaccinium_pallidum","0"
323,"medium_woody_stems","south","Acer_rubrum","0"
323,"large_woody_stems","south","Gaylussacia_baccata","0"
323,"large_woody_stems","south","Vaccinium_stamineum","0"
323,"large_woody_stems","south","Kalmia_latifolia","4"
323,"large_woody_stems","south","Vaccinium_pallidum","0"
323,"large_woody_stems","south","Acer_rubrum","0"
324,"snag","none","snag","0"
324,"basalarea_edge","none","nodata","0"
324,"small_woody_stems","north","Carpinus_caroliniana","4"
324,"medium_woody_stems","north","Carpinus_caroliniana","0"
324,"large_woody_stems","north","Carpinus_caroliniana","11"
324,"small_woody_stems","south","Carpinus_caroliniana","4"
324,"medium_woody_stems","south","Carpinus_caroliniana","0"
324,"large_woody_stems","south","Carpinus_caroliniana","1"
325,"basalarea","none","Nyssa_sylvatica","9"
325,"basalarea","none","Acer_rubrum","1"
325,"basalarea","none","Pinus_rigida","1"
325,"snag","none","snag","4"
325,"basalarea_edge","none","nodata","8"
325,"small_woody_stems","north","Vaccinium_pallidum","10"
325,"small_woody_stems","north","Pinus_rigida","0"
325,"small_woody_stems","north","Kalmia_latifolia","0"
325,"small_woody_stems","north","Acer_rubrum","0"
325,"small_woody_stems","north","Nyssa_sylvatica","0"
325,"medium_woody_stems","north","Vaccinium_pallidum","1"
325,"medium_woody_stems","north","Pinus_rigida","0"
325,"medium_woody_stems","north","Kalmia_latifolia","0"
325,"medium_woody_stems","north","Acer_rubrum","0"
325,"medium_woody_stems","north","Nyssa_sylvatica","0"
325,"large_woody_stems","north","Vaccinium_pallidum","0"
325,"large_woody_stems","north","Pinus_rigida","0"
325,"large_woody_stems","north","Kalmia_latifolia","0"
325,"large_woody_stems","north","Acer_rubrum","6"
325,"large_woody_stems","north","Nyssa_sylvatica","4"
325,"small_woody_stems","south","Vaccinium_pallidum","13"
325,"small_woody_stems","south","Pinus_rigida","1"
325,"small_woody_stems","south","Kalmia_latifolia","0"
325,"small_woody_stems","south","Acer_rubrum","0"
325,"small_woody_stems","south","Nyssa_sylvatica","0"
325,"medium_woody_stems","south","Vaccinium_pallidum","0"
325,"medium_woody_stems","south","Pinus_rigida","1"
325,"medium_woody_stems","south","Kalmia_latifolia","1"
325,"medium_woody_stems","south","Acer_rubrum","0"
325,"medium_woody_stems","south","Nyssa_sylvatica","0"
325,"large_woody_stems","south","Vaccinium_pallidum","0"
325,"large_woody_stems","south","Pinus_rigida","0"
325,"large_woody_stems","south","Kalmia_latifolia","1"
325,"large_woody_stems","south","Acer_rubrum","1"
325,"large_woody_stems","south","Nyssa_sylvatica","1"
326,"basalarea","none","Quercus_montana","2"
326,"snag","none","snag","0"
326,"basalarea_edge","none","nodata","0"
326,"small_woody_stems","north","Acer_rubrum","4"
326,"small_woody_stems","north","Kalmia_latifolia","3"
326,"small_woody_stems","north","Vaccinium_pallidum","14"
326,"small_woody_stems","north","Vaccinium_angustifolium","2"
326,"small_woody_stems","north","Pinus_rigida","1"
326,"small_woody_stems","north","Gaylussacia_baccata","16"
326,"small_woody_stems","north","Amelanchier_spp","1"
326,"small_woody_stems","north","Smilax_rotundifolia","0"
326,"medium_woody_stems","north","Acer_rubrum","0"
326,"medium_woody_stems","north","Kalmia_latifolia","5"
326,"medium_woody_stems","north","Vaccinium_pallidum","1"
326,"medium_woody_stems","north","Vaccinium_angustifolium","0"
326,"medium_woody_stems","north","Pinus_rigida","0"
326,"medium_woody_stems","north","Gaylussacia_baccata","0"
326,"medium_woody_stems","north","Amelanchier_spp","0"
326,"medium_woody_stems","north","Smilax_rotundifolia","2"
326,"large_woody_stems","north","Acer_rubrum","4"
326,"large_woody_stems","north","Kalmia_latifolia","2"
326,"large_woody_stems","north","Vaccinium_pallidum","2"
326,"large_woody_stems","north","Vaccinium_angustifolium","0"
326,"large_woody_stems","north","Pinus_rigida","1"
326,"large_woody_stems","north","Gaylussacia_baccata","0"
326,"large_woody_stems","north","Amelanchier_spp","0"
326,"large_woody_stems","north","Smilax_rotundifolia","0"
326,"small_woody_stems","south","Acer_rubrum","1"
326,"small_woody_stems","south","Kalmia_latifolia","4"
326,"small_woody_stems","south","Vaccinium_pallidum","9"
326,"small_woody_stems","south","Vaccinium_angustifolium","0"
326,"small_woody_stems","south","Pinus_rigida","0"
326,"small_woody_stems","south","Gaylussacia_baccata","40"
326,"small_woody_stems","south","Amelanchier_spp","0"
326,"small_woody_stems","south","Smilax_rotundifolia","0"
326,"medium_woody_stems","south","Acer_rubrum","0"
326,"medium_woody_stems","south","Kalmia_latifolia","3"
326,"medium_woody_stems","south","Vaccinium_pallidum","0"
326,"medium_woody_stems","south","Vaccinium_angustifolium","0"
326,"medium_woody_stems","south","Pinus_rigida","1"
326,"medium_woody_stems","south","Gaylussacia_baccata","0"
326,"medium_woody_stems","south","Amelanchier_spp","0"
326,"medium_woody_stems","south","Smilax_rotundifolia","0"
326,"large_woody_stems","south","Acer_rubrum","3"
326,"large_woody_stems","south","Kalmia_latifolia","0"
326,"large_woody_stems","south","Vaccinium_pallidum","0"
326,"large_woody_stems","south","Vaccinium_angustifolium","0"
326,"large_woody_stems","south","Pinus_rigida","7"
326,"large_woody_stems","south","Gaylussacia_baccata","0"
326,"large_woody_stems","south","Amelanchier_spp","0"
326,"large_woody_stems","south","Smilax_rotundifolia","0"
327,"basalarea","none","Quercus_montana","1"
327,"basalarea","none","Pinus_rigida","0"
327,"snag","none","snag","0"
327,"basalarea_edge","none","nodata","3"
327,"small_woody_stems","north","Vaccinium_angustifolium","1"
327,"small_woody_stems","north","Acer_rubrum","18"
327,"small_woody_stems","north","Gaylussacia_baccata","62"
327,"small_woody_stems","north","Vaccinium_pallidum","1"
327,"small_woody_stems","north","Smilax_rotundifolia","1"
327,"small_woody_stems","north","Sassafras_albidum","0"
327,"small_woody_stems","north","Kalmia_latifolia","0"
327,"small_woody_stems","north","Amelanchier_spp","0"
327,"medium_woody_stems","north","Vaccinium_angustifolium","0"
327,"medium_woody_stems","north","Acer_rubrum","9"
327,"medium_woody_stems","north","Gaylussacia_baccata","0"
327,"medium_woody_stems","north","Vaccinium_pallidum","0"
327,"medium_woody_stems","north","Smilax_rotundifolia","0"
327,"medium_woody_stems","north","Sassafras_albidum","1"
327,"medium_woody_stems","north","Kalmia_latifolia","0"
327,"medium_woody_stems","north","Amelanchier_spp","0"
327,"large_woody_stems","north","Vaccinium_angustifolium","0"
327,"large_woody_stems","north","Acer_rubrum","3"
327,"large_woody_stems","north","Gaylussacia_baccata","0"
327,"large_woody_stems","north","Vaccinium_pallidum","0"
327,"large_woody_stems","north","Smilax_rotundifolia","0"
327,"large_woody_stems","north","Sassafras_albidum","0"
327,"large_woody_stems","north","Kalmia_latifolia","1"
327,"large_woody_stems","north","Amelanchier_spp","6"
327,"small_woody_stems","south","Vaccinium_angustifolium","0"
327,"small_woody_stems","south","Acer_rubrum","14"
327,"small_woody_stems","south","Gaylussacia_baccata","32"
327,"small_woody_stems","south","Vaccinium_pallidum","0"
327,"small_woody_stems","south","Smilax_rotundifolia","0"
327,"small_woody_stems","south","Sassafras_albidum","3"
327,"small_woody_stems","south","Kalmia_latifolia","0"
327,"small_woody_stems","south","Amelanchier_spp","0"
327,"medium_woody_stems","south","Vaccinium_angustifolium","0"
327,"medium_woody_stems","south","Acer_rubrum","9"
327,"medium_woody_stems","south","Gaylussacia_baccata","0"
327,"medium_woody_stems","south","Vaccinium_pallidum","0"
327,"medium_woody_stems","south","Smilax_rotundifolia","0"
327,"medium_woody_stems","south","Sassafras_albidum","0"
327,"medium_woody_stems","south","Kalmia_latifolia","0"
327,"medium_woody_stems","south","Amelanchier_spp","0"
327,"large_woody_stems","south","Vaccinium_angustifolium","0"
327,"large_woody_stems","south","Acer_rubrum","2"
327,"large_woody_stems","south","Gaylussacia_baccata","0"
327,"large_woody_stems","south","Vaccinium_pallidum","0"
327,"large_woody_stems","south","Smilax_rotundifolia","0"
327,"large_woody_stems","south","Sassafras_albidum","0"
327,"large_woody_stems","south","Kalmia_latifolia","0"
327,"large_woody_stems","south","Amelanchier_spp","0"
328,"basalarea","none","Pinus_rigida","2"
328,"basalarea","none","Nyssa_sylvatica","2"
328,"snag","none","snag","0"
328,"basalarea_edge","none","nodata","2"
328,"small_woody_stems","north","Nyssa_sylvatica","7"
328,"small_woody_stems","north","Gaylussacia_baccata","39"
328,"small_woody_stems","north","Acer_rubrum","13"
328,"small_woody_stems","north","Vaccinium_pallidum","15"
328,"small_woody_stems","north","Pinus_rigida","1"
328,"small_woody_stems","north","Sassafras_albidum","1"
328,"small_woody_stems","north","Quercus_ilicifolia","0"
328,"small_woody_stems","north","Vaccinium_stamineum","0"
328,"small_woody_stems","north","Amelanchier_spp","0"
328,"small_woody_stems","north","Quercus_montana","0"
328,"small_woody_stems","north","Vaccinium_membranaceum","0"
328,"medium_woody_stems","north","Nyssa_sylvatica","6"
328,"medium_woody_stems","north","Gaylussacia_baccata","0"
328,"medium_woody_stems","north","Acer_rubrum","2"
328,"medium_woody_stems","north","Vaccinium_pallidum","0"
328,"medium_woody_stems","north","Pinus_rigida","1"
328,"medium_woody_stems","north","Sassafras_albidum","0"
328,"medium_woody_stems","north","Quercus_ilicifolia","0"
328,"medium_woody_stems","north","Vaccinium_stamineum","0"
328,"medium_woody_stems","north","Amelanchier_spp","0"
328,"medium_woody_stems","north","Quercus_montana","0"
328,"medium_woody_stems","north","Vaccinium_membranaceum","0"
328,"large_woody_stems","north","Nyssa_sylvatica","10"
328,"large_woody_stems","north","Gaylussacia_baccata","0"
328,"large_woody_stems","north","Acer_rubrum","1"
328,"large_woody_stems","north","Vaccinium_pallidum","0"
328,"large_woody_stems","north","Pinus_rigida","1"
328,"large_woody_stems","north","Sassafras_albidum","0"
328,"large_woody_stems","north","Quercus_ilicifolia","1"
328,"large_woody_stems","north","Vaccinium_stamineum","0"
328,"large_woody_stems","north","Amelanchier_spp","0"
328,"large_woody_stems","north","Quercus_montana","0"
328,"large_woody_stems","north","Vaccinium_membranaceum","0"
328,"small_woody_stems","south","Nyssa_sylvatica","2"
328,"small_woody_stems","south","Gaylussacia_baccata","46"
328,"small_woody_stems","south","Acer_rubrum","2"
328,"small_woody_stems","south","Vaccinium_pallidum","7"
328,"small_woody_stems","south","Pinus_rigida","0"
328,"small_woody_stems","south","Sassafras_albidum","1"
328,"small_woody_stems","south","Quercus_ilicifolia","0"
328,"small_woody_stems","south","Vaccinium_stamineum","3"
328,"small_woody_stems","south","Amelanchier_spp","1"
328,"small_woody_stems","south","Quercus_montana","0"
328,"small_woody_stems","south","Vaccinium_membranaceum","0"
328,"medium_woody_stems","south","Nyssa_sylvatica","11"
328,"medium_woody_stems","south","Gaylussacia_baccata","0"
328,"medium_woody_stems","south","Acer_rubrum","2"
328,"medium_woody_stems","south","Vaccinium_pallidum","0"
328,"medium_woody_stems","south","Pinus_rigida","2"
328,"medium_woody_stems","south","Sassafras_albidum","2"
328,"medium_woody_stems","south","Quercus_ilicifolia","0"
328,"medium_woody_stems","south","Vaccinium_stamineum","0"
328,"medium_woody_stems","south","Amelanchier_spp","1"
328,"medium_woody_stems","south","Quercus_montana","1"
328,"medium_woody_stems","south","Vaccinium_membranaceum","3"
328,"large_woody_stems","south","Nyssa_sylvatica","4"
328,"large_woody_stems","south","Gaylussacia_baccata","0"
328,"large_woody_stems","south","Acer_rubrum","9"
328,"large_woody_stems","south","Vaccinium_pallidum","0"
328,"large_woody_stems","south","Pinus_rigida","11"
328,"large_woody_stems","south","Sassafras_albidum","5"
328,"large_woody_stems","south","Quercus_ilicifolia","0"
328,"large_woody_stems","south","Vaccinium_stamineum","0"
328,"large_woody_stems","south","Amelanchier_spp","4"
328,"large_woody_stems","south","Quercus_montana","1"
328,"large_woody_stems","south","Vaccinium_membranaceum","0"
329,"basalarea","none","Acer_rubrum","1"
329,"basalarea","none","Nyssa_sylvatica","2"
329,"snag","none","snag","2"
329,"basalarea_edge","none","nodata","4"
329,"small_woody_stems","north","Vaccinium_pallidum","38"
329,"small_woody_stems","north","Gaylussacia_baccata","27"
329,"small_woody_stems","north","Acer_rubrum","1"
329,"small_woody_stems","north","Quercus_rubra","1"
329,"small_woody_stems","north","Sassafras_albidum","0"
329,"small_woody_stems","north","Pinus_rigida","0"
329,"medium_woody_stems","north","Vaccinium_pallidum","0"
329,"medium_woody_stems","north","Gaylussacia_baccata","0"
329,"medium_woody_stems","north","Acer_rubrum","0"
329,"medium_woody_stems","north","Quercus_rubra","0"
329,"medium_woody_stems","north","Sassafras_albidum","0"
329,"medium_woody_stems","north","Pinus_rigida","0"
329,"large_woody_stems","north","Vaccinium_pallidum","0"
329,"large_woody_stems","north","Gaylussacia_baccata","0"
329,"large_woody_stems","north","Acer_rubrum","0"
329,"large_woody_stems","north","Quercus_rubra","0"
329,"large_woody_stems","north","Sassafras_albidum","1"
329,"large_woody_stems","north","Pinus_rigida","0"
329,"small_woody_stems","south","Vaccinium_pallidum","21"
329,"small_woody_stems","south","Gaylussacia_baccata","0"
329,"small_woody_stems","south","Acer_rubrum","0"
329,"small_woody_stems","south","Quercus_rubra","0"
329,"small_woody_stems","south","Sassafras_albidum","0"
329,"small_woody_stems","south","Pinus_rigida","1"
329,"medium_woody_stems","south","Vaccinium_pallidum","0"
329,"medium_woody_stems","south","Gaylussacia_baccata","0"
329,"medium_woody_stems","south","Acer_rubrum","0"
329,"medium_woody_stems","south","Quercus_rubra","0"
329,"medium_woody_stems","south","Sassafras_albidum","0"
329,"medium_woody_stems","south","Pinus_rigida","0"
329,"large_woody_stems","south","Vaccinium_pallidum","0"
329,"large_woody_stems","south","Gaylussacia_baccata","0"
329,"large_woody_stems","south","Acer_rubrum","3"
329,"large_woody_stems","south","Quercus_rubra","0"
329,"large_woody_stems","south","Sassafras_albidum","0"
329,"large_woody_stems","south","Pinus_rigida","0"
330,"basalarea","none","Acer_rubrum","0"
330,"basalarea","none","Quercus_montana","1"
330,"snag","none","snag","4"
330,"basalarea_edge","none","nodata","9"
330,"small_woody_stems","north","Vaccinium_pallidum","39"
330,"small_woody_stems","north","Smilax_rotundifolia","1"
330,"small_woody_stems","north","Nyssa_sylvatica","1"
330,"small_woody_stems","north","Vaccinium_angustifolium","1"
330,"small_woody_stems","north","Acer_rubrum","0"
330,"small_woody_stems","north","Gaylussacia_baccata","0"
330,"small_woody_stems","north","Pinus_rigida","0"
330,"medium_woody_stems","north","Vaccinium_pallidum","0"
330,"medium_woody_stems","north","Smilax_rotundifolia","0"
330,"medium_woody_stems","north","Nyssa_sylvatica","0"
330,"medium_woody_stems","north","Vaccinium_angustifolium","0"
330,"medium_woody_stems","north","Acer_rubrum","0"
330,"medium_woody_stems","north","Gaylussacia_baccata","0"
330,"medium_woody_stems","north","Pinus_rigida","0"
330,"large_woody_stems","north","Vaccinium_pallidum","0"
330,"large_woody_stems","north","Smilax_rotundifolia","0"
330,"large_woody_stems","north","Nyssa_sylvatica","0"
330,"large_woody_stems","north","Vaccinium_angustifolium","0"
330,"large_woody_stems","north","Acer_rubrum","3"
330,"large_woody_stems","north","Gaylussacia_baccata","0"
330,"large_woody_stems","north","Pinus_rigida","0"
330,"small_woody_stems","south","Vaccinium_pallidum","27"
330,"small_woody_stems","south","Smilax_rotundifolia","0"
330,"small_woody_stems","south","Nyssa_sylvatica","0"
330,"small_woody_stems","south","Vaccinium_angustifolium","0"
330,"small_woody_stems","south","Acer_rubrum","0"
330,"small_woody_stems","south","Gaylussacia_baccata","3"
330,"small_woody_stems","south","Pinus_rigida","3"
330,"medium_woody_stems","south","Vaccinium_pallidum","0"
330,"medium_woody_stems","south","Smilax_rotundifolia","0"
330,"medium_woody_stems","south","Nyssa_sylvatica","0"
330,"medium_woody_stems","south","Vaccinium_angustifolium","0"
330,"medium_woody_stems","south","Acer_rubrum","0"
330,"medium_woody_stems","south","Gaylussacia_baccata","0"
330,"medium_woody_stems","south","Pinus_rigida","1"
330,"large_woody_stems","south","Vaccinium_pallidum","0"
330,"large_woody_stems","south","Smilax_rotundifolia","0"
330,"large_woody_stems","south","Nyssa_sylvatica","0"
330,"large_woody_stems","south","Vaccinium_angustifolium","0"
330,"large_woody_stems","south","Acer_rubrum","3"
330,"large_woody_stems","south","Gaylussacia_baccata","0"
330,"large_woody_stems","south","Pinus_rigida","0"
331,"basalarea","none","Pinus_rigida","1"
331,"snag","none","snag","0"
331,"basalarea_edge","none","nodata","0"
331,"small_woody_stems","north","Acer_rubrum","2"
331,"small_woody_stems","north","Vaccinium_pallidum","12"
331,"small_woody_stems","north","Nyssa_sylvatica","8"
331,"small_woody_stems","north","Gaylussacia_baccata","7"
331,"small_woody_stems","north","Amelanchier_spp","1"
331,"small_woody_stems","north","Prunus_serotina","1"
331,"small_woody_stems","north","Pinus_rigida","0"
331,"small_woody_stems","north","Sassafras_albidum","0"
331,"small_woody_stems","north","Vaccinium_membranaceum","0"
331,"small_woody_stems","north","Betula_lenta","0"
331,"medium_woody_stems","north","Acer_rubrum","3"
331,"medium_woody_stems","north","Vaccinium_pallidum","2"
331,"medium_woody_stems","north","Nyssa_sylvatica","3"
331,"medium_woody_stems","north","Gaylussacia_baccata","0"
331,"medium_woody_stems","north","Amelanchier_spp","0"
331,"medium_woody_stems","north","Prunus_serotina","0"
331,"medium_woody_stems","north","Pinus_rigida","2"
331,"medium_woody_stems","north","Sassafras_albidum","1"
331,"medium_woody_stems","north","Vaccinium_membranaceum","1"
331,"medium_woody_stems","north","Betula_lenta","0"
331,"large_woody_stems","north","Acer_rubrum","10"
331,"large_woody_stems","north","Vaccinium_pallidum","0"
331,"large_woody_stems","north","Nyssa_sylvatica","4"
331,"large_woody_stems","north","Gaylussacia_baccata","0"
331,"large_woody_stems","north","Amelanchier_spp","0"
331,"large_woody_stems","north","Prunus_serotina","0"
331,"large_woody_stems","north","Pinus_rigida","4"
331,"large_woody_stems","north","Sassafras_albidum","0"
331,"large_woody_stems","north","Vaccinium_membranaceum","0"
331,"large_woody_stems","north","Betula_lenta","3"
331,"small_woody_stems","south","Acer_rubrum","1"
331,"small_woody_stems","south","Vaccinium_pallidum","10"
331,"small_woody_stems","south","Nyssa_sylvatica","1"
331,"small_woody_stems","south","Gaylussacia_baccata","0"
331,"small_woody_stems","south","Amelanchier_spp","0"
331,"small_woody_stems","south","Prunus_serotina","0"
331,"small_woody_stems","south","Pinus_rigida","0"
331,"small_woody_stems","south","Sassafras_albidum","0"
331,"small_woody_stems","south","Vaccinium_membranaceum","2"
331,"small_woody_stems","south","Betula_lenta","0"
331,"medium_woody_stems","south","Acer_rubrum","3"
331,"medium_woody_stems","south","Vaccinium_pallidum","0"
331,"medium_woody_stems","south","Nyssa_sylvatica","0"
331,"medium_woody_stems","south","Gaylussacia_baccata","0"
331,"medium_woody_stems","south","Amelanchier_spp","0"
331,"medium_woody_stems","south","Prunus_serotina","0"
331,"medium_woody_stems","south","Pinus_rigida","0"
331,"medium_woody_stems","south","Sassafras_albidum","0"
331,"medium_woody_stems","south","Vaccinium_membranaceum","0"
331,"medium_woody_stems","south","Betula_lenta","0"
331,"large_woody_stems","south","Acer_rubrum","14"
331,"large_woody_stems","south","Vaccinium_pallidum","0"
331,"large_woody_stems","south","Nyssa_sylvatica","38"
331,"large_woody_stems","south","Gaylussacia_baccata","0"
331,"large_woody_stems","south","Amelanchier_spp","0"
331,"large_woody_stems","south","Prunus_serotina","3"
331,"large_woody_stems","south","Pinus_rigida","1"
331,"large_woody_stems","south","Sassafras_albidum","3"
331,"large_woody_stems","south","Vaccinium_membranaceum","6"
331,"large_woody_stems","south","Betula_lenta","2"
332,"basalarea","none","Pinus_strobus","0"
332,"snag","none","snag","0"
332,"basalarea_edge","none","nodata","2"
332,"small_woody_stems","north","Gaylussacia_baccata","22"
332,"small_woody_stems","north","Acer_rubrum","0"
332,"small_woody_stems","north","Kalmia_latifolia","2"
332,"small_woody_stems","north","Pinus_strobus","0"
332,"small_woody_stems","north","Comptonia_peregrina","2"
332,"small_woody_stems","north","Nyssa_sylvatica","0"
332,"small_woody_stems","north","Vaccinium_pallidum","0"
332,"medium_woody_stems","north","Gaylussacia_baccata","24"
332,"medium_woody_stems","north","Acer_rubrum","0"
332,"medium_woody_stems","north","Kalmia_latifolia","3"
332,"medium_woody_stems","north","Pinus_strobus","0"
332,"medium_woody_stems","north","Comptonia_peregrina","0"
332,"medium_woody_stems","north","Nyssa_sylvatica","0"
332,"medium_woody_stems","north","Vaccinium_pallidum","0"
332,"large_woody_stems","north","Gaylussacia_baccata","0"
332,"large_woody_stems","north","Acer_rubrum","6"
332,"large_woody_stems","north","Kalmia_latifolia","3"
332,"large_woody_stems","north","Pinus_strobus","3"
332,"large_woody_stems","north","Comptonia_peregrina","0"
332,"large_woody_stems","north","Nyssa_sylvatica","0"
332,"large_woody_stems","north","Vaccinium_pallidum","0"
332,"small_woody_stems","south","Gaylussacia_baccata","15"
332,"small_woody_stems","south","Acer_rubrum","0"
332,"small_woody_stems","south","Kalmia_latifolia","0"
332,"small_woody_stems","south","Pinus_strobus","1"
332,"small_woody_stems","south","Comptonia_peregrina","0"
332,"small_woody_stems","south","Nyssa_sylvatica","0"
332,"small_woody_stems","south","Vaccinium_pallidum","3"
332,"medium_woody_stems","south","Gaylussacia_baccata","4"
332,"medium_woody_stems","south","Acer_rubrum","0"
332,"medium_woody_stems","south","Kalmia_latifolia","1"
332,"medium_woody_stems","south","Pinus_strobus","1"
332,"medium_woody_stems","south","Comptonia_peregrina","0"
332,"medium_woody_stems","south","Nyssa_sylvatica","0"
332,"medium_woody_stems","south","Vaccinium_pallidum","0"
332,"large_woody_stems","south","Gaylussacia_baccata","0"
332,"large_woody_stems","south","Acer_rubrum","10"
332,"large_woody_stems","south","Kalmia_latifolia","0"
332,"large_woody_stems","south","Pinus_strobus","1"
332,"large_woody_stems","south","Comptonia_peregrina","0"
332,"large_woody_stems","south","Nyssa_sylvatica","1"
332,"large_woody_stems","south","Vaccinium_pallidum","0"
333,"basalarea","none","Pinus_strobus","1"
333,"basalarea","none","Nyssa_sylvatica","1"
333,"snag","none","snag","0"
333,"basalarea_edge","none","nodata","0"
333,"small_woody_stems","north","Gaylussacia_baccata","24"
333,"small_woody_stems","north","Kalmia_latifolia","0"
333,"small_woody_stems","north","Vaccinium_pallidum","6"
333,"small_woody_stems","north","Acer_rubrum","0"
333,"small_woody_stems","north","Pinus_strobus","1"
333,"medium_woody_stems","north","Gaylussacia_baccata","23"
333,"medium_woody_stems","north","Kalmia_latifolia","5"
333,"medium_woody_stems","north","Vaccinium_pallidum","2"
333,"medium_woody_stems","north","Acer_rubrum","0"
333,"medium_woody_stems","north","Pinus_strobus","0"
333,"large_woody_stems","north","Gaylussacia_baccata","0"
333,"large_woody_stems","north","Kalmia_latifolia","5"
333,"large_woody_stems","north","Vaccinium_pallidum","0"
333,"large_woody_stems","north","Acer_rubrum","4"
333,"large_woody_stems","north","Pinus_strobus","0"
333,"small_woody_stems","south","Gaylussacia_baccata","39"
333,"small_woody_stems","south","Kalmia_latifolia","0"
333,"small_woody_stems","south","Vaccinium_pallidum","3"
333,"small_woody_stems","south","Acer_rubrum","0"
333,"small_woody_stems","south","Pinus_strobus","0"
333,"medium_woody_stems","south","Gaylussacia_baccata","35"
333,"medium_woody_stems","south","Kalmia_latifolia","3"
333,"medium_woody_stems","south","Vaccinium_pallidum","0"
333,"medium_woody_stems","south","Acer_rubrum","0"
333,"medium_woody_stems","south","Pinus_strobus","0"
333,"large_woody_stems","south","Gaylussacia_baccata","0"
333,"large_woody_stems","south","Kalmia_latifolia","0"
333,"large_woody_stems","south","Vaccinium_pallidum","0"
333,"large_woody_stems","south","Acer_rubrum","3"
333,"large_woody_stems","south","Pinus_strobus","0"
334,"snag","none","snag","0"
334,"basalarea_edge","none","nodata","0"
334,"small_woody_stems","north","Vaccinium_pallidum","3"
334,"small_woody_stems","north","Gaylussacia_baccata","44"
334,"small_woody_stems","north","Kalmia_latifolia","3"
334,"small_woody_stems","north","Quercus_ilicifolia","0"
334,"small_woody_stems","north","Comptonia_peregrina","8"
334,"small_woody_stems","north","Pinus_rigida","0"
334,"medium_woody_stems","north","Vaccinium_pallidum","0"
334,"medium_woody_stems","north","Gaylussacia_baccata","1"
334,"medium_woody_stems","north","Kalmia_latifolia","2"
334,"medium_woody_stems","north","Quercus_ilicifolia","0"
334,"medium_woody_stems","north","Comptonia_peregrina","0"
334,"medium_woody_stems","north","Pinus_rigida","1"
334,"large_woody_stems","north","Vaccinium_pallidum","0"
334,"large_woody_stems","north","Gaylussacia_baccata","0"
334,"large_woody_stems","north","Kalmia_latifolia","0"
334,"large_woody_stems","north","Quercus_ilicifolia","1"
334,"large_woody_stems","north","Comptonia_peregrina","0"
334,"large_woody_stems","north","Pinus_rigida","0"
334,"small_woody_stems","south","Vaccinium_pallidum","10"
334,"small_woody_stems","south","Gaylussacia_baccata","57"
334,"small_woody_stems","south","Kalmia_latifolia","2"
334,"small_woody_stems","south","Quercus_ilicifolia","1"
334,"small_woody_stems","south","Comptonia_peregrina","0"
334,"small_woody_stems","south","Pinus_rigida","0"
334,"medium_woody_stems","south","Vaccinium_pallidum","0"
334,"medium_woody_stems","south","Gaylussacia_baccata","10"
334,"medium_woody_stems","south","Kalmia_latifolia","5"
334,"medium_woody_stems","south","Quercus_ilicifolia","0"
334,"medium_woody_stems","south","Comptonia_peregrina","0"
334,"medium_woody_stems","south","Pinus_rigida","0"
334,"large_woody_stems","south","Vaccinium_pallidum","0"
334,"large_woody_stems","south","Gaylussacia_baccata","0"
334,"large_woody_stems","south","Kalmia_latifolia","0"
334,"large_woody_stems","south","Quercus_ilicifolia","0"
334,"large_woody_stems","south","Comptonia_peregrina","0"
334,"large_woody_stems","south","Pinus_rigida","0"
335,"basalarea","none","Quercus_montana","1"
335,"basalarea","none","Pinus_rigida","3"
335,"basalarea","none","Quercus_alba","1"
335,"snag","none","snag","0"
335,"basalarea_edge","none","nodata","1"
335,"small_woody_stems","north","Kalmia_latifolia","4"
335,"small_woody_stems","north","Gaylussacia_baccata","3"
335,"small_woody_stems","north","Quercus_ilicifolia","0"
335,"small_woody_stems","north","Vaccinium_stamineum","30"
335,"small_woody_stems","north","Nyssa_sylvatica","0"
335,"small_woody_stems","north","Acer_rubrum","0"
335,"small_woody_stems","north","Vaccinium_pallidum","5"
335,"small_woody_stems","north","Smilax_rotundifolia","0"
335,"small_woody_stems","north","Pinus_rigida","0"
335,"medium_woody_stems","north","Kalmia_latifolia","1"
335,"medium_woody_stems","north","Gaylussacia_baccata","0"
335,"medium_woody_stems","north","Quercus_ilicifolia","0"
335,"medium_woody_stems","north","Vaccinium_stamineum","1"
335,"medium_woody_stems","north","Nyssa_sylvatica","0"
335,"medium_woody_stems","north","Acer_rubrum","0"
335,"medium_woody_stems","north","Vaccinium_pallidum","0"
335,"medium_woody_stems","north","Smilax_rotundifolia","0"
335,"medium_woody_stems","north","Pinus_rigida","0"
335,"large_woody_stems","north","Kalmia_latifolia","1"
335,"large_woody_stems","north","Gaylussacia_baccata","0"
335,"large_woody_stems","north","Quercus_ilicifolia","1"
335,"large_woody_stems","north","Vaccinium_stamineum","0"
335,"large_woody_stems","north","Nyssa_sylvatica","3"
335,"large_woody_stems","north","Acer_rubrum","1"
335,"large_woody_stems","north","Vaccinium_pallidum","0"
335,"large_woody_stems","north","Smilax_rotundifolia","1"
335,"large_woody_stems","north","Pinus_rigida","0"
335,"small_woody_stems","south","Kalmia_latifolia","8"
335,"small_woody_stems","south","Gaylussacia_baccata","7"
335,"small_woody_stems","south","Quercus_ilicifolia","0"
335,"small_woody_stems","south","Vaccinium_stamineum","5"
335,"small_woody_stems","south","Nyssa_sylvatica","0"
335,"small_woody_stems","south","Acer_rubrum","0"
335,"small_woody_stems","south","Vaccinium_pallidum","10"
335,"small_woody_stems","south","Smilax_rotundifolia","0"
335,"small_woody_stems","south","Pinus_rigida","0"
335,"medium_woody_stems","south","Kalmia_latifolia","7"
335,"medium_woody_stems","south","Gaylussacia_baccata","0"
335,"medium_woody_stems","south","Quercus_ilicifolia","0"
335,"medium_woody_stems","south","Vaccinium_stamineum","0"
335,"medium_woody_stems","south","Nyssa_sylvatica","0"
335,"medium_woody_stems","south","Acer_rubrum","0"
335,"medium_woody_stems","south","Vaccinium_pallidum","0"
335,"medium_woody_stems","south","Smilax_rotundifolia","0"
335,"medium_woody_stems","south","Pinus_rigida","0"
335,"large_woody_stems","south","Kalmia_latifolia","2"
335,"large_woody_stems","south","Gaylussacia_baccata","0"
335,"large_woody_stems","south","Quercus_ilicifolia","0"
335,"large_woody_stems","south","Vaccinium_stamineum","0"
335,"large_woody_stems","south","Nyssa_sylvatica","2"
335,"large_woody_stems","south","Acer_rubrum","0"
335,"large_woody_stems","south","Vaccinium_pallidum","0"
335,"large_woody_stems","south","Smilax_rotundifolia","0"
335,"large_woody_stems","south","Pinus_rigida","3"
336,"basalarea","none","Nyssa_sylvatica","6"
336,"snag","none","snag","7"
336,"basalarea_edge","none","nodata","2"
336,"small_woody_stems","north","Kalmia_latifolia","12"
336,"small_woody_stems","north","Gaylussacia_baccata","47"
336,"small_woody_stems","north","Vaccinium_pallidum","5"
336,"small_woody_stems","north","Acer_rubrum","1"
336,"small_woody_stems","north","Nyssa_sylvatica","0"
336,"medium_woody_stems","north","Kalmia_latifolia","6"
336,"medium_woody_stems","north","Gaylussacia_baccata","1"
336,"medium_woody_stems","north","Vaccinium_pallidum","0"
336,"medium_woody_stems","north","Acer_rubrum","0"
336,"medium_woody_stems","north","Nyssa_sylvatica","0"
336,"large_woody_stems","north","Kalmia_latifolia","2"
336,"large_woody_stems","north","Gaylussacia_baccata","0"
336,"large_woody_stems","north","Vaccinium_pallidum","0"
336,"large_woody_stems","north","Acer_rubrum","0"
336,"large_woody_stems","north","Nyssa_sylvatica","1"
336,"small_woody_stems","south","Kalmia_latifolia","6"
336,"small_woody_stems","south","Gaylussacia_baccata","28"
336,"small_woody_stems","south","Vaccinium_pallidum","5"
336,"small_woody_stems","south","Acer_rubrum","0"
336,"small_woody_stems","south","Nyssa_sylvatica","0"
336,"medium_woody_stems","south","Kalmia_latifolia","2"
336,"medium_woody_stems","south","Gaylussacia_baccata","0"
336,"medium_woody_stems","south","Vaccinium_pallidum","0"
336,"medium_woody_stems","south","Acer_rubrum","0"
336,"medium_woody_stems","south","Nyssa_sylvatica","0"
336,"large_woody_stems","south","Kalmia_latifolia","0"
336,"large_woody_stems","south","Gaylussacia_baccata","0"
336,"large_woody_stems","south","Vaccinium_pallidum","0"
336,"large_woody_stems","south","Acer_rubrum","0"
336,"large_woody_stems","south","Nyssa_sylvatica","1"
337,"basalarea","none","Sassafras_albidum","2"
337,"basalarea","none","Pinus_rigida","4"
337,"basalarea","none","Quercus_montana","2"
337,"basalarea","none","Nyssa_sylvatica","1"
337,"snag","none","snag","0"
337,"basalarea_edge","none","nodata","0"
337,"small_woody_stems","north","Kalmia_latifolia","4"
337,"small_woody_stems","north","Acer_rubrum","0"
337,"small_woody_stems","north","Sassafras_albidum","0"
337,"small_woody_stems","north","Nyssa_sylvatica","0"
337,"small_woody_stems","north","Gaylussacia_baccata","2"
337,"small_woody_stems","north","Vaccinium_pallidum","0"
337,"medium_woody_stems","north","Kalmia_latifolia","2"
337,"medium_woody_stems","north","Acer_rubrum","0"
337,"medium_woody_stems","north","Sassafras_albidum","0"
337,"medium_woody_stems","north","Nyssa_sylvatica","0"
337,"medium_woody_stems","north","Gaylussacia_baccata","0"
337,"medium_woody_stems","north","Vaccinium_pallidum","0"
337,"large_woody_stems","north","Kalmia_latifolia","1"
337,"large_woody_stems","north","Acer_rubrum","1"
337,"large_woody_stems","north","Sassafras_albidum","3"
337,"large_woody_stems","north","Nyssa_sylvatica","6"
337,"large_woody_stems","north","Gaylussacia_baccata","0"
337,"large_woody_stems","north","Vaccinium_pallidum","0"
337,"small_woody_stems","south","Kalmia_latifolia","6"
337,"small_woody_stems","south","Acer_rubrum","0"
337,"small_woody_stems","south","Sassafras_albidum","0"
337,"small_woody_stems","south","Nyssa_sylvatica","0"
337,"small_woody_stems","south","Gaylussacia_baccata","0"
337,"small_woody_stems","south","Vaccinium_pallidum","1"
337,"medium_woody_stems","south","Kalmia_latifolia","10"
337,"medium_woody_stems","south","Acer_rubrum","0"
337,"medium_woody_stems","south","Sassafras_albidum","0"
337,"medium_woody_stems","south","Nyssa_sylvatica","0"
337,"medium_woody_stems","south","Gaylussacia_baccata","0"
337,"medium_woody_stems","south","Vaccinium_pallidum","0"
337,"large_woody_stems","south","Kalmia_latifolia","5"
337,"large_woody_stems","south","Acer_rubrum","0"
337,"large_woody_stems","south","Sassafras_albidum","3"
337,"large_woody_stems","south","Nyssa_sylvatica","1"
337,"large_woody_stems","south","Gaylussacia_baccata","0"
337,"large_woody_stems","south","Vaccinium_pallidum","0"
338,"basalarea","none","Nyssa_sylvatica","1"
338,"snag","none","snag","6"
338,"basalarea_edge","none","nodata","2"
338,"small_woody_stems","north","Gaylussacia_baccata","25"
338,"small_woody_stems","north","Kalmia_latifolia","11"
338,"small_woody_stems","north","Acer_rubrum","6"
338,"small_woody_stems","north","Vaccinium_pallidum","15"
338,"medium_woody_stems","north","Gaylussacia_baccata","0"
338,"medium_woody_stems","north","Kalmia_latifolia","6"
338,"medium_woody_stems","north","Acer_rubrum","0"
338,"medium_woody_stems","north","Vaccinium_pallidum","0"
338,"large_woody_stems","north","Gaylussacia_baccata","0"
338,"large_woody_stems","north","Kalmia_latifolia","1"
338,"large_woody_stems","north","Acer_rubrum","0"
338,"large_woody_stems","north","Vaccinium_pallidum","0"
338,"small_woody_stems","south","Gaylussacia_baccata","43"
338,"small_woody_stems","south","Kalmia_latifolia","13"
338,"small_woody_stems","south","Acer_rubrum","4"
338,"small_woody_stems","south","Vaccinium_pallidum","9"
338,"medium_woody_stems","south","Gaylussacia_baccata","1"
338,"medium_woody_stems","south","Kalmia_latifolia","1"
338,"medium_woody_stems","south","Acer_rubrum","0"
338,"medium_woody_stems","south","Vaccinium_pallidum","0"
338,"large_woody_stems","south","Gaylussacia_baccata","0"
338,"large_woody_stems","south","Kalmia_latifolia","1"
338,"large_woody_stems","south","Acer_rubrum","0"
338,"large_woody_stems","south","Vaccinium_pallidum","0"
339,"basalarea","none","Nyssa_sylvatica","2"
339,"basalarea","none","Quercus_montana","4"
339,"basalarea","none","Picea_abies","5"
339,"basalarea","none","Pinus_strobus","3"
339,"basalarea","none","Acer_rubrum","1"
339,"snag","none","snag","6"
339,"basalarea_edge","none","nodata","0"
339,"small_woody_stems","north","Pinus_strobus","0"
339,"small_woody_stems","north","Gaylussacia_baccata","1"
339,"small_woody_stems","north","Kalmia_latifolia","0"
339,"medium_woody_stems","north","Pinus_strobus","0"
339,"medium_woody_stems","north","Gaylussacia_baccata","0"
339,"medium_woody_stems","north","Kalmia_latifolia","0"
339,"large_woody_stems","north","Pinus_strobus","4"
339,"large_woody_stems","north","Gaylussacia_baccata","0"
339,"large_woody_stems","north","Kalmia_latifolia","0"
339,"small_woody_stems","south","Pinus_strobus","0"
339,"small_woody_stems","south","Gaylussacia_baccata","1"
339,"small_woody_stems","south","Kalmia_latifolia","2"
339,"medium_woody_stems","south","Pinus_strobus","1"
339,"medium_woody_stems","south","Gaylussacia_baccata","0"
339,"medium_woody_stems","south","Kalmia_latifolia","9"
339,"large_woody_stems","south","Pinus_strobus","0"
339,"large_woody_stems","south","Gaylussacia_baccata","0"
339,"large_woody_stems","south","Kalmia_latifolia","0"
340,"basalarea","none","Picea_abies","6"
340,"basalarea","none","Quercus_rubra","2"
340,"basalarea","none","Pinus_strobus","2"
340,"basalarea","none","Quercus_montana","1"
340,"snag","none","snag","6"
340,"basalarea_edge","none","nodata","2"
340,"small_woody_stems","north","Kalmia_latifolia","2"
340,"small_woody_stems","north","Vaccinium_pallidum","4"
340,"small_woody_stems","north","Gaylussacia_frondosa","7"
340,"small_woody_stems","north","Amelanchier_spp","1"
340,"small_woody_stems","north","Pinus_strobus","0"
340,"medium_woody_stems","north","Kalmia_latifolia","0"
340,"medium_woody_stems","north","Vaccinium_pallidum","0"
340,"medium_woody_stems","north","Gaylussacia_frondosa","0"
340,"medium_woody_stems","north","Amelanchier_spp","0"
340,"medium_woody_stems","north","Pinus_strobus","0"
340,"large_woody_stems","north","Kalmia_latifolia","0"
340,"large_woody_stems","north","Vaccinium_pallidum","0"
340,"large_woody_stems","north","Gaylussacia_frondosa","0"
340,"large_woody_stems","north","Amelanchier_spp","0"
340,"large_woody_stems","north","Pinus_strobus","0"
340,"small_woody_stems","south","Kalmia_latifolia","0"
340,"small_woody_stems","south","Vaccinium_pallidum","5"
340,"small_woody_stems","south","Gaylussacia_frondosa","2"
340,"small_woody_stems","south","Amelanchier_spp","0"
340,"small_woody_stems","south","Pinus_strobus","1"
340,"medium_woody_stems","south","Kalmia_latifolia","0"
340,"medium_woody_stems","south","Vaccinium_pallidum","0"
340,"medium_woody_stems","south","Gaylussacia_frondosa","0"
340,"medium_woody_stems","south","Amelanchier_spp","0"
340,"medium_woody_stems","south","Pinus_strobus","0"
340,"large_woody_stems","south","Kalmia_latifolia","0"
340,"large_woody_stems","south","Vaccinium_pallidum","0"
340,"large_woody_stems","south","Gaylussacia_frondosa","0"
340,"large_woody_stems","south","Amelanchier_spp","0"
340,"large_woody_stems","south","Pinus_strobus","0"
341,"snag","none","snag","0"
341,"basalarea_edge","none","nodata","0"
341,"small_woody_stems","north","Pinus_rigida","4"
341,"small_woody_stems","north","Comptonia_peregrina","16"
341,"medium_woody_stems","north","Pinus_rigida","3"
341,"medium_woody_stems","north","Comptonia_peregrina","0"
341,"large_woody_stems","north","Pinus_rigida","0"
341,"large_woody_stems","north","Comptonia_peregrina","0"
341,"small_woody_stems","south","Pinus_rigida","0"
341,"small_woody_stems","south","Comptonia_peregrina","24"
341,"medium_woody_stems","south","Pinus_rigida","0"
341,"medium_woody_stems","south","Comptonia_peregrina","0"
341,"large_woody_stems","south","Pinus_rigida","4"
341,"large_woody_stems","south","Comptonia_peregrina","0"
342,"basalarea","none","Pinus_rigida","1"
342,"basalarea","none","Quercus_montana","1"
342,"basalarea","none","Nyssa_sylvatica","1"
342,"snag","none","snag","0"
342,"basalarea_edge","none","nodata","0"
342,"small_woody_stems","north","Kalmia_latifolia","6"
342,"small_woody_stems","north","Gaylussacia_baccata","23"
342,"small_woody_stems","north","Nyssa_sylvatica","0"
342,"small_woody_stems","north","Smilax_rotundifolia","1"
342,"small_woody_stems","north","Quercus_coccinea","0"
342,"small_woody_stems","north","Vaccinium_angustifolium","2"
342,"small_woody_stems","north","Vaccinium_pallidum","0"
342,"small_woody_stems","north","Amelanchier_spp","0"
342,"small_woody_stems","north","Quercus_rubra","0"
342,"small_woody_stems","north","Acer_rubrum","0"
342,"small_woody_stems","north","Sassafras_albidum","0"
342,"medium_woody_stems","north","Kalmia_latifolia","5"
342,"medium_woody_stems","north","Gaylussacia_baccata","1"
342,"medium_woody_stems","north","Nyssa_sylvatica","0"
342,"medium_woody_stems","north","Smilax_rotundifolia","2"
342,"medium_woody_stems","north","Quercus_coccinea","0"
342,"medium_woody_stems","north","Vaccinium_angustifolium","0"
342,"medium_woody_stems","north","Vaccinium_pallidum","0"
342,"medium_woody_stems","north","Amelanchier_spp","0"
342,"medium_woody_stems","north","Quercus_rubra","0"
342,"medium_woody_stems","north","Acer_rubrum","0"
342,"medium_woody_stems","north","Sassafras_albidum","0"
342,"large_woody_stems","north","Kalmia_latifolia","1"
342,"large_woody_stems","north","Gaylussacia_baccata","0"
342,"large_woody_stems","north","Nyssa_sylvatica","10"
342,"large_woody_stems","north","Smilax_rotundifolia","1"
342,"large_woody_stems","north","Quercus_coccinea","2"
342,"large_woody_stems","north","Vaccinium_angustifolium","0"
342,"large_woody_stems","north","Vaccinium_pallidum","0"
342,"large_woody_stems","north","Amelanchier_spp","0"
342,"large_woody_stems","north","Quercus_rubra","0"
342,"large_woody_stems","north","Acer_rubrum","1"
342,"large_woody_stems","north","Sassafras_albidum","1"
342,"small_woody_stems","south","Kalmia_latifolia","9"
342,"small_woody_stems","south","Gaylussacia_baccata","36"
342,"small_woody_stems","south","Nyssa_sylvatica","0"
342,"small_woody_stems","south","Smilax_rotundifolia","0"
342,"small_woody_stems","south","Quercus_coccinea","0"
342,"small_woody_stems","south","Vaccinium_angustifolium","0"
342,"small_woody_stems","south","Vaccinium_pallidum","2"
342,"small_woody_stems","south","Amelanchier_spp","0"
342,"small_woody_stems","south","Quercus_rubra","0"
342,"small_woody_stems","south","Acer_rubrum","0"
342,"small_woody_stems","south","Sassafras_albidum","0"
342,"medium_woody_stems","south","Kalmia_latifolia","6"
342,"medium_woody_stems","south","Gaylussacia_baccata","1"
342,"medium_woody_stems","south","Nyssa_sylvatica","0"
342,"medium_woody_stems","south","Smilax_rotundifolia","0"
342,"medium_woody_stems","south","Quercus_coccinea","0"
342,"medium_woody_stems","south","Vaccinium_angustifolium","0"
342,"medium_woody_stems","south","Vaccinium_pallidum","0"
342,"medium_woody_stems","south","Amelanchier_spp","0"
342,"medium_woody_stems","south","Quercus_rubra","0"
342,"medium_woody_stems","south","Acer_rubrum","0"
342,"medium_woody_stems","south","Sassafras_albidum","0"
342,"large_woody_stems","south","Kalmia_latifolia","3"
342,"large_woody_stems","south","Gaylussacia_baccata","0"
342,"large_woody_stems","south","Nyssa_sylvatica","1"
342,"large_woody_stems","south","Smilax_rotundifolia","0"
342,"large_woody_stems","south","Quercus_coccinea","0"
342,"large_woody_stems","south","Vaccinium_angustifolium","0"
342,"large_woody_stems","south","Vaccinium_pallidum","0"
342,"large_woody_stems","south","Amelanchier_spp","4"
342,"large_woody_stems","south","Quercus_rubra","2"
342,"large_woody_stems","south","Acer_rubrum","0"
342,"large_woody_stems","south","Sassafras_albidum","0"
343,"basalarea","none","Nyssa_sylvatica","1"
343,"snag","none","snag","0"
343,"basalarea_edge","none","nodata","0"
343,"small_woody_stems","north","Vaccinium_pallidum","1"
343,"small_woody_stems","north","Kalmia_latifolia","7"
343,"small_woody_stems","north","Gaylussacia_baccata","18"
343,"small_woody_stems","north","Pinus_rigida","2"
343,"small_woody_stems","north","Quercus_rubra","0"
343,"small_woody_stems","north","Sassafras_albidum","0"
343,"small_woody_stems","north","Nyssa_sylvatica","0"
343,"small_woody_stems","north","Vaccinium_stamineum","0"
343,"small_woody_stems","north","Quercus_ilicifolia","0"
343,"medium_woody_stems","north","Vaccinium_pallidum","1"
343,"medium_woody_stems","north","Kalmia_latifolia","5"
343,"medium_woody_stems","north","Gaylussacia_baccata","8"
343,"medium_woody_stems","north","Pinus_rigida","1"
343,"medium_woody_stems","north","Quercus_rubra","0"
343,"medium_woody_stems","north","Sassafras_albidum","0"
343,"medium_woody_stems","north","Nyssa_sylvatica","0"
343,"medium_woody_stems","north","Vaccinium_stamineum","0"
343,"medium_woody_stems","north","Quercus_ilicifolia","0"
343,"large_woody_stems","north","Vaccinium_pallidum","0"
343,"large_woody_stems","north","Kalmia_latifolia","1"
343,"large_woody_stems","north","Gaylussacia_baccata","0"
343,"large_woody_stems","north","Pinus_rigida","4"
343,"large_woody_stems","north","Quercus_rubra","1"
343,"large_woody_stems","north","Sassafras_albidum","1"
343,"large_woody_stems","north","Nyssa_sylvatica","6"
343,"large_woody_stems","north","Vaccinium_stamineum","0"
343,"large_woody_stems","north","Quercus_ilicifolia","1"
343,"small_woody_stems","south","Vaccinium_pallidum","8"
343,"small_woody_stems","south","Kalmia_latifolia","4"
343,"small_woody_stems","south","Gaylussacia_baccata","32"
343,"small_woody_stems","south","Pinus_rigida","0"
343,"small_woody_stems","south","Quercus_rubra","0"
343,"small_woody_stems","south","Sassafras_albidum","0"
343,"small_woody_stems","south","Nyssa_sylvatica","0"
343,"small_woody_stems","south","Vaccinium_stamineum","0"
343,"small_woody_stems","south","Quercus_ilicifolia","0"
343,"medium_woody_stems","south","Vaccinium_pallidum","0"
343,"medium_woody_stems","south","Kalmia_latifolia","9"
343,"medium_woody_stems","south","Gaylussacia_baccata","5"
343,"medium_woody_stems","south","Pinus_rigida","0"
343,"medium_woody_stems","south","Quercus_rubra","0"
343,"medium_woody_stems","south","Sassafras_albidum","0"
343,"medium_woody_stems","south","Nyssa_sylvatica","0"
343,"medium_woody_stems","south","Vaccinium_stamineum","1"
343,"medium_woody_stems","south","Quercus_ilicifolia","0"
343,"large_woody_stems","south","Vaccinium_pallidum","0"
343,"large_woody_stems","south","Kalmia_latifolia","7"
343,"large_woody_stems","south","Gaylussacia_baccata","0"
343,"large_woody_stems","south","Pinus_rigida","0"
343,"large_woody_stems","south","Quercus_rubra","1"
343,"large_woody_stems","south","Sassafras_albidum","0"
343,"large_woody_stems","south","Nyssa_sylvatica","0"
343,"large_woody_stems","south","Vaccinium_stamineum","0"
343,"large_woody_stems","south","Quercus_ilicifolia","0"
344,"basalarea","none","Acer_rubrum","3"
344,"basalarea","none","Quercus_montana","2"
344,"basalarea","none","Pinus_rigida","1"
344,"snag","none","snag","2"
344,"basalarea_edge","none","nodata","7"
344,"small_woody_stems","north","Gaylussacia_baccata","75"
344,"small_woody_stems","north","Vaccinium_pallidum","14"
344,"small_woody_stems","north","Acer_rubrum","0"
344,"small_woody_stems","north","Kalmia_latifolia","1"
344,"small_woody_stems","north","Quercus_ilicifolia","0"
344,"medium_woody_stems","north","Gaylussacia_baccata","3"
344,"medium_woody_stems","north","Vaccinium_pallidum","0"
344,"medium_woody_stems","north","Acer_rubrum","0"
344,"medium_woody_stems","north","Kalmia_latifolia","0"
344,"medium_woody_stems","north","Quercus_ilicifolia","0"
344,"large_woody_stems","north","Gaylussacia_baccata","0"
344,"large_woody_stems","north","Vaccinium_pallidum","0"
344,"large_woody_stems","north","Acer_rubrum","3"
344,"large_woody_stems","north","Kalmia_latifolia","0"
344,"large_woody_stems","north","Quercus_ilicifolia","0"
344,"small_woody_stems","south","Gaylussacia_baccata","51"
344,"small_woody_stems","south","Vaccinium_pallidum","23"
344,"small_woody_stems","south","Acer_rubrum","0"
344,"small_woody_stems","south","Kalmia_latifolia","1"
344,"small_woody_stems","south","Quercus_ilicifolia","2"
344,"medium_woody_stems","south","Gaylussacia_baccata","4"
344,"medium_woody_stems","south","Vaccinium_pallidum","0"
344,"medium_woody_stems","south","Acer_rubrum","0"
344,"medium_woody_stems","south","Kalmia_latifolia","0"
344,"medium_woody_stems","south","Quercus_ilicifolia","0"
344,"large_woody_stems","south","Gaylussacia_baccata","0"
344,"large_woody_stems","south","Vaccinium_pallidum","0"
344,"large_woody_stems","south","Acer_rubrum","3"
344,"large_woody_stems","south","Kalmia_latifolia","2"
344,"large_woody_stems","south","Quercus_ilicifolia","0"
345,"basalarea","none","Pinus_rigida","1"
345,"basalarea","none","Acer_rubrum","1"
345,"basalarea","none","Pinus_strobus","1"
345,"snag","none","snag","1"
345,"basalarea_edge","none","nodata","3"
345,"small_woody_stems","north","Vaccinium_angustifolium","6"
345,"small_woody_stems","north","Pinus_strobus","1"
345,"small_woody_stems","north","Vaccinium_pallidum","7"
345,"small_woody_stems","north","Gaylussacia_baccata","16"
345,"small_woody_stems","north","Gaylussacia_frondosa","14"
345,"small_woody_stems","north","Pinus_rigida","0"
345,"small_woody_stems","north","Acer_rubrum","0"
345,"small_woody_stems","north","Smilax_rotundifolia","0"
345,"small_woody_stems","north","Kalmia_latifolia","0"
345,"medium_woody_stems","north","Vaccinium_angustifolium","0"
345,"medium_woody_stems","north","Pinus_strobus","0"
345,"medium_woody_stems","north","Vaccinium_pallidum","1"
345,"medium_woody_stems","north","Gaylussacia_baccata","0"
345,"medium_woody_stems","north","Gaylussacia_frondosa","0"
345,"medium_woody_stems","north","Pinus_rigida","0"
345,"medium_woody_stems","north","Acer_rubrum","0"
345,"medium_woody_stems","north","Smilax_rotundifolia","0"
345,"medium_woody_stems","north","Kalmia_latifolia","0"
345,"large_woody_stems","north","Vaccinium_angustifolium","0"
345,"large_woody_stems","north","Pinus_strobus","2"
345,"large_woody_stems","north","Vaccinium_pallidum","0"
345,"large_woody_stems","north","Gaylussacia_baccata","0"
345,"large_woody_stems","north","Gaylussacia_frondosa","0"
345,"large_woody_stems","north","Pinus_rigida","7"
345,"large_woody_stems","north","Acer_rubrum","0"
345,"large_woody_stems","north","Smilax_rotundifolia","0"
345,"large_woody_stems","north","Kalmia_latifolia","0"
345,"small_woody_stems","south","Vaccinium_angustifolium","9"
345,"small_woody_stems","south","Pinus_strobus","0"
345,"small_woody_stems","south","Vaccinium_pallidum","2"
345,"small_woody_stems","south","Gaylussacia_baccata","0"
345,"small_woody_stems","south","Gaylussacia_frondosa","2"
345,"small_woody_stems","south","Pinus_rigida","0"
345,"small_woody_stems","south","Acer_rubrum","5"
345,"small_woody_stems","south","Smilax_rotundifolia","2"
345,"small_woody_stems","south","Kalmia_latifolia","0"
345,"medium_woody_stems","south","Vaccinium_angustifolium","0"
345,"medium_woody_stems","south","Pinus_strobus","0"
345,"medium_woody_stems","south","Vaccinium_pallidum","0"
345,"medium_woody_stems","south","Gaylussacia_baccata","0"
345,"medium_woody_stems","south","Gaylussacia_frondosa","0"
345,"medium_woody_stems","south","Pinus_rigida","0"
345,"medium_woody_stems","south","Acer_rubrum","0"
345,"medium_woody_stems","south","Smilax_rotundifolia","0"
345,"medium_woody_stems","south","Kalmia_latifolia","3"
345,"large_woody_stems","south","Vaccinium_angustifolium","0"
345,"large_woody_stems","south","Pinus_strobus","0"
345,"large_woody_stems","south","Vaccinium_pallidum","0"
345,"large_woody_stems","south","Gaylussacia_baccata","0"
345,"large_woody_stems","south","Gaylussacia_frondosa","0"
345,"large_woody_stems","south","Pinus_rigida","5"
345,"large_woody_stems","south","Acer_rubrum","5"
345,"large_woody_stems","south","Smilax_rotundifolia","0"
345,"large_woody_stems","south","Kalmia_latifolia","1"
346,"basalarea","none","Nyssa_sylvatica","5"
346,"basalarea","none","Quercus_montana","1"
346,"snag","none","snag","2"
346,"basalarea_edge","none","nodata","12"
346,"small_woody_stems","north","Gaylussacia_frondosa","14"
346,"small_woody_stems","north","Kalmia_latifolia","5"
346,"small_woody_stems","north","Vaccinium_pallidum","12"
346,"small_woody_stems","north","Amelanchier_spp","0"
346,"medium_woody_stems","north","Gaylussacia_frondosa","10"
346,"medium_woody_stems","north","Kalmia_latifolia","3"
346,"medium_woody_stems","north","Vaccinium_pallidum","0"
346,"medium_woody_stems","north","Amelanchier_spp","0"
346,"large_woody_stems","north","Gaylussacia_frondosa","0"
346,"large_woody_stems","north","Kalmia_latifolia","7"
346,"large_woody_stems","north","Vaccinium_pallidum","0"
346,"large_woody_stems","north","Amelanchier_spp","0"
346,"small_woody_stems","south","Gaylussacia_frondosa","25"
346,"small_woody_stems","south","Kalmia_latifolia","1"
346,"small_woody_stems","south","Vaccinium_pallidum","15"
346,"small_woody_stems","south","Amelanchier_spp","1"
346,"medium_woody_stems","south","Gaylussacia_frondosa","0"
346,"medium_woody_stems","south","Kalmia_latifolia","2"
346,"medium_woody_stems","south","Vaccinium_pallidum","0"
346,"medium_woody_stems","south","Amelanchier_spp","0"
346,"large_woody_stems","south","Gaylussacia_frondosa","0"
346,"large_woody_stems","south","Kalmia_latifolia","6"
346,"large_woody_stems","south","Vaccinium_pallidum","0"
346,"large_woody_stems","south","Amelanchier_spp","0"
347,"basalarea","none","Quercus_montana","2"
347,"snag","none","snag","3"
347,"basalarea_edge","none","nodata","6"
347,"small_woody_stems","north","Gaylussacia_baccata","43"
347,"small_woody_stems","north","Gaylussacia_frondosa","11"
347,"small_woody_stems","north","Kalmia_latifolia","0"
347,"small_woody_stems","north","Pinus_rigida","0"
347,"small_woody_stems","north","Vaccinium_pallidum","0"
347,"small_woody_stems","north","Acer_rubrum","0"
347,"medium_woody_stems","north","Gaylussacia_baccata","27"
347,"medium_woody_stems","north","Gaylussacia_frondosa","4"
347,"medium_woody_stems","north","Kalmia_latifolia","2"
347,"medium_woody_stems","north","Pinus_rigida","0"
347,"medium_woody_stems","north","Vaccinium_pallidum","0"
347,"medium_woody_stems","north","Acer_rubrum","0"
347,"large_woody_stems","north","Gaylussacia_baccata","0"
347,"large_woody_stems","north","Gaylussacia_frondosa","0"
347,"large_woody_stems","north","Kalmia_latifolia","0"
347,"large_woody_stems","north","Pinus_rigida","0"
347,"large_woody_stems","north","Vaccinium_pallidum","0"
347,"large_woody_stems","north","Acer_rubrum","0"
347,"small_woody_stems","south","Gaylussacia_baccata","64"
347,"small_woody_stems","south","Gaylussacia_frondosa","0"
347,"small_woody_stems","south","Kalmia_latifolia","2"
347,"small_woody_stems","south","Pinus_rigida","1"
347,"small_woody_stems","south","Vaccinium_pallidum","14"
347,"small_woody_stems","south","Acer_rubrum","1"
347,"medium_woody_stems","south","Gaylussacia_baccata","28"
347,"medium_woody_stems","south","Gaylussacia_frondosa","0"
347,"medium_woody_stems","south","Kalmia_latifolia","1"
347,"medium_woody_stems","south","Pinus_rigida","0"
347,"medium_woody_stems","south","Vaccinium_pallidum","0"
347,"medium_woody_stems","south","Acer_rubrum","0"
347,"large_woody_stems","south","Gaylussacia_baccata","0"
347,"large_woody_stems","south","Gaylussacia_frondosa","0"
347,"large_woody_stems","south","Kalmia_latifolia","4"
347,"large_woody_stems","south","Pinus_rigida","1"
347,"large_woody_stems","south","Vaccinium_pallidum","0"
347,"large_woody_stems","south","Acer_rubrum","0"
348,"basalarea","none","Pinus_rigida","4"
348,"snag","none","snag","1"
348,"basalarea_edge","none","nodata","1"
348,"small_woody_stems","north","Gaylussacia_baccata","65"
348,"small_woody_stems","north","Acer_rubrum","3"
348,"small_woody_stems","north","Kalmia_latifolia","2"
348,"small_woody_stems","north","Vaccinium_pallidum","4"
348,"small_woody_stems","north","Sassafras_albidum","1"
348,"small_woody_stems","north","Pinus_rigida","0"
348,"small_woody_stems","north","Vaccinium_stamineum","10"
348,"medium_woody_stems","north","Gaylussacia_baccata","1"
348,"medium_woody_stems","north","Acer_rubrum","2"
348,"medium_woody_stems","north","Kalmia_latifolia","1"
348,"medium_woody_stems","north","Vaccinium_pallidum","0"
348,"medium_woody_stems","north","Sassafras_albidum","0"
348,"medium_woody_stems","north","Pinus_rigida","1"
348,"medium_woody_stems","north","Vaccinium_stamineum","0"
348,"large_woody_stems","north","Gaylussacia_baccata","0"
348,"large_woody_stems","north","Acer_rubrum","3"
348,"large_woody_stems","north","Kalmia_latifolia","0"
348,"large_woody_stems","north","Vaccinium_pallidum","0"
348,"large_woody_stems","north","Sassafras_albidum","0"
348,"large_woody_stems","north","Pinus_rigida","7"
348,"large_woody_stems","north","Vaccinium_stamineum","0"
348,"small_woody_stems","south","Gaylussacia_baccata","37"
348,"small_woody_stems","south","Acer_rubrum","6"
348,"small_woody_stems","south","Kalmia_latifolia","4"
348,"small_woody_stems","south","Vaccinium_pallidum","27"
348,"small_woody_stems","south","Sassafras_albidum","0"
348,"small_woody_stems","south","Pinus_rigida","0"
348,"small_woody_stems","south","Vaccinium_stamineum","0"
348,"medium_woody_stems","south","Gaylussacia_baccata","21"
348,"medium_woody_stems","south","Acer_rubrum","3"
348,"medium_woody_stems","south","Kalmia_latifolia","1"
348,"medium_woody_stems","south","Vaccinium_pallidum","2"
348,"medium_woody_stems","south","Sassafras_albidum","0"
348,"medium_woody_stems","south","Pinus_rigida","0"
348,"medium_woody_stems","south","Vaccinium_stamineum","0"
348,"large_woody_stems","south","Gaylussacia_baccata","0"
348,"large_woody_stems","south","Acer_rubrum","3"
348,"large_woody_stems","south","Kalmia_latifolia","0"
348,"large_woody_stems","south","Vaccinium_pallidum","0"
348,"large_woody_stems","south","Sassafras_albidum","0"
348,"large_woody_stems","south","Pinus_rigida","16"
348,"large_woody_stems","south","Vaccinium_stamineum","0"
349,"basalarea","none","Quercus_montana","0"
349,"basalarea","none","Pinus_rigida","0"
349,"snag","none","snag","1"
349,"basalarea_edge","none","nodata","4"
349,"small_woody_stems","north","Vaccinium_pallidum","25"
349,"small_woody_stems","north","Gaylussacia_baccata","58"
349,"small_woody_stems","north","Quercus_ilicifolia","1"
349,"small_woody_stems","north","Acer_rubrum","1"
349,"small_woody_stems","north","Kalmia_latifolia","0"
349,"small_woody_stems","north","Pinus_rigida","0"
349,"small_woody_stems","north","Vaccinium_angustifolium","0"
349,"small_woody_stems","north","Smilax_rotundifolia","0"
349,"medium_woody_stems","north","Vaccinium_pallidum","2"
349,"medium_woody_stems","north","Gaylussacia_baccata","12"
349,"medium_woody_stems","north","Quercus_ilicifolia","5"
349,"medium_woody_stems","north","Acer_rubrum","0"
349,"medium_woody_stems","north","Kalmia_latifolia","0"
349,"medium_woody_stems","north","Pinus_rigida","0"
349,"medium_woody_stems","north","Vaccinium_angustifolium","0"
349,"medium_woody_stems","north","Smilax_rotundifolia","0"
349,"large_woody_stems","north","Vaccinium_pallidum","0"
349,"large_woody_stems","north","Gaylussacia_baccata","0"
349,"large_woody_stems","north","Quercus_ilicifolia","0"
349,"large_woody_stems","north","Acer_rubrum","0"
349,"large_woody_stems","north","Kalmia_latifolia","0"
349,"large_woody_stems","north","Pinus_rigida","0"
349,"large_woody_stems","north","Vaccinium_angustifolium","0"
349,"large_woody_stems","north","Smilax_rotundifolia","0"
349,"small_woody_stems","south","Vaccinium_pallidum","38"
349,"small_woody_stems","south","Gaylussacia_baccata","64"
349,"small_woody_stems","south","Quercus_ilicifolia","4"
349,"small_woody_stems","south","Acer_rubrum","7"
349,"small_woody_stems","south","Kalmia_latifolia","3"
349,"small_woody_stems","south","Pinus_rigida","0"
349,"small_woody_stems","south","Vaccinium_angustifolium","2"
349,"small_woody_stems","south","Smilax_rotundifolia","4"
349,"medium_woody_stems","south","Vaccinium_pallidum","2"
349,"medium_woody_stems","south","Gaylussacia_baccata","0"
349,"medium_woody_stems","south","Quercus_ilicifolia","0"
349,"medium_woody_stems","south","Acer_rubrum","0"
349,"medium_woody_stems","south","Kalmia_latifolia","0"
349,"medium_woody_stems","south","Pinus_rigida","1"
349,"medium_woody_stems","south","Vaccinium_angustifolium","0"
349,"medium_woody_stems","south","Smilax_rotundifolia","0"
349,"large_woody_stems","south","Vaccinium_pallidum","0"
349,"large_woody_stems","south","Gaylussacia_baccata","0"
349,"large_woody_stems","south","Quercus_ilicifolia","0"
349,"large_woody_stems","south","Acer_rubrum","0"
349,"large_woody_stems","south","Kalmia_latifolia","0"
349,"large_woody_stems","south","Pinus_rigida","0"
349,"large_woody_stems","south","Vaccinium_angustifolium","0"
349,"large_woody_stems","south","Smilax_rotundifolia","0"
350,"basalarea","none","Pinus_rigida","3"
350,"basalarea","none","Acer_rubrum","1"
350,"basalarea","none","Nyssa_sylvatica","0"
350,"snag","none","snag","0"
350,"basalarea_edge","none","nodata","8"
350,"small_woody_stems","north","Vaccinium_pallidum","17"
350,"small_woody_stems","north","Kalmia_latifolia","1"
350,"small_woody_stems","north","Gaylussacia_baccata","18"
350,"small_woody_stems","north","Nyssa_sylvatica","0"
350,"small_woody_stems","north","Quercus_montana","0"
350,"small_woody_stems","north","Sassafras_albidum","0"
350,"small_woody_stems","north","Acer_rubrum","0"
350,"small_woody_stems","north","Pinus_rigida","0"
350,"small_woody_stems","north","Quercus_ilicifolia","0"
350,"medium_woody_stems","north","Vaccinium_pallidum","0"
350,"medium_woody_stems","north","Kalmia_latifolia","2"
350,"medium_woody_stems","north","Gaylussacia_baccata","0"
350,"medium_woody_stems","north","Nyssa_sylvatica","0"
350,"medium_woody_stems","north","Quercus_montana","0"
350,"medium_woody_stems","north","Sassafras_albidum","0"
350,"medium_woody_stems","north","Acer_rubrum","0"
350,"medium_woody_stems","north","Pinus_rigida","0"
350,"medium_woody_stems","north","Quercus_ilicifolia","0"
350,"large_woody_stems","north","Vaccinium_pallidum","0"
350,"large_woody_stems","north","Kalmia_latifolia","6"
350,"large_woody_stems","north","Gaylussacia_baccata","0"
350,"large_woody_stems","north","Nyssa_sylvatica","11"
350,"large_woody_stems","north","Quercus_montana","1"
350,"large_woody_stems","north","Sassafras_albidum","1"
350,"large_woody_stems","north","Acer_rubrum","2"
350,"large_woody_stems","north","Pinus_rigida","0"
350,"large_woody_stems","north","Quercus_ilicifolia","0"
350,"small_woody_stems","south","Vaccinium_pallidum","13"
350,"small_woody_stems","south","Kalmia_latifolia","0"
350,"small_woody_stems","south","Gaylussacia_baccata","17"
350,"small_woody_stems","south","Nyssa_sylvatica","0"
350,"small_woody_stems","south","Quercus_montana","0"
350,"small_woody_stems","south","Sassafras_albidum","0"
350,"small_woody_stems","south","Acer_rubrum","0"
350,"small_woody_stems","south","Pinus_rigida","0"
350,"small_woody_stems","south","Quercus_ilicifolia","0"
350,"medium_woody_stems","south","Vaccinium_pallidum","2"
350,"medium_woody_stems","south","Kalmia_latifolia","2"
350,"medium_woody_stems","south","Gaylussacia_baccata","0"
350,"medium_woody_stems","south","Nyssa_sylvatica","0"
350,"medium_woody_stems","south","Quercus_montana","0"
350,"medium_woody_stems","south","Sassafras_albidum","0"
350,"medium_woody_stems","south","Acer_rubrum","0"
350,"medium_woody_stems","south","Pinus_rigida","0"
350,"medium_woody_stems","south","Quercus_ilicifolia","0"
350,"large_woody_stems","south","Vaccinium_pallidum","0"
350,"large_woody_stems","south","Kalmia_latifolia","5"
350,"large_woody_stems","south","Gaylussacia_baccata","0"
350,"large_woody_stems","south","Nyssa_sylvatica","4"
350,"large_woody_stems","south","Quercus_montana","0"
350,"large_woody_stems","south","Sassafras_albidum","1"
350,"large_woody_stems","south","Acer_rubrum","0"
350,"large_woody_stems","south","Pinus_rigida","1"
350,"large_woody_stems","south","Quercus_ilicifolia","1"
351,"basalarea","none","Pinus_rigida","3"
351,"basalarea","none","Acer_rubrum","1"
351,"snag","none","snag","1"
351,"basalarea_edge","none","nodata","3"
351,"small_woody_stems","north","Kalmia_latifolia","4"
351,"small_woody_stems","north","Vaccinium_pallidum","16"
351,"small_woody_stems","north","Gaylussacia_baccata","7"
351,"small_woody_stems","north","Nyssa_sylvatica","0"
351,"small_woody_stems","north","Acer_rubrum","0"
351,"small_woody_stems","north","Quercus_montana","0"
351,"small_woody_stems","north","Amelanchier_spp","0"
351,"small_woody_stems","north","Sassafras_albidum","0"
351,"medium_woody_stems","north","Kalmia_latifolia","2"
351,"medium_woody_stems","north","Vaccinium_pallidum","0"
351,"medium_woody_stems","north","Gaylussacia_baccata","0"
351,"medium_woody_stems","north","Nyssa_sylvatica","0"
351,"medium_woody_stems","north","Acer_rubrum","0"
351,"medium_woody_stems","north","Quercus_montana","0"
351,"medium_woody_stems","north","Amelanchier_spp","0"
351,"medium_woody_stems","north","Sassafras_albidum","0"
351,"large_woody_stems","north","Kalmia_latifolia","4"
351,"large_woody_stems","north","Vaccinium_pallidum","0"
351,"large_woody_stems","north","Gaylussacia_baccata","0"
351,"large_woody_stems","north","Nyssa_sylvatica","14"
351,"large_woody_stems","north","Acer_rubrum","1"
351,"large_woody_stems","north","Quercus_montana","3"
351,"large_woody_stems","north","Amelanchier_spp","0"
351,"large_woody_stems","north","Sassafras_albidum","0"
351,"small_woody_stems","south","Kalmia_latifolia","1"
351,"small_woody_stems","south","Vaccinium_pallidum","4"
351,"small_woody_stems","south","Gaylussacia_baccata","5"
351,"small_woody_stems","south","Nyssa_sylvatica","0"
351,"small_woody_stems","south","Acer_rubrum","0"
351,"small_woody_stems","south","Quercus_montana","0"
351,"small_woody_stems","south","Amelanchier_spp","0"
351,"small_woody_stems","south","Sassafras_albidum","0"
351,"medium_woody_stems","south","Kalmia_latifolia","7"
351,"medium_woody_stems","south","Vaccinium_pallidum","0"
351,"medium_woody_stems","south","Gaylussacia_baccata","11"
351,"medium_woody_stems","south","Nyssa_sylvatica","0"
351,"medium_woody_stems","south","Acer_rubrum","0"
351,"medium_woody_stems","south","Quercus_montana","0"
351,"medium_woody_stems","south","Amelanchier_spp","0"
351,"medium_woody_stems","south","Sassafras_albidum","0"
351,"large_woody_stems","south","Kalmia_latifolia","7"
351,"large_woody_stems","south","Vaccinium_pallidum","0"
351,"large_woody_stems","south","Gaylussacia_baccata","0"
351,"large_woody_stems","south","Nyssa_sylvatica","1"
351,"large_woody_stems","south","Acer_rubrum","1"
351,"large_woody_stems","south","Quercus_montana","2"
351,"large_woody_stems","south","Amelanchier_spp","1"
351,"large_woody_stems","south","Sassafras_albidum","1"
352,"basalarea","none","Nyssa_sylvatica","3"
352,"basalarea","none","Sassafras_albidum","0"
352,"basalarea","none","Quercus_velutina","2"
352,"basalarea","none","Acer_rubrum","1"
352,"basalarea","none","Quercus_montana","0"
352,"snag","none","snag","0"
352,"basalarea_edge","none","nodata","5"
352,"small_woody_stems","north","Kalmia_latifolia","7"
352,"small_woody_stems","north","Gaylussacia_baccata","20"
352,"small_woody_stems","north","Vaccinium_angustifolium","5"
352,"small_woody_stems","north","Gaylussacia_frondosa","0"
352,"small_woody_stems","north","Vaccinium_pallidum","0"
352,"small_woody_stems","north","Amelanchier_spp","0"
352,"small_woody_stems","north","Pinus_strobus","0"
352,"medium_woody_stems","north","Kalmia_latifolia","3"
352,"medium_woody_stems","north","Gaylussacia_baccata","0"
352,"medium_woody_stems","north","Vaccinium_angustifolium","0"
352,"medium_woody_stems","north","Gaylussacia_frondosa","1"
352,"medium_woody_stems","north","Vaccinium_pallidum","0"
352,"medium_woody_stems","north","Amelanchier_spp","0"
352,"medium_woody_stems","north","Pinus_strobus","0"
352,"large_woody_stems","north","Kalmia_latifolia","12"
352,"large_woody_stems","north","Gaylussacia_baccata","0"
352,"large_woody_stems","north","Vaccinium_angustifolium","0"
352,"large_woody_stems","north","Gaylussacia_frondosa","0"
352,"large_woody_stems","north","Vaccinium_pallidum","0"
352,"large_woody_stems","north","Amelanchier_spp","0"
352,"large_woody_stems","north","Pinus_strobus","0"
352,"small_woody_stems","south","Kalmia_latifolia","7"
352,"small_woody_stems","south","Gaylussacia_baccata","17"
352,"small_woody_stems","south","Vaccinium_angustifolium","0"
352,"small_woody_stems","south","Gaylussacia_frondosa","9"
352,"small_woody_stems","south","Vaccinium_pallidum","10"
352,"small_woody_stems","south","Amelanchier_spp","1"
352,"small_woody_stems","south","Pinus_strobus","0"
352,"medium_woody_stems","south","Kalmia_latifolia","11"
352,"medium_woody_stems","south","Gaylussacia_baccata","0"
352,"medium_woody_stems","south","Vaccinium_angustifolium","0"
352,"medium_woody_stems","south","Gaylussacia_frondosa","2"
352,"medium_woody_stems","south","Vaccinium_pallidum","0"
352,"medium_woody_stems","south","Amelanchier_spp","0"
352,"medium_woody_stems","south","Pinus_strobus","1"
352,"large_woody_stems","south","Kalmia_latifolia","5"
352,"large_woody_stems","south","Gaylussacia_baccata","0"
352,"large_woody_stems","south","Vaccinium_angustifolium","0"
352,"large_woody_stems","south","Gaylussacia_frondosa","0"
352,"large_woody_stems","south","Vaccinium_pallidum","0"
352,"large_woody_stems","south","Amelanchier_spp","0"
352,"large_woody_stems","south","Pinus_strobus","0"
353,"basalarea","none","Sassafras_albidum","1"
353,"basalarea","none","Quercus_montana","0"
353,"snag","none","snag","5"
353,"basalarea_edge","none","nodata","2"
353,"small_woody_stems","north","Kalmia_latifolia","4"
353,"small_woody_stems","north","Vaccinium_angustifolium","2"
353,"small_woody_stems","north","Gaylussacia_baccata","18"
353,"small_woody_stems","north","Gaylussacia_frondosa","10"
353,"small_woody_stems","north","Pinus_strobus","0"
353,"small_woody_stems","north","Acer_rubrum","0"
353,"small_woody_stems","north","Vaccinium_pallidum","0"
353,"small_woody_stems","north","Smilax_rotundifolia","0"
353,"small_woody_stems","north","Amelanchier_spp","0"
353,"small_woody_stems","north","Sassafras_albidum","0"
353,"small_woody_stems","north","Quercus_montana","0"
353,"medium_woody_stems","north","Kalmia_latifolia","6"
353,"medium_woody_stems","north","Vaccinium_angustifolium","0"
353,"medium_woody_stems","north","Gaylussacia_baccata","11"
353,"medium_woody_stems","north","Gaylussacia_frondosa","5"
353,"medium_woody_stems","north","Pinus_strobus","0"
353,"medium_woody_stems","north","Acer_rubrum","0"
353,"medium_woody_stems","north","Vaccinium_pallidum","0"
353,"medium_woody_stems","north","Smilax_rotundifolia","0"
353,"medium_woody_stems","north","Amelanchier_spp","0"
353,"medium_woody_stems","north","Sassafras_albidum","0"
353,"medium_woody_stems","north","Quercus_montana","0"
353,"large_woody_stems","north","Kalmia_latifolia","9"
353,"large_woody_stems","north","Vaccinium_angustifolium","0"
353,"large_woody_stems","north","Gaylussacia_baccata","0"
353,"large_woody_stems","north","Gaylussacia_frondosa","0"
353,"large_woody_stems","north","Pinus_strobus","1"
353,"large_woody_stems","north","Acer_rubrum","0"
353,"large_woody_stems","north","Vaccinium_pallidum","0"
353,"large_woody_stems","north","Smilax_rotundifolia","0"
353,"large_woody_stems","north","Amelanchier_spp","0"
353,"large_woody_stems","north","Sassafras_albidum","1"
353,"large_woody_stems","north","Quercus_montana","0"
353,"small_woody_stems","south","Kalmia_latifolia","3"
353,"small_woody_stems","south","Vaccinium_angustifolium","0"
353,"small_woody_stems","south","Gaylussacia_baccata","20"
353,"small_woody_stems","south","Gaylussacia_frondosa","25"
353,"small_woody_stems","south","Pinus_strobus","0"
353,"small_woody_stems","south","Acer_rubrum","1"
353,"small_woody_stems","south","Vaccinium_pallidum","9"
353,"small_woody_stems","south","Smilax_rotundifolia","2"
353,"small_woody_stems","south","Amelanchier_spp","0"
353,"small_woody_stems","south","Sassafras_albidum","0"
353,"small_woody_stems","south","Quercus_montana","0"
353,"medium_woody_stems","south","Kalmia_latifolia","5"
353,"medium_woody_stems","south","Vaccinium_angustifolium","0"
353,"medium_woody_stems","south","Gaylussacia_baccata","32"
353,"medium_woody_stems","south","Gaylussacia_frondosa","20"
353,"medium_woody_stems","south","Pinus_strobus","0"
353,"medium_woody_stems","south","Acer_rubrum","0"
353,"medium_woody_stems","south","Vaccinium_pallidum","0"
353,"medium_woody_stems","south","Smilax_rotundifolia","1"
353,"medium_woody_stems","south","Amelanchier_spp","2"
353,"medium_woody_stems","south","Sassafras_albidum","0"
353,"medium_woody_stems","south","Quercus_montana","0"
353,"large_woody_stems","south","Kalmia_latifolia","4"
353,"large_woody_stems","south","Vaccinium_angustifolium","0"
353,"large_woody_stems","south","Gaylussacia_baccata","4"
353,"large_woody_stems","south","Gaylussacia_frondosa","0"
353,"large_woody_stems","south","Pinus_strobus","0"
353,"large_woody_stems","south","Acer_rubrum","0"
353,"large_woody_stems","south","Vaccinium_pallidum","0"
353,"large_woody_stems","south","Smilax_rotundifolia","0"
353,"large_woody_stems","south","Amelanchier_spp","0"
353,"large_woody_stems","south","Sassafras_albidum","1"
353,"large_woody_stems","south","Quercus_montana","1"
354,"basalarea","none","Nyssa_sylvatica","3"
354,"basalarea","none","Pinus_rigida","6"
354,"basalarea","none","Acer_rubrum","1"
354,"snag","none","snag","2"
354,"basalarea_edge","none","nodata","7"
354,"small_woody_stems","north","Kalmia_latifolia","8"
354,"small_woody_stems","north","Nyssa_sylvatica","0"
354,"small_woody_stems","north","Gaylussacia_baccata","2"
354,"small_woody_stems","north","Vaccinium_pallidum","1"
354,"medium_woody_stems","north","Kalmia_latifolia","13"
354,"medium_woody_stems","north","Nyssa_sylvatica","0"
354,"medium_woody_stems","north","Gaylussacia_baccata","0"
354,"medium_woody_stems","north","Vaccinium_pallidum","1"
354,"large_woody_stems","north","Kalmia_latifolia","3"
354,"large_woody_stems","north","Nyssa_sylvatica","3"
354,"large_woody_stems","north","Gaylussacia_baccata","0"
354,"large_woody_stems","north","Vaccinium_pallidum","0"
354,"small_woody_stems","south","Kalmia_latifolia","10"
354,"small_woody_stems","south","Nyssa_sylvatica","0"
354,"small_woody_stems","south","Gaylussacia_baccata","7"
354,"small_woody_stems","south","Vaccinium_pallidum","13"
354,"medium_woody_stems","south","Kalmia_latifolia","6"
354,"medium_woody_stems","south","Nyssa_sylvatica","0"
354,"medium_woody_stems","south","Gaylussacia_baccata","0"
354,"medium_woody_stems","south","Vaccinium_pallidum","0"
354,"large_woody_stems","south","Kalmia_latifolia","4"
354,"large_woody_stems","south","Nyssa_sylvatica","1"
354,"large_woody_stems","south","Gaylussacia_baccata","0"
354,"large_woody_stems","south","Vaccinium_pallidum","0"
355,"basalarea","none","Pinus_rigida","1"
355,"basalarea","none","Nyssa_sylvatica","0"
355,"snag","none","snag","0"
355,"basalarea_edge","none","nodata","8"
355,"small_woody_stems","north","Kalmia_latifolia","8"
355,"small_woody_stems","north","Nyssa_sylvatica","0"
355,"small_woody_stems","north","Gaylussacia_baccata","8"
355,"small_woody_stems","north","Vaccinium_pallidum","5"
355,"small_woody_stems","north","Acer_rubrum","0"
355,"small_woody_stems","north","Gaylussacia_frondosa","0"
355,"medium_woody_stems","north","Kalmia_latifolia","12"
355,"medium_woody_stems","north","Nyssa_sylvatica","0"
355,"medium_woody_stems","north","Gaylussacia_baccata","2"
355,"medium_woody_stems","north","Vaccinium_pallidum","0"
355,"medium_woody_stems","north","Acer_rubrum","0"
355,"medium_woody_stems","north","Gaylussacia_frondosa","0"
355,"large_woody_stems","north","Kalmia_latifolia","5"
355,"large_woody_stems","north","Nyssa_sylvatica","2"
355,"large_woody_stems","north","Gaylussacia_baccata","0"
355,"large_woody_stems","north","Vaccinium_pallidum","0"
355,"large_woody_stems","north","Acer_rubrum","0"
355,"large_woody_stems","north","Gaylussacia_frondosa","0"
355,"small_woody_stems","south","Kalmia_latifolia","0"
355,"small_woody_stems","south","Nyssa_sylvatica","0"
355,"small_woody_stems","south","Gaylussacia_baccata","30"
355,"small_woody_stems","south","Vaccinium_pallidum","45"
355,"small_woody_stems","south","Acer_rubrum","2"
355,"small_woody_stems","south","Gaylussacia_frondosa","0"
355,"medium_woody_stems","south","Kalmia_latifolia","8"
355,"medium_woody_stems","south","Nyssa_sylvatica","0"
355,"medium_woody_stems","south","Gaylussacia_baccata","2"
355,"medium_woody_stems","south","Vaccinium_pallidum","2"
355,"medium_woody_stems","south","Acer_rubrum","0"
355,"medium_woody_stems","south","Gaylussacia_frondosa","5"
355,"large_woody_stems","south","Kalmia_latifolia","6"
355,"large_woody_stems","south","Nyssa_sylvatica","0"
355,"large_woody_stems","south","Gaylussacia_baccata","0"
355,"large_woody_stems","south","Vaccinium_pallidum","0"
355,"large_woody_stems","south","Acer_rubrum","0"
355,"large_woody_stems","south","Gaylussacia_frondosa","1"
356,"basalarea","none","Nyssa_sylvatica","0"
356,"basalarea","none","Pinus_rigida","2"
356,"snag","none","snag","0"
356,"basalarea_edge","none","nodata","4"
356,"small_woody_stems","north","Gaylussacia_baccata","15"
356,"small_woody_stems","north","Kalmia_latifolia","6"
356,"small_woody_stems","north","Gaylussacia_frondosa","45"
356,"small_woody_stems","north","Amelanchier_spp","0"
356,"small_woody_stems","north","Acer_rubrum","1"
356,"small_woody_stems","north","Smilax_rotundifolia","0"
356,"medium_woody_stems","north","Gaylussacia_baccata","0"
356,"medium_woody_stems","north","Kalmia_latifolia","0"
356,"medium_woody_stems","north","Gaylussacia_frondosa","6"
356,"medium_woody_stems","north","Amelanchier_spp","1"
356,"medium_woody_stems","north","Acer_rubrum","0"
356,"medium_woody_stems","north","Smilax_rotundifolia","1"
356,"large_woody_stems","north","Gaylussacia_baccata","0"
356,"large_woody_stems","north","Kalmia_latifolia","4"
356,"large_woody_stems","north","Gaylussacia_frondosa","0"
356,"large_woody_stems","north","Amelanchier_spp","0"
356,"large_woody_stems","north","Acer_rubrum","0"
356,"large_woody_stems","north","Smilax_rotundifolia","0"
356,"small_woody_stems","south","Gaylussacia_baccata","3"
356,"small_woody_stems","south","Kalmia_latifolia","0"
356,"small_woody_stems","south","Gaylussacia_frondosa","27"
356,"small_woody_stems","south","Amelanchier_spp","0"
356,"small_woody_stems","south","Acer_rubrum","0"
356,"small_woody_stems","south","Smilax_rotundifolia","0"
356,"medium_woody_stems","south","Gaylussacia_baccata","1"
356,"medium_woody_stems","south","Kalmia_latifolia","7"
356,"medium_woody_stems","south","Gaylussacia_frondosa","7"
356,"medium_woody_stems","south","Amelanchier_spp","0"
356,"medium_woody_stems","south","Acer_rubrum","0"
356,"medium_woody_stems","south","Smilax_rotundifolia","0"
356,"large_woody_stems","south","Gaylussacia_baccata","0"
356,"large_woody_stems","south","Kalmia_latifolia","8"
356,"large_woody_stems","south","Gaylussacia_frondosa","0"
356,"large_woody_stems","south","Amelanchier_spp","0"
356,"large_woody_stems","south","Acer_rubrum","1"
356,"large_woody_stems","south","Smilax_rotundifolia","0"
357,"basalarea","none","Nyssa_sylvatica","4"
357,"snag","none","snag","4"
357,"basalarea_edge","none","nodata","4"
357,"small_woody_stems","north","Gaylussacia_frondosa","11"
357,"small_woody_stems","north","Kalmia_latifolia","1"
357,"small_woody_stems","north","Nyssa_sylvatica","0"
357,"small_woody_stems","north","Quercus_montana","0"
357,"medium_woody_stems","north","Gaylussacia_frondosa","18"
357,"medium_woody_stems","north","Kalmia_latifolia","3"
357,"medium_woody_stems","north","Nyssa_sylvatica","0"
357,"medium_woody_stems","north","Quercus_montana","0"
357,"large_woody_stems","north","Gaylussacia_frondosa","0"
357,"large_woody_stems","north","Kalmia_latifolia","10"
357,"large_woody_stems","north","Nyssa_sylvatica","0"
357,"large_woody_stems","north","Quercus_montana","0"
357,"small_woody_stems","south","Gaylussacia_frondosa","11"
357,"small_woody_stems","south","Kalmia_latifolia","0"
357,"small_woody_stems","south","Nyssa_sylvatica","0"
357,"small_woody_stems","south","Quercus_montana","0"
357,"medium_woody_stems","south","Gaylussacia_frondosa","7"
357,"medium_woody_stems","south","Kalmia_latifolia","3"
357,"medium_woody_stems","south","Nyssa_sylvatica","0"
357,"medium_woody_stems","south","Quercus_montana","0"
357,"large_woody_stems","south","Gaylussacia_frondosa","0"
357,"large_woody_stems","south","Kalmia_latifolia","18"
357,"large_woody_stems","south","Nyssa_sylvatica","3"
357,"large_woody_stems","south","Quercus_montana","1"
358,"basalarea","none","Nyssa_sylvatica","3"
358,"basalarea","none","Pinus_strobus","0"
358,"snag","none","snag","4"
358,"basalarea_edge","none","nodata","5"
358,"small_woody_stems","north","Kalmia_latifolia","6"
358,"small_woody_stems","north","Vaccinium_pallidum","3"
358,"small_woody_stems","north","Amelanchier_spp","1"
358,"small_woody_stems","north","Nyssa_sylvatica","0"
358,"small_woody_stems","north","Vaccinium_angustifolium","0"
358,"small_woody_stems","north","Pinus_strobus","0"
358,"medium_woody_stems","north","Kalmia_latifolia","1"
358,"medium_woody_stems","north","Vaccinium_pallidum","0"
358,"medium_woody_stems","north","Amelanchier_spp","0"
358,"medium_woody_stems","north","Nyssa_sylvatica","0"
358,"medium_woody_stems","north","Vaccinium_angustifolium","0"
358,"medium_woody_stems","north","Pinus_strobus","0"
358,"large_woody_stems","north","Kalmia_latifolia","18"
358,"large_woody_stems","north","Vaccinium_pallidum","0"
358,"large_woody_stems","north","Amelanchier_spp","0"
358,"large_woody_stems","north","Nyssa_sylvatica","1"
358,"large_woody_stems","north","Vaccinium_angustifolium","0"
358,"large_woody_stems","north","Pinus_strobus","0"
358,"small_woody_stems","south","Kalmia_latifolia","5"
358,"small_woody_stems","south","Vaccinium_pallidum","0"
358,"small_woody_stems","south","Amelanchier_spp","0"
358,"small_woody_stems","south","Nyssa_sylvatica","0"
358,"small_woody_stems","south","Vaccinium_angustifolium","6"
358,"small_woody_stems","south","Pinus_strobus","1"
358,"medium_woody_stems","south","Kalmia_latifolia","1"
358,"medium_woody_stems","south","Vaccinium_pallidum","0"
358,"medium_woody_stems","south","Amelanchier_spp","0"
358,"medium_woody_stems","south","Nyssa_sylvatica","0"
358,"medium_woody_stems","south","Vaccinium_angustifolium","0"
358,"medium_woody_stems","south","Pinus_strobus","0"
358,"large_woody_stems","south","Kalmia_latifolia","12"
358,"large_woody_stems","south","Vaccinium_pallidum","0"
358,"large_woody_stems","south","Amelanchier_spp","0"
358,"large_woody_stems","south","Nyssa_sylvatica","0"
358,"large_woody_stems","south","Vaccinium_angustifolium","0"
358,"large_woody_stems","south","Pinus_strobus","0"
359,"basalarea","none","Quercus_montana","1"
359,"basalarea","none","Nyssa_sylvatica","6"
359,"basalarea","none","Pinus_rigida","1"
359,"snag","none","snag","2"
359,"basalarea_edge","none","nodata","7"
359,"small_woody_stems","north","Gaylussacia_frondosa","8"
359,"small_woody_stems","north","Vaccinium_pallidum","9"
359,"small_woody_stems","north","Gaylussacia_baccata","27"
359,"small_woody_stems","north","Kalmia_latifolia","1"
359,"small_woody_stems","north","Quercus_rubra","0"
359,"medium_woody_stems","north","Gaylussacia_frondosa","3"
359,"medium_woody_stems","north","Vaccinium_pallidum","0"
359,"medium_woody_stems","north","Gaylussacia_baccata","12"
359,"medium_woody_stems","north","Kalmia_latifolia","5"
359,"medium_woody_stems","north","Quercus_rubra","0"
359,"large_woody_stems","north","Gaylussacia_frondosa","0"
359,"large_woody_stems","north","Vaccinium_pallidum","0"
359,"large_woody_stems","north","Gaylussacia_baccata","0"
359,"large_woody_stems","north","Kalmia_latifolia","1"
359,"large_woody_stems","north","Quercus_rubra","0"
359,"small_woody_stems","south","Gaylussacia_frondosa","31"
359,"small_woody_stems","south","Vaccinium_pallidum","16"
359,"small_woody_stems","south","Gaylussacia_baccata","0"
359,"small_woody_stems","south","Kalmia_latifolia","6"
359,"small_woody_stems","south","Quercus_rubra","0"
359,"medium_woody_stems","south","Gaylussacia_frondosa","2"
359,"medium_woody_stems","south","Vaccinium_pallidum","0"
359,"medium_woody_stems","south","Gaylussacia_baccata","0"
359,"medium_woody_stems","south","Kalmia_latifolia","2"
359,"medium_woody_stems","south","Quercus_rubra","1"
359,"large_woody_stems","south","Gaylussacia_frondosa","7"
359,"large_woody_stems","south","Vaccinium_pallidum","0"
359,"large_woody_stems","south","Gaylussacia_baccata","0"
359,"large_woody_stems","south","Kalmia_latifolia","7"
359,"large_woody_stems","south","Quercus_rubra","0"
360,"basalarea","none","Nyssa_sylvatica","1"
360,"basalarea","none","Pinus_rigida","1"
360,"snag","none","snag","0"
360,"basalarea_edge","none","nodata","1"
360,"small_woody_stems","north","Gaylussacia_baccata","37"
360,"small_woody_stems","north","Kalmia_latifolia","2"
360,"small_woody_stems","north","Vaccinium_pallidum","19"
360,"small_woody_stems","north","Pinus_rigida","1"
360,"medium_woody_stems","north","Gaylussacia_baccata","0"
360,"medium_woody_stems","north","Kalmia_latifolia","2"
360,"medium_woody_stems","north","Vaccinium_pallidum","0"
360,"medium_woody_stems","north","Pinus_rigida","0"
360,"large_woody_stems","north","Gaylussacia_baccata","0"
360,"large_woody_stems","north","Kalmia_latifolia","2"
360,"large_woody_stems","north","Vaccinium_pallidum","0"
360,"large_woody_stems","north","Pinus_rigida","0"
360,"small_woody_stems","south","Gaylussacia_baccata","27"
360,"small_woody_stems","south","Kalmia_latifolia","2"
360,"small_woody_stems","south","Vaccinium_pallidum","15"
360,"small_woody_stems","south","Pinus_rigida","0"
360,"medium_woody_stems","south","Gaylussacia_baccata","0"
360,"medium_woody_stems","south","Kalmia_latifolia","1"
360,"medium_woody_stems","south","Vaccinium_pallidum","0"
360,"medium_woody_stems","south","Pinus_rigida","0"
360,"large_woody_stems","south","Gaylussacia_baccata","0"
360,"large_woody_stems","south","Kalmia_latifolia","0"
360,"large_woody_stems","south","Vaccinium_pallidum","0"
360,"large_woody_stems","south","Pinus_rigida","0"
361,"basalarea","none","Quercus_montana","1"
361,"basalarea","none","Nyssa_sylvatica","2"
361,"snag","none","snag","2"
361,"basalarea_edge","none","nodata","9"
361,"small_woody_stems","north","Kalmia_latifolia","0"
361,"small_woody_stems","north","Gaylussacia_frondosa","4"
361,"small_woody_stems","north","Gaylussacia_baccata","4"
361,"small_woody_stems","north","Vaccinium_pallidum","3"
361,"medium_woody_stems","north","Kalmia_latifolia","9"
361,"medium_woody_stems","north","Gaylussacia_frondosa","34"
361,"medium_woody_stems","north","Gaylussacia_baccata","13"
361,"medium_woody_stems","north","Vaccinium_pallidum","1"
361,"large_woody_stems","north","Kalmia_latifolia","13"
361,"large_woody_stems","north","Gaylussacia_frondosa","2"
361,"large_woody_stems","north","Gaylussacia_baccata","0"
361,"large_woody_stems","north","Vaccinium_pallidum","0"
361,"small_woody_stems","south","Kalmia_latifolia","17"
361,"small_woody_stems","south","Gaylussacia_frondosa","7"
361,"small_woody_stems","south","Gaylussacia_baccata","12"
361,"small_woody_stems","south","Vaccinium_pallidum","11"
361,"medium_woody_stems","south","Kalmia_latifolia","7"
361,"medium_woody_stems","south","Gaylussacia_frondosa","3"
361,"medium_woody_stems","south","Gaylussacia_baccata","0"
361,"medium_woody_stems","south","Vaccinium_pallidum","0"
361,"large_woody_stems","south","Kalmia_latifolia","7"
361,"large_woody_stems","south","Gaylussacia_frondosa","0"
361,"large_woody_stems","south","Gaylussacia_baccata","0"
361,"large_woody_stems","south","Vaccinium_pallidum","0"
362,"basalarea","none","Nyssa_sylvatica","7"
362,"basalarea","none","Pinus_rigida","0"
362,"snag","none","snag","5"
362,"basalarea_edge","none","nodata","5"
362,"small_woody_stems","north","Kalmia_latifolia","17"
362,"small_woody_stems","north","Gaylussacia_baccata","21"
362,"small_woody_stems","north","Vaccinium_pallidum","3"
362,"small_woody_stems","north","Acer_rubrum","0"
362,"small_woody_stems","north","Vaccinium_angustifolium","0"
362,"medium_woody_stems","north","Kalmia_latifolia","9"
362,"medium_woody_stems","north","Gaylussacia_baccata","9"
362,"medium_woody_stems","north","Vaccinium_pallidum","0"
362,"medium_woody_stems","north","Acer_rubrum","1"
362,"medium_woody_stems","north","Vaccinium_angustifolium","0"
362,"large_woody_stems","north","Kalmia_latifolia","7"
362,"large_woody_stems","north","Gaylussacia_baccata","0"
362,"large_woody_stems","north","Vaccinium_pallidum","0"
362,"large_woody_stems","north","Acer_rubrum","0"
362,"large_woody_stems","north","Vaccinium_angustifolium","0"
362,"small_woody_stems","south","Kalmia_latifolia","0"
362,"small_woody_stems","south","Gaylussacia_baccata","41"
362,"small_woody_stems","south","Vaccinium_pallidum","4"
362,"small_woody_stems","south","Acer_rubrum","0"
362,"small_woody_stems","south","Vaccinium_angustifolium","6"
362,"medium_woody_stems","south","Kalmia_latifolia","2"
362,"medium_woody_stems","south","Gaylussacia_baccata","13"
362,"medium_woody_stems","south","Vaccinium_pallidum","1"
362,"medium_woody_stems","south","Acer_rubrum","0"
362,"medium_woody_stems","south","Vaccinium_angustifolium","0"
362,"large_woody_stems","south","Kalmia_latifolia","5"
362,"large_woody_stems","south","Gaylussacia_baccata","0"
362,"large_woody_stems","south","Vaccinium_pallidum","0"
362,"large_woody_stems","south","Acer_rubrum","0"
362,"large_woody_stems","south","Vaccinium_angustifolium","0"
363,"basalarea","none","Nyssa_sylvatica","7"
363,"basalarea","none","Quercus_montana","1"
363,"snag","none","snag","4"
363,"basalarea_edge","none","nodata","7"
363,"small_woody_stems","north","Gaylussacia_baccata","4"
363,"small_woody_stems","north","Kalmia_latifolia","6"
363,"small_woody_stems","north","Smilax_rotundifolia","0"
363,"small_woody_stems","north","Gaylussacia_frondosa","0"
363,"small_woody_stems","north","Vaccinium_pallidum","0"
363,"medium_woody_stems","north","Gaylussacia_baccata","5"
363,"medium_woody_stems","north","Kalmia_latifolia","2"
363,"medium_woody_stems","north","Smilax_rotundifolia","2"
363,"medium_woody_stems","north","Gaylussacia_frondosa","0"
363,"medium_woody_stems","north","Vaccinium_pallidum","0"
363,"large_woody_stems","north","Gaylussacia_baccata","0"
363,"large_woody_stems","north","Kalmia_latifolia","15"
363,"large_woody_stems","north","Smilax_rotundifolia","13"
363,"large_woody_stems","north","Gaylussacia_frondosa","0"
363,"large_woody_stems","north","Vaccinium_pallidum","0"
363,"small_woody_stems","south","Gaylussacia_baccata","12"
363,"small_woody_stems","south","Kalmia_latifolia","3"
363,"small_woody_stems","south","Smilax_rotundifolia","0"
363,"small_woody_stems","south","Gaylussacia_frondosa","6"
363,"small_woody_stems","south","Vaccinium_pallidum","21"
363,"medium_woody_stems","south","Gaylussacia_baccata","0"
363,"medium_woody_stems","south","Kalmia_latifolia","4"
363,"medium_woody_stems","south","Smilax_rotundifolia","0"
363,"medium_woody_stems","south","Gaylussacia_frondosa","6"
363,"medium_woody_stems","south","Vaccinium_pallidum","6"
363,"large_woody_stems","south","Gaylussacia_baccata","0"
363,"large_woody_stems","south","Kalmia_latifolia","5"
363,"large_woody_stems","south","Smilax_rotundifolia","0"
363,"large_woody_stems","south","Gaylussacia_frondosa","0"
363,"large_woody_stems","south","Vaccinium_pallidum","0"
364,"basalarea","none","Nyssa_sylvatica","4"
364,"basalarea","none","Pinus_strobus","1"
364,"snag","none","snag","1"
364,"basalarea_edge","none","nodata","6"
364,"small_woody_stems","north","Kalmia_latifolia","13"
364,"small_woody_stems","north","Vaccinium_pallidum","1"
364,"small_woody_stems","north","Gaylussacia_baccata","10"
364,"small_woody_stems","north","Pinus_strobus","2"
364,"small_woody_stems","north","Betula_lenta","1"
364,"medium_woody_stems","north","Kalmia_latifolia","6"
364,"medium_woody_stems","north","Vaccinium_pallidum","0"
364,"medium_woody_stems","north","Gaylussacia_baccata","0"
364,"medium_woody_stems","north","Pinus_strobus","1"
364,"medium_woody_stems","north","Betula_lenta","0"
364,"large_woody_stems","north","Kalmia_latifolia","1"
364,"large_woody_stems","north","Vaccinium_pallidum","0"
364,"large_woody_stems","north","Gaylussacia_baccata","0"
364,"large_woody_stems","north","Pinus_strobus","1"
364,"large_woody_stems","north","Betula_lenta","0"
364,"small_woody_stems","south","Kalmia_latifolia","9"
364,"small_woody_stems","south","Vaccinium_pallidum","3"
364,"small_woody_stems","south","Gaylussacia_baccata","0"
364,"small_woody_stems","south","Pinus_strobus","0"
364,"small_woody_stems","south","Betula_lenta","1"
364,"medium_woody_stems","south","Kalmia_latifolia","12"
364,"medium_woody_stems","south","Vaccinium_pallidum","0"
364,"medium_woody_stems","south","Gaylussacia_baccata","0"
364,"medium_woody_stems","south","Pinus_strobus","0"
364,"medium_woody_stems","south","Betula_lenta","0"
364,"large_woody_stems","south","Kalmia_latifolia","1"
364,"large_woody_stems","south","Vaccinium_pallidum","0"
364,"large_woody_stems","south","Gaylussacia_baccata","0"
364,"large_woody_stems","south","Pinus_strobus","0"
364,"large_woody_stems","south","Betula_lenta","0"
365,"basalarea","none","Nyssa_sylvatica","2"
365,"basalarea","none","Acer_rubrum","1"
365,"snag","none","snag","4"
365,"basalarea_edge","none","nodata","5"
365,"small_woody_stems","north","Kalmia_latifolia","1"
365,"small_woody_stems","north","Gaylussacia_frondosa","13"
365,"small_woody_stems","north","Gaylussacia_baccata","17"
365,"small_woody_stems","north","Vaccinium_pallidum","9"
365,"small_woody_stems","north","Nyssa_sylvatica","0"
365,"small_woody_stems","north","Smilax_rotundifolia","0"
365,"medium_woody_stems","north","Kalmia_latifolia","6"
365,"medium_woody_stems","north","Gaylussacia_frondosa","3"
365,"medium_woody_stems","north","Gaylussacia_baccata","1"
365,"medium_woody_stems","north","Vaccinium_pallidum","0"
365,"medium_woody_stems","north","Nyssa_sylvatica","0"
365,"medium_woody_stems","north","Smilax_rotundifolia","0"
365,"large_woody_stems","north","Kalmia_latifolia","3"
365,"large_woody_stems","north","Gaylussacia_frondosa","0"
365,"large_woody_stems","north","Gaylussacia_baccata","0"
365,"large_woody_stems","north","Vaccinium_pallidum","0"
365,"large_woody_stems","north","Nyssa_sylvatica","0"
365,"large_woody_stems","north","Smilax_rotundifolia","0"
365,"small_woody_stems","south","Kalmia_latifolia","11"
365,"small_woody_stems","south","Gaylussacia_frondosa","0"
365,"small_woody_stems","south","Gaylussacia_baccata","34"
365,"small_woody_stems","south","Vaccinium_pallidum","15"
365,"small_woody_stems","south","Nyssa_sylvatica","0"
365,"small_woody_stems","south","Smilax_rotundifolia","0"
365,"medium_woody_stems","south","Kalmia_latifolia","7"
365,"medium_woody_stems","south","Gaylussacia_frondosa","0"
365,"medium_woody_stems","south","Gaylussacia_baccata","6"
365,"medium_woody_stems","south","Vaccinium_pallidum","1"
365,"medium_woody_stems","south","Nyssa_sylvatica","0"
365,"medium_woody_stems","south","Smilax_rotundifolia","0"
365,"large_woody_stems","south","Kalmia_latifolia","7"
365,"large_woody_stems","south","Gaylussacia_frondosa","0"
365,"large_woody_stems","south","Gaylussacia_baccata","1"
365,"large_woody_stems","south","Vaccinium_pallidum","0"
365,"large_woody_stems","south","Nyssa_sylvatica","1"
365,"large_woody_stems","south","Smilax_rotundifolia","1"
366,"basalarea","none","Pinus_rigida","2"
366,"basalarea","none","Nyssa_sylvatica","5"
366,"basalarea","none","Acer_rubrum","0"
366,"snag","none","snag","1"
366,"basalarea_edge","none","nodata","6"
366,"small_woody_stems","north","Kalmia_latifolia","4"
366,"small_woody_stems","north","Vaccinium_pallidum","3"
366,"small_woody_stems","north","Gaylussacia_frondosa","7"
366,"small_woody_stems","north","Gaylussacia_baccata","3"
366,"small_woody_stems","north","Nyssa_sylvatica","0"
366,"medium_woody_stems","north","Kalmia_latifolia","5"
366,"medium_woody_stems","north","Vaccinium_pallidum","0"
366,"medium_woody_stems","north","Gaylussacia_frondosa","3"
366,"medium_woody_stems","north","Gaylussacia_baccata","0"
366,"medium_woody_stems","north","Nyssa_sylvatica","0"
366,"large_woody_stems","north","Kalmia_latifolia","6"
366,"large_woody_stems","north","Vaccinium_pallidum","0"
366,"large_woody_stems","north","Gaylussacia_frondosa","0"
366,"large_woody_stems","north","Gaylussacia_baccata","0"
366,"large_woody_stems","north","Nyssa_sylvatica","1"
366,"small_woody_stems","south","Kalmia_latifolia","10"
366,"small_woody_stems","south","Vaccinium_pallidum","0"
366,"small_woody_stems","south","Gaylussacia_frondosa","26"
366,"small_woody_stems","south","Gaylussacia_baccata","0"
366,"small_woody_stems","south","Nyssa_sylvatica","0"
366,"medium_woody_stems","south","Kalmia_latifolia","3"
366,"medium_woody_stems","south","Vaccinium_pallidum","0"
366,"medium_woody_stems","south","Gaylussacia_frondosa","15"
366,"medium_woody_stems","south","Gaylussacia_baccata","0"
366,"medium_woody_stems","south","Nyssa_sylvatica","0"
366,"large_woody_stems","south","Kalmia_latifolia","1"
366,"large_woody_stems","south","Vaccinium_pallidum","0"
366,"large_woody_stems","south","Gaylussacia_frondosa","16"
366,"large_woody_stems","south","Gaylussacia_baccata","0"
366,"large_woody_stems","south","Nyssa_sylvatica","0"
367,"basalarea","none","Quercus_montana","1"
367,"basalarea","none","Acer_rubrum","3"
367,"basalarea","none","Pinus_rigida","3"
367,"basalarea","none","Nyssa_sylvatica","0"
367,"snag","none","snag","0"
367,"basalarea_edge","none","nodata","3"
367,"small_woody_stems","north","Gaylussacia_baccata","36"
367,"small_woody_stems","north","Kalmia_latifolia","0"
367,"small_woody_stems","north","Vaccinium_pallidum","0"
367,"small_woody_stems","north","Amelanchier_spp","0"
367,"small_woody_stems","north","Acer_rubrum","0"
367,"small_woody_stems","north","Nyssa_sylvatica","0"
367,"medium_woody_stems","north","Gaylussacia_baccata","6"
367,"medium_woody_stems","north","Kalmia_latifolia","0"
367,"medium_woody_stems","north","Vaccinium_pallidum","0"
367,"medium_woody_stems","north","Amelanchier_spp","0"
367,"medium_woody_stems","north","Acer_rubrum","0"
367,"medium_woody_stems","north","Nyssa_sylvatica","0"
367,"large_woody_stems","north","Gaylussacia_baccata","0"
367,"large_woody_stems","north","Kalmia_latifolia","0"
367,"large_woody_stems","north","Vaccinium_pallidum","0"
367,"large_woody_stems","north","Amelanchier_spp","9"
367,"large_woody_stems","north","Acer_rubrum","2"
367,"large_woody_stems","north","Nyssa_sylvatica","1"
367,"small_woody_stems","south","Gaylussacia_baccata","24"
367,"small_woody_stems","south","Kalmia_latifolia","5"
367,"small_woody_stems","south","Vaccinium_pallidum","1"
367,"small_woody_stems","south","Amelanchier_spp","0"
367,"small_woody_stems","south","Acer_rubrum","0"
367,"small_woody_stems","south","Nyssa_sylvatica","0"
367,"medium_woody_stems","south","Gaylussacia_baccata","3"
367,"medium_woody_stems","south","Kalmia_latifolia","2"
367,"medium_woody_stems","south","Vaccinium_pallidum","0"
367,"medium_woody_stems","south","Amelanchier_spp","4"
367,"medium_woody_stems","south","Acer_rubrum","0"
367,"medium_woody_stems","south","Nyssa_sylvatica","0"
367,"large_woody_stems","south","Gaylussacia_baccata","1"
367,"large_woody_stems","south","Kalmia_latifolia","0"
367,"large_woody_stems","south","Vaccinium_pallidum","0"
367,"large_woody_stems","south","Amelanchier_spp","5"
367,"large_woody_stems","south","Acer_rubrum","0"
367,"large_woody_stems","south","Nyssa_sylvatica","0"
368,"basalarea","none","Pinus_strobus","2"
368,"basalarea","none","Pinus_rigida","1"
368,"basalarea","none","Quercus_montana","1"
368,"basalarea","none","Nyssa_sylvatica","1"
368,"basalarea","none","Acer_rubrum","1"
368,"snag","none","snag","0"
368,"basalarea_edge","none","nodata","5"
368,"small_woody_stems","north","Kalmia_latifolia","6"
368,"small_woody_stems","north","Gaylussacia_baccata","9"
368,"small_woody_stems","north","Acer_rubrum","1"
368,"small_woody_stems","north","Vaccinium_pallidum","1"
368,"small_woody_stems","north","Pinus_strobus","0"
368,"medium_woody_stems","north","Kalmia_latifolia","10"
368,"medium_woody_stems","north","Gaylussacia_baccata","0"
368,"medium_woody_stems","north","Acer_rubrum","0"
368,"medium_woody_stems","north","Vaccinium_pallidum","0"
368,"medium_woody_stems","north","Pinus_strobus","0"
368,"large_woody_stems","north","Kalmia_latifolia","8"
368,"large_woody_stems","north","Gaylussacia_baccata","0"
368,"large_woody_stems","north","Acer_rubrum","0"
368,"large_woody_stems","north","Vaccinium_pallidum","0"
368,"large_woody_stems","north","Pinus_strobus","2"
368,"small_woody_stems","south","Kalmia_latifolia","8"
368,"small_woody_stems","south","Gaylussacia_baccata","2"
368,"small_woody_stems","south","Acer_rubrum","0"
368,"small_woody_stems","south","Vaccinium_pallidum","0"
368,"small_woody_stems","south","Pinus_strobus","2"
368,"medium_woody_stems","south","Kalmia_latifolia","4"
368,"medium_woody_stems","south","Gaylussacia_baccata","0"
368,"medium_woody_stems","south","Acer_rubrum","0"
368,"medium_woody_stems","south","Vaccinium_pallidum","0"
368,"medium_woody_stems","south","Pinus_strobus","0"
368,"large_woody_stems","south","Kalmia_latifolia","4"
368,"large_woody_stems","south","Gaylussacia_baccata","0"
368,"large_woody_stems","south","Acer_rubrum","0"
368,"large_woody_stems","south","Vaccinium_pallidum","0"
368,"large_woody_stems","south","Pinus_strobus","0"
369,"basalarea","none","Nyssa_sylvatica","0"
369,"basalarea","none","Quercus_montana","0"
369,"basalarea","none","Quercus_coccinea","0"
369,"basalarea","none","Sassafras_albidum","0"
369,"basalarea","none","Pinus_strobus","1"
369,"snag","none","snag","3"
369,"basalarea_edge","none","nodata","4"
369,"small_woody_stems","north","Gaylussacia_frondosa","10"
369,"small_woody_stems","north","Kalmia_latifolia","2"
369,"small_woody_stems","north","Gaylussacia_baccata","30"
369,"small_woody_stems","north","Vaccinium_pallidum","25"
369,"medium_woody_stems","north","Gaylussacia_frondosa","11"
369,"medium_woody_stems","north","Kalmia_latifolia","5"
369,"medium_woody_stems","north","Gaylussacia_baccata","6"
369,"medium_woody_stems","north","Vaccinium_pallidum","0"
369,"large_woody_stems","north","Gaylussacia_frondosa","11"
369,"large_woody_stems","north","Kalmia_latifolia","3"
369,"large_woody_stems","north","Gaylussacia_baccata","0"
369,"large_woody_stems","north","Vaccinium_pallidum","0"
369,"small_woody_stems","south","Gaylussacia_frondosa","0"
369,"small_woody_stems","south","Kalmia_latifolia","4"
369,"small_woody_stems","south","Gaylussacia_baccata","54"
369,"small_woody_stems","south","Vaccinium_pallidum","15"
369,"medium_woody_stems","south","Gaylussacia_frondosa","0"
369,"medium_woody_stems","south","Kalmia_latifolia","2"
369,"medium_woody_stems","south","Gaylussacia_baccata","10"
369,"medium_woody_stems","south","Vaccinium_pallidum","1"
369,"large_woody_stems","south","Gaylussacia_frondosa","0"
369,"large_woody_stems","south","Kalmia_latifolia","8"
369,"large_woody_stems","south","Gaylussacia_baccata","3"
369,"large_woody_stems","south","Vaccinium_pallidum","0"
370,"basalarea","none","Acer_rubrum","1"
370,"basalarea","none","Pinus_rigida","3"
370,"snag","none","snag","2"
370,"basalarea_edge","none","nodata","4"
370,"small_woody_stems","north","Kalmia_latifolia","1"
370,"small_woody_stems","north","Gaylussacia_frondosa","23"
370,"small_woody_stems","north","Gaylussacia_baccata","2"
370,"small_woody_stems","north","Vaccinium_pallidum","6"
370,"small_woody_stems","north","Acer_rubrum","0"
370,"medium_woody_stems","north","Kalmia_latifolia","3"
370,"medium_woody_stems","north","Gaylussacia_frondosa","8"
370,"medium_woody_stems","north","Gaylussacia_baccata","0"
370,"medium_woody_stems","north","Vaccinium_pallidum","0"
370,"medium_woody_stems","north","Acer_rubrum","0"
370,"large_woody_stems","north","Kalmia_latifolia","7"
370,"large_woody_stems","north","Gaylussacia_frondosa","2"
370,"large_woody_stems","north","Gaylussacia_baccata","0"
370,"large_woody_stems","north","Vaccinium_pallidum","0"
370,"large_woody_stems","north","Acer_rubrum","0"
370,"small_woody_stems","south","Kalmia_latifolia","4"
370,"small_woody_stems","south","Gaylussacia_frondosa","0"
370,"small_woody_stems","south","Gaylussacia_baccata","1"
370,"small_woody_stems","south","Vaccinium_pallidum","8"
370,"small_woody_stems","south","Acer_rubrum","0"
370,"medium_woody_stems","south","Kalmia_latifolia","4"
370,"medium_woody_stems","south","Gaylussacia_frondosa","3"
370,"medium_woody_stems","south","Gaylussacia_baccata","0"
370,"medium_woody_stems","south","Vaccinium_pallidum","0"
370,"medium_woody_stems","south","Acer_rubrum","0"
370,"large_woody_stems","south","Kalmia_latifolia","8"
370,"large_woody_stems","south","Gaylussacia_frondosa","0"
370,"large_woody_stems","south","Gaylussacia_baccata","0"
370,"large_woody_stems","south","Vaccinium_pallidum","0"
370,"large_woody_stems","south","Acer_rubrum","1"
371,"basalarea","none","Pinus_rigida","3"
371,"basalarea","none","Sassafras_albidum","2"
371,"basalarea","none","Nyssa_sylvatica","6"
371,"basalarea","none","Quercus_montana","1"
371,"snag","none","snag","1"
371,"basalarea_edge","none","nodata","0"
371,"small_woody_stems","north","Kalmia_latifolia","7"
371,"small_woody_stems","north","Gaylussacia_baccata","29"
371,"small_woody_stems","north","Vaccinium_pallidum","1"
371,"small_woody_stems","north","Acer_rubrum","2"
371,"small_woody_stems","north","Amelanchier_spp","0"
371,"medium_woody_stems","north","Kalmia_latifolia","3"
371,"medium_woody_stems","north","Gaylussacia_baccata","0"
371,"medium_woody_stems","north","Vaccinium_pallidum","0"
371,"medium_woody_stems","north","Acer_rubrum","0"
371,"medium_woody_stems","north","Amelanchier_spp","0"
371,"large_woody_stems","north","Kalmia_latifolia","7"
371,"large_woody_stems","north","Gaylussacia_baccata","0"
371,"large_woody_stems","north","Vaccinium_pallidum","0"
371,"large_woody_stems","north","Acer_rubrum","0"
371,"large_woody_stems","north","Amelanchier_spp","0"
371,"small_woody_stems","south","Kalmia_latifolia","7"
371,"small_woody_stems","south","Gaylussacia_baccata","2"
371,"small_woody_stems","south","Vaccinium_pallidum","3"
371,"small_woody_stems","south","Acer_rubrum","0"
371,"small_woody_stems","south","Amelanchier_spp","2"
371,"medium_woody_stems","south","Kalmia_latifolia","6"
371,"medium_woody_stems","south","Gaylussacia_baccata","0"
371,"medium_woody_stems","south","Vaccinium_pallidum","1"
371,"medium_woody_stems","south","Acer_rubrum","0"
371,"medium_woody_stems","south","Amelanchier_spp","0"
371,"large_woody_stems","south","Kalmia_latifolia","4"
371,"large_woody_stems","south","Gaylussacia_baccata","0"
371,"large_woody_stems","south","Vaccinium_pallidum","0"
371,"large_woody_stems","south","Acer_rubrum","0"
371,"large_woody_stems","south","Amelanchier_spp","0"
372,"basalarea","none","Nyssa_sylvatica","6"
372,"snag","none","snag","3"
372,"basalarea_edge","none","nodata","0"
372,"small_woody_stems","north","Kalmia_latifolia","9"
372,"small_woody_stems","north","Smilax_rotundifolia","1"
372,"small_woody_stems","north","Gaylussacia_baccata","0"
372,"small_woody_stems","north","Vaccinium_pallidum","0"
372,"medium_woody_stems","north","Kalmia_latifolia","5"
372,"medium_woody_stems","north","Smilax_rotundifolia","0"
372,"medium_woody_stems","north","Gaylussacia_baccata","0"
372,"medium_woody_stems","north","Vaccinium_pallidum","0"
372,"large_woody_stems","north","Kalmia_latifolia","6"
372,"large_woody_stems","north","Smilax_rotundifolia","0"
372,"large_woody_stems","north","Gaylussacia_baccata","0"
372,"large_woody_stems","north","Vaccinium_pallidum","0"
372,"small_woody_stems","south","Kalmia_latifolia","12"
372,"small_woody_stems","south","Smilax_rotundifolia","0"
372,"small_woody_stems","south","Gaylussacia_baccata","5"
372,"small_woody_stems","south","Vaccinium_pallidum","5"
372,"medium_woody_stems","south","Kalmia_latifolia","7"
372,"medium_woody_stems","south","Smilax_rotundifolia","0"
372,"medium_woody_stems","south","Gaylussacia_baccata","2"
372,"medium_woody_stems","south","Vaccinium_pallidum","0"
372,"large_woody_stems","south","Kalmia_latifolia","4"
372,"large_woody_stems","south","Smilax_rotundifolia","0"
372,"large_woody_stems","south","Gaylussacia_baccata","0"
372,"large_woody_stems","south","Vaccinium_pallidum","0"
373,"basalarea","none","Nyssa_sylvatica","2"
373,"basalarea","none","Quercus_rubra","2"
373,"basalarea","none","Quercus_montana","1"
373,"basalarea","none","Pinus_rigida","1"
373,"snag","none","snag","1"
373,"basalarea_edge","none","nodata","1"
373,"small_woody_stems","north","Gaylussacia_baccata","36"
373,"small_woody_stems","north","Kalmia_latifolia","9"
373,"small_woody_stems","north","Smilax_rotundifolia","1"
373,"small_woody_stems","north","Vaccinium_pallidum","9"
373,"small_woody_stems","north","Quercus_ilicifolia","0"
373,"medium_woody_stems","north","Gaylussacia_baccata","0"
373,"medium_woody_stems","north","Kalmia_latifolia","6"
373,"medium_woody_stems","north","Smilax_rotundifolia","0"
373,"medium_woody_stems","north","Vaccinium_pallidum","0"
373,"medium_woody_stems","north","Quercus_ilicifolia","0"
373,"large_woody_stems","north","Gaylussacia_baccata","0"
373,"large_woody_stems","north","Kalmia_latifolia","4"
373,"large_woody_stems","north","Smilax_rotundifolia","0"
373,"large_woody_stems","north","Vaccinium_pallidum","0"
373,"large_woody_stems","north","Quercus_ilicifolia","0"
373,"small_woody_stems","south","Gaylussacia_baccata","37"
373,"small_woody_stems","south","Kalmia_latifolia","4"
373,"small_woody_stems","south","Smilax_rotundifolia","0"
373,"small_woody_stems","south","Vaccinium_pallidum","4"
373,"small_woody_stems","south","Quercus_ilicifolia","0"
373,"medium_woody_stems","south","Gaylussacia_baccata","1"
373,"medium_woody_stems","south","Kalmia_latifolia","0"
373,"medium_woody_stems","south","Smilax_rotundifolia","0"
373,"medium_woody_stems","south","Vaccinium_pallidum","0"
373,"medium_woody_stems","south","Quercus_ilicifolia","0"
373,"large_woody_stems","south","Gaylussacia_baccata","0"
373,"large_woody_stems","south","Kalmia_latifolia","1"
373,"large_woody_stems","south","Smilax_rotundifolia","0"
373,"large_woody_stems","south","Vaccinium_pallidum","0"
373,"large_woody_stems","south","Quercus_ilicifolia","2"
374,"basalarea","none","Quercus_montana","1"
374,"basalarea","none","Nyssa_sylvatica","2"
374,"snag","none","snag","0"
374,"basalarea_edge","none","nodata","6"
374,"small_woody_stems","north","Gaylussacia_baccata","34"
374,"small_woody_stems","north","Kalmia_latifolia","3"
374,"small_woody_stems","north","Acer_rubrum","0"
374,"small_woody_stems","north","Amelanchier_spp","0"
374,"small_woody_stems","north","Vaccinium_pallidum","3"
374,"small_woody_stems","north","Aronia_melanocarpa","0"
374,"small_woody_stems","north","Smilax_rotundifolia","0"
374,"medium_woody_stems","north","Gaylussacia_baccata","50"
374,"medium_woody_stems","north","Kalmia_latifolia","6"
374,"medium_woody_stems","north","Acer_rubrum","1"
374,"medium_woody_stems","north","Amelanchier_spp","0"
374,"medium_woody_stems","north","Vaccinium_pallidum","0"
374,"medium_woody_stems","north","Aronia_melanocarpa","0"
374,"medium_woody_stems","north","Smilax_rotundifolia","0"
374,"large_woody_stems","north","Gaylussacia_baccata","4"
374,"large_woody_stems","north","Kalmia_latifolia","1"
374,"large_woody_stems","north","Acer_rubrum","2"
374,"large_woody_stems","north","Amelanchier_spp","1"
374,"large_woody_stems","north","Vaccinium_pallidum","0"
374,"large_woody_stems","north","Aronia_melanocarpa","0"
374,"large_woody_stems","north","Smilax_rotundifolia","0"
374,"small_woody_stems","south","Gaylussacia_baccata","44"
374,"small_woody_stems","south","Kalmia_latifolia","2"
374,"small_woody_stems","south","Acer_rubrum","0"
374,"small_woody_stems","south","Amelanchier_spp","0"
374,"small_woody_stems","south","Vaccinium_pallidum","3"
374,"small_woody_stems","south","Aronia_melanocarpa","1"
374,"small_woody_stems","south","Smilax_rotundifolia","0"
374,"medium_woody_stems","south","Gaylussacia_baccata","42"
374,"medium_woody_stems","south","Kalmia_latifolia","0"
374,"medium_woody_stems","south","Acer_rubrum","0"
374,"medium_woody_stems","south","Amelanchier_spp","0"
374,"medium_woody_stems","south","Vaccinium_pallidum","1"
374,"medium_woody_stems","south","Aronia_melanocarpa","1"
374,"medium_woody_stems","south","Smilax_rotundifolia","2"
374,"large_woody_stems","south","Gaylussacia_baccata","1"
374,"large_woody_stems","south","Kalmia_latifolia","0"
374,"large_woody_stems","south","Acer_rubrum","0"
374,"large_woody_stems","south","Amelanchier_spp","0"
374,"large_woody_stems","south","Vaccinium_pallidum","0"
374,"large_woody_stems","south","Aronia_melanocarpa","0"
374,"large_woody_stems","south","Smilax_rotundifolia","0"
375,"basalarea","none","Sassafras_albidum","1"
375,"basalarea","none","Acer_rubrum","1"
375,"basalarea","none","Nyssa_sylvatica","1"
375,"basalarea","none","Quercus_montana","1"
375,"snag","none","snag","1"
375,"basalarea_edge","none","nodata","2"
375,"small_woody_stems","north","Kalmia_latifolia","4"
375,"small_woody_stems","north","Gaylussacia_baccata","23"
375,"small_woody_stems","north","Vaccinium_pallidum","20"
375,"small_woody_stems","north","Acer_rubrum","0"
375,"small_woody_stems","north","Sassafras_albidum","0"
375,"small_woody_stems","north","Amelanchier_spp","0"
375,"small_woody_stems","north","Quercus_montana","0"
375,"medium_woody_stems","north","Kalmia_latifolia","5"
375,"medium_woody_stems","north","Gaylussacia_baccata","0"
375,"medium_woody_stems","north","Vaccinium_pallidum","0"
375,"medium_woody_stems","north","Acer_rubrum","0"
375,"medium_woody_stems","north","Sassafras_albidum","0"
375,"medium_woody_stems","north","Amelanchier_spp","0"
375,"medium_woody_stems","north","Quercus_montana","0"
375,"large_woody_stems","north","Kalmia_latifolia","13"
375,"large_woody_stems","north","Gaylussacia_baccata","0"
375,"large_woody_stems","north","Vaccinium_pallidum","0"
375,"large_woody_stems","north","Acer_rubrum","4"
375,"large_woody_stems","north","Sassafras_albidum","4"
375,"large_woody_stems","north","Amelanchier_spp","0"
375,"large_woody_stems","north","Quercus_montana","0"
375,"small_woody_stems","south","Kalmia_latifolia","0"
375,"small_woody_stems","south","Gaylussacia_baccata","32"
375,"small_woody_stems","south","Vaccinium_pallidum","11"
375,"small_woody_stems","south","Acer_rubrum","0"
375,"small_woody_stems","south","Sassafras_albidum","0"
375,"small_woody_stems","south","Amelanchier_spp","0"
375,"small_woody_stems","south","Quercus_montana","0"
375,"medium_woody_stems","south","Kalmia_latifolia","1"
375,"medium_woody_stems","south","Gaylussacia_baccata","4"
375,"medium_woody_stems","south","Vaccinium_pallidum","0"
375,"medium_woody_stems","south","Acer_rubrum","0"
375,"medium_woody_stems","south","Sassafras_albidum","0"
375,"medium_woody_stems","south","Amelanchier_spp","0"
375,"medium_woody_stems","south","Quercus_montana","1"
375,"large_woody_stems","south","Kalmia_latifolia","5"
375,"large_woody_stems","south","Gaylussacia_baccata","0"
375,"large_woody_stems","south","Vaccinium_pallidum","0"
375,"large_woody_stems","south","Acer_rubrum","4"
375,"large_woody_stems","south","Sassafras_albidum","7"
375,"large_woody_stems","south","Amelanchier_spp","1"
375,"large_woody_stems","south","Quercus_montana","1"
376,"basalarea","none","Sassafras_albidum","1"
376,"basalarea","none","Pinus_rigida","2"
376,"basalarea","none","Quercus_montana","3"
376,"snag","none","snag","1"
376,"basalarea_edge","none","nodata","5"
376,"small_woody_stems","north","Kalmia_latifolia","0"
376,"small_woody_stems","north","Gaylussacia_baccata","10"
376,"small_woody_stems","north","Gaylussacia_frondosa","30"
376,"small_woody_stems","north","Vaccinium_pallidum","17"
376,"small_woody_stems","north","Sassafras_albidum","0"
376,"small_woody_stems","north","Acer_rubrum","0"
376,"small_woody_stems","north","Smilax_rotundifolia","0"
376,"small_woody_stems","north","Pinus_rigida","0"
376,"small_woody_stems","north","Amelanchier_spp","0"
376,"small_woody_stems","north","Quercus_montana","0"
376,"medium_woody_stems","north","Kalmia_latifolia","2"
376,"medium_woody_stems","north","Gaylussacia_baccata","0"
376,"medium_woody_stems","north","Gaylussacia_frondosa","12"
376,"medium_woody_stems","north","Vaccinium_pallidum","0"
376,"medium_woody_stems","north","Sassafras_albidum","0"
376,"medium_woody_stems","north","Acer_rubrum","0"
376,"medium_woody_stems","north","Smilax_rotundifolia","2"
376,"medium_woody_stems","north","Pinus_rigida","0"
376,"medium_woody_stems","north","Amelanchier_spp","0"
376,"medium_woody_stems","north","Quercus_montana","0"
376,"large_woody_stems","north","Kalmia_latifolia","8"
376,"large_woody_stems","north","Gaylussacia_baccata","0"
376,"large_woody_stems","north","Gaylussacia_frondosa","0"
376,"large_woody_stems","north","Vaccinium_pallidum","0"
376,"large_woody_stems","north","Sassafras_albidum","7"
376,"large_woody_stems","north","Acer_rubrum","2"
376,"large_woody_stems","north","Smilax_rotundifolia","0"
376,"large_woody_stems","north","Pinus_rigida","1"
376,"large_woody_stems","north","Amelanchier_spp","1"
376,"large_woody_stems","north","Quercus_montana","0"
376,"small_woody_stems","south","Kalmia_latifolia","2"
376,"small_woody_stems","south","Gaylussacia_baccata","28"
376,"small_woody_stems","south","Gaylussacia_frondosa","2"
376,"small_woody_stems","south","Vaccinium_pallidum","9"
376,"small_woody_stems","south","Sassafras_albidum","0"
376,"small_woody_stems","south","Acer_rubrum","0"
376,"small_woody_stems","south","Smilax_rotundifolia","0"
376,"small_woody_stems","south","Pinus_rigida","0"
376,"small_woody_stems","south","Amelanchier_spp","0"
376,"small_woody_stems","south","Quercus_montana","0"
376,"medium_woody_stems","south","Kalmia_latifolia","3"
376,"medium_woody_stems","south","Gaylussacia_baccata","9"
376,"medium_woody_stems","south","Gaylussacia_frondosa","0"
376,"medium_woody_stems","south","Vaccinium_pallidum","0"
376,"medium_woody_stems","south","Sassafras_albidum","0"
376,"medium_woody_stems","south","Acer_rubrum","0"
376,"medium_woody_stems","south","Smilax_rotundifolia","0"
376,"medium_woody_stems","south","Pinus_rigida","0"
376,"medium_woody_stems","south","Amelanchier_spp","0"
376,"medium_woody_stems","south","Quercus_montana","0"
376,"large_woody_stems","south","Kalmia_latifolia","2"
376,"large_woody_stems","south","Gaylussacia_baccata","0"
376,"large_woody_stems","south","Gaylussacia_frondosa","0"
376,"large_woody_stems","south","Vaccinium_pallidum","0"
376,"large_woody_stems","south","Sassafras_albidum","4"
376,"large_woody_stems","south","Acer_rubrum","0"
376,"large_woody_stems","south","Smilax_rotundifolia","0"
376,"large_woody_stems","south","Pinus_rigida","0"
376,"large_woody_stems","south","Amelanchier_spp","0"
376,"large_woody_stems","south","Quercus_montana","4"
377,"basalarea","none","Sassafras_albidum","3"
377,"basalarea","none","Pinus_rigida","2"
377,"basalarea","none","Quercus_montana","1"
377,"snag","none","snag","0"
377,"basalarea_edge","none","nodata","2"
377,"small_woody_stems","north","Gaylussacia_frondosa","25"
377,"small_woody_stems","north","Gaylussacia_baccata","4"
377,"small_woody_stems","north","Vaccinium_pallidum","20"
377,"small_woody_stems","north","Smilax_rotundifolia","0"
377,"small_woody_stems","north","Acer_rubrum","0"
377,"small_woody_stems","north","Sassafras_albidum","0"
377,"small_woody_stems","north","Kalmia_latifolia","0"
377,"small_woody_stems","north","Amelanchier_spp","0"
377,"small_woody_stems","north","Quercus_montana","0"
377,"small_woody_stems","north","Vaccinium_stamineum","0"
377,"small_woody_stems","north","Nyssa_sylvatica","0"
377,"medium_woody_stems","north","Gaylussacia_frondosa","8"
377,"medium_woody_stems","north","Gaylussacia_baccata","0"
377,"medium_woody_stems","north","Vaccinium_pallidum","0"
377,"medium_woody_stems","north","Smilax_rotundifolia","2"
377,"medium_woody_stems","north","Acer_rubrum","0"
377,"medium_woody_stems","north","Sassafras_albidum","0"
377,"medium_woody_stems","north","Kalmia_latifolia","3"
377,"medium_woody_stems","north","Amelanchier_spp","0"
377,"medium_woody_stems","north","Quercus_montana","0"
377,"medium_woody_stems","north","Vaccinium_stamineum","0"
377,"medium_woody_stems","north","Nyssa_sylvatica","0"
377,"large_woody_stems","north","Gaylussacia_frondosa","0"
377,"large_woody_stems","north","Gaylussacia_baccata","0"
377,"large_woody_stems","north","Vaccinium_pallidum","0"
377,"large_woody_stems","north","Smilax_rotundifolia","0"
377,"large_woody_stems","north","Acer_rubrum","1"
377,"large_woody_stems","north","Sassafras_albidum","4"
377,"large_woody_stems","north","Kalmia_latifolia","5"
377,"large_woody_stems","north","Amelanchier_spp","1"
377,"large_woody_stems","north","Quercus_montana","0"
377,"large_woody_stems","north","Vaccinium_stamineum","0"
377,"large_woody_stems","north","Nyssa_sylvatica","0"
377,"small_woody_stems","south","Gaylussacia_frondosa","1"
377,"small_woody_stems","south","Gaylussacia_baccata","54"
377,"small_woody_stems","south","Vaccinium_pallidum","9"
377,"small_woody_stems","south","Smilax_rotundifolia","0"
377,"small_woody_stems","south","Acer_rubrum","0"
377,"small_woody_stems","south","Sassafras_albidum","0"
377,"small_woody_stems","south","Kalmia_latifolia","1"
377,"small_woody_stems","south","Amelanchier_spp","0"
377,"small_woody_stems","south","Quercus_montana","0"
377,"small_woody_stems","south","Vaccinium_stamineum","0"
377,"small_woody_stems","south","Nyssa_sylvatica","0"
377,"medium_woody_stems","south","Gaylussacia_frondosa","0"
377,"medium_woody_stems","south","Gaylussacia_baccata","20"
377,"medium_woody_stems","south","Vaccinium_pallidum","0"
377,"medium_woody_stems","south","Smilax_rotundifolia","0"
377,"medium_woody_stems","south","Acer_rubrum","0"
377,"medium_woody_stems","south","Sassafras_albidum","0"
377,"medium_woody_stems","south","Kalmia_latifolia","2"
377,"medium_woody_stems","south","Amelanchier_spp","0"
377,"medium_woody_stems","south","Quercus_montana","0"
377,"medium_woody_stems","south","Vaccinium_stamineum","0"
377,"medium_woody_stems","south","Nyssa_sylvatica","0"
377,"large_woody_stems","south","Gaylussacia_frondosa","0"
377,"large_woody_stems","south","Gaylussacia_baccata","0"
377,"large_woody_stems","south","Vaccinium_pallidum","0"
377,"large_woody_stems","south","Smilax_rotundifolia","0"
377,"large_woody_stems","south","Acer_rubrum","2"
377,"large_woody_stems","south","Sassafras_albidum","2"
377,"large_woody_stems","south","Kalmia_latifolia","2"
377,"large_woody_stems","south","Amelanchier_spp","0"
377,"large_woody_stems","south","Quercus_montana","4"
377,"large_woody_stems","south","Vaccinium_stamineum","4"
377,"large_woody_stems","south","Nyssa_sylvatica","1"
378,"basalarea","none","Sassafras_albidum","1"
378,"basalarea","none","Nyssa_sylvatica","1"
378,"basalarea","none","Pinus_rigida","0"
378,"basalarea","none","Quercus_montana","1"
378,"snag","none","snag","0"
378,"basalarea_edge","none","nodata","5"
378,"small_woody_stems","north","Kalmia_latifolia","0"
378,"small_woody_stems","north","Smilax_rotundifolia","2"
378,"small_woody_stems","north","Gaylussacia_frondosa","27"
378,"small_woody_stems","north","Sassafras_albidum","0"
378,"small_woody_stems","north","Quercus_ilicifolia","0"
378,"small_woody_stems","north","Quercus_montana","0"
378,"small_woody_stems","north","Gaylussacia_baccata","6"
378,"small_woody_stems","north","Vaccinium_pallidum","0"
378,"small_woody_stems","north","Acer_rubrum","0"
378,"small_woody_stems","north","Nyssa_sylvatica","0"
378,"medium_woody_stems","north","Kalmia_latifolia","0"
378,"medium_woody_stems","north","Smilax_rotundifolia","4"
378,"medium_woody_stems","north","Gaylussacia_frondosa","24"
378,"medium_woody_stems","north","Sassafras_albidum","0"
378,"medium_woody_stems","north","Quercus_ilicifolia","0"
378,"medium_woody_stems","north","Quercus_montana","0"
378,"medium_woody_stems","north","Gaylussacia_baccata","2"
378,"medium_woody_stems","north","Vaccinium_pallidum","0"
378,"medium_woody_stems","north","Acer_rubrum","0"
378,"medium_woody_stems","north","Nyssa_sylvatica","0"
378,"large_woody_stems","north","Kalmia_latifolia","5"
378,"large_woody_stems","north","Smilax_rotundifolia","5"
378,"large_woody_stems","north","Gaylussacia_frondosa","0"
378,"large_woody_stems","north","Sassafras_albidum","7"
378,"large_woody_stems","north","Quercus_ilicifolia","1"
378,"large_woody_stems","north","Quercus_montana","2"
378,"large_woody_stems","north","Gaylussacia_baccata","0"
378,"large_woody_stems","north","Vaccinium_pallidum","0"
378,"large_woody_stems","north","Acer_rubrum","0"
378,"large_woody_stems","north","Nyssa_sylvatica","0"
378,"small_woody_stems","south","Kalmia_latifolia","0"
378,"small_woody_stems","south","Smilax_rotundifolia","0"
378,"small_woody_stems","south","Gaylussacia_frondosa","11"
378,"small_woody_stems","south","Sassafras_albidum","0"
378,"small_woody_stems","south","Quercus_ilicifolia","0"
378,"small_woody_stems","south","Quercus_montana","0"
378,"small_woody_stems","south","Gaylussacia_baccata","32"
378,"small_woody_stems","south","Vaccinium_pallidum","4"
378,"small_woody_stems","south","Acer_rubrum","0"
378,"small_woody_stems","south","Nyssa_sylvatica","0"
378,"medium_woody_stems","south","Kalmia_latifolia","0"
378,"medium_woody_stems","south","Smilax_rotundifolia","0"
378,"medium_woody_stems","south","Gaylussacia_frondosa","8"
378,"medium_woody_stems","south","Sassafras_albidum","0"
378,"medium_woody_stems","south","Quercus_ilicifolia","0"
378,"medium_woody_stems","south","Quercus_montana","0"
378,"medium_woody_stems","south","Gaylussacia_baccata","21"
378,"medium_woody_stems","south","Vaccinium_pallidum","1"
378,"medium_woody_stems","south","Acer_rubrum","0"
378,"medium_woody_stems","south","Nyssa_sylvatica","0"
378,"large_woody_stems","south","Kalmia_latifolia","5"
378,"large_woody_stems","south","Smilax_rotundifolia","0"
378,"large_woody_stems","south","Gaylussacia_frondosa","0"
378,"large_woody_stems","south","Sassafras_albidum","4"
378,"large_woody_stems","south","Quercus_ilicifolia","0"
378,"large_woody_stems","south","Quercus_montana","7"
378,"large_woody_stems","south","Gaylussacia_baccata","0"
378,"large_woody_stems","south","Vaccinium_pallidum","0"
378,"large_woody_stems","south","Acer_rubrum","2"
378,"large_woody_stems","south","Nyssa_sylvatica","1"
379,"basalarea","none","Sassafras_albidum","1"
379,"basalarea","none","Nyssa_sylvatica","1"
379,"basalarea","none","Pinus_rigida","0"
379,"basalarea","none","Quercus_montana","1"
379,"snag","none","snag","0"
379,"basalarea_edge","none","nodata","5"
379,"small_woody_stems","north","Kalmia_latifolia","0"
379,"small_woody_stems","north","Smilax_rotundifolia","2"
379,"small_woody_stems","north","Gaylussacia_frondosa","25"
379,"small_woody_stems","north","Sassafras_albidum","0"
379,"small_woody_stems","north","Quercus_ilicifolia","0"
379,"small_woody_stems","north","Quercus_montana","0"
379,"small_woody_stems","north","Gaylussacia_baccata","5"
379,"small_woody_stems","north","Vaccinium_pallidum","0"
379,"small_woody_stems","north","Acer_rubrum","0"
379,"small_woody_stems","north","Nyssa_sylvatica","0"
379,"medium_woody_stems","north","Kalmia_latifolia","0"
379,"medium_woody_stems","north","Smilax_rotundifolia","3"
379,"medium_woody_stems","north","Gaylussacia_frondosa","23"
379,"medium_woody_stems","north","Sassafras_albidum","0"
379,"medium_woody_stems","north","Quercus_ilicifolia","0"
379,"medium_woody_stems","north","Quercus_montana","0"
379,"medium_woody_stems","north","Gaylussacia_baccata","2"
379,"medium_woody_stems","north","Vaccinium_pallidum","0"
379,"medium_woody_stems","north","Acer_rubrum","0"
379,"medium_woody_stems","north","Nyssa_sylvatica","0"
379,"large_woody_stems","north","Kalmia_latifolia","4"
379,"large_woody_stems","north","Smilax_rotundifolia","5"
379,"large_woody_stems","north","Gaylussacia_frondosa","0"
379,"large_woody_stems","north","Sassafras_albidum","7"
379,"large_woody_stems","north","Quercus_ilicifolia","1"
379,"large_woody_stems","north","Quercus_montana","2"
379,"large_woody_stems","north","Gaylussacia_baccata","0"
379,"large_woody_stems","north","Vaccinium_pallidum","0"
379,"large_woody_stems","north","Acer_rubrum","0"
379,"large_woody_stems","north","Nyssa_sylvatica","0"
379,"small_woody_stems","south","Kalmia_latifolia","0"
379,"small_woody_stems","south","Smilax_rotundifolia","0"
379,"small_woody_stems","south","Gaylussacia_frondosa","10"
379,"small_woody_stems","south","Sassafras_albidum","0"
379,"small_woody_stems","south","Quercus_ilicifolia","0"
379,"small_woody_stems","south","Quercus_montana","0"
379,"small_woody_stems","south","Gaylussacia_baccata","31"
379,"small_woody_stems","south","Vaccinium_pallidum","3"
379,"small_woody_stems","south","Acer_rubrum","0"
379,"small_woody_stems","south","Nyssa_sylvatica","0"
379,"medium_woody_stems","south","Kalmia_latifolia","0"
379,"medium_woody_stems","south","Smilax_rotundifolia","0"
379,"medium_woody_stems","south","Gaylussacia_frondosa","8"
379,"medium_woody_stems","south","Sassafras_albidum","0"
379,"medium_woody_stems","south","Quercus_ilicifolia","0"
379,"medium_woody_stems","south","Quercus_montana","0"
379,"medium_woody_stems","south","Gaylussacia_baccata","21"
379,"medium_woody_stems","south","Vaccinium_pallidum","1"
379,"medium_woody_stems","south","Acer_rubrum","0"
379,"medium_woody_stems","south","Nyssa_sylvatica","0"
379,"large_woody_stems","south","Kalmia_latifolia","5"
379,"large_woody_stems","south","Smilax_rotundifolia","0"
379,"large_woody_stems","south","Gaylussacia_frondosa","0"
379,"large_woody_stems","south","Sassafras_albidum","4"
379,"large_woody_stems","south","Quercus_ilicifolia","0"
379,"large_woody_stems","south","Quercus_montana","4"
379,"large_woody_stems","south","Gaylussacia_baccata","0"
379,"large_woody_stems","south","Vaccinium_pallidum","0"
379,"large_woody_stems","south","Acer_rubrum","2"
379,"large_woody_stems","south","Nyssa_sylvatica","1"
380,"basalarea","none","Quercus_montana","2"
380,"basalarea","none","Nyssa_sylvatica","1"
380,"snag","none","snag","7"
380,"basalarea_edge","none","nodata","9"
380,"small_woody_stems","north","Kalmia_latifolia","3"
380,"small_woody_stems","north","Gaylussacia_baccata","34"
380,"small_woody_stems","north","Vaccinium_pallidum","4"
380,"medium_woody_stems","north","Kalmia_latifolia","5"
380,"medium_woody_stems","north","Gaylussacia_baccata","3"
380,"medium_woody_stems","north","Vaccinium_pallidum","0"
380,"large_woody_stems","north","Kalmia_latifolia","9"
380,"large_woody_stems","north","Gaylussacia_baccata","0"
380,"large_woody_stems","north","Vaccinium_pallidum","0"
380,"small_woody_stems","south","Kalmia_latifolia","2"
380,"small_woody_stems","south","Gaylussacia_baccata","30"
380,"small_woody_stems","south","Vaccinium_pallidum","4"
380,"medium_woody_stems","south","Kalmia_latifolia","2"
380,"medium_woody_stems","south","Gaylussacia_baccata","0"
380,"medium_woody_stems","south","Vaccinium_pallidum","0"
380,"large_woody_stems","south","Kalmia_latifolia","10"
380,"large_woody_stems","south","Gaylussacia_baccata","0"
380,"large_woody_stems","south","Vaccinium_pallidum","0"
381,"basalarea","none","Nyssa_sylvatica","4"
381,"basalarea","none","Pinus_rigida","1"
381,"basalarea","none","Pinus_strobus","0"
381,"snag","none","snag","1"
381,"basalarea_edge","none","nodata","5"
381,"small_woody_stems","north","Kalmia_latifolia","2"
381,"small_woody_stems","north","Gaylussacia_baccata","19"
381,"small_woody_stems","north","Vaccinium_pallidum","8"
381,"medium_woody_stems","north","Kalmia_latifolia","0"
381,"medium_woody_stems","north","Gaylussacia_baccata","0"
381,"medium_woody_stems","north","Vaccinium_pallidum","0"
381,"large_woody_stems","north","Kalmia_latifolia","0"
381,"large_woody_stems","north","Gaylussacia_baccata","0"
381,"large_woody_stems","north","Vaccinium_pallidum","0"
381,"small_woody_stems","south","Kalmia_latifolia","2"
381,"small_woody_stems","south","Gaylussacia_baccata","31"
381,"small_woody_stems","south","Vaccinium_pallidum","60"
381,"medium_woody_stems","south","Kalmia_latifolia","3"
381,"medium_woody_stems","south","Gaylussacia_baccata","0"
381,"medium_woody_stems","south","Vaccinium_pallidum","0"
381,"large_woody_stems","south","Kalmia_latifolia","1"
381,"large_woody_stems","south","Gaylussacia_baccata","0"
381,"large_woody_stems","south","Vaccinium_pallidum","0"
382,"basalarea","none","Pinus_rigida","0"
382,"snag","none","snag","6"
382,"basalarea_edge","none","nodata","3"
382,"small_woody_stems","north","Kalmia_latifolia","10"
382,"small_woody_stems","north","Gaylussacia_baccata","11"
382,"small_woody_stems","north","Vaccinium_angustifolium","3"
382,"small_woody_stems","north","Vaccinium_pallidum","2"
382,"small_woody_stems","north","Gaylussacia_baccata","0"
382,"small_woody_stems","north","Gaylussacia_frondosa","0"
382,"medium_woody_stems","north","Kalmia_latifolia","5"
382,"medium_woody_stems","north","Gaylussacia_baccata","0"
382,"medium_woody_stems","north","Vaccinium_angustifolium","0"
382,"medium_woody_stems","north","Vaccinium_pallidum","0"
382,"medium_woody_stems","north","Gaylussacia_baccata","0"
382,"medium_woody_stems","north","Gaylussacia_frondosa","0"
382,"large_woody_stems","north","Kalmia_latifolia","3"
382,"large_woody_stems","north","Gaylussacia_baccata","0"
382,"large_woody_stems","north","Vaccinium_angustifolium","0"
382,"large_woody_stems","north","Vaccinium_pallidum","0"
382,"large_woody_stems","north","Gaylussacia_baccata","0"
382,"large_woody_stems","north","Gaylussacia_frondosa","0"
382,"small_woody_stems","south","Kalmia_latifolia","0"
382,"small_woody_stems","south","Gaylussacia_baccata","19"
382,"small_woody_stems","south","Vaccinium_angustifolium","0"
382,"small_woody_stems","south","Vaccinium_pallidum","0"
382,"small_woody_stems","south","Gaylussacia_baccata","12"
382,"small_woody_stems","south","Gaylussacia_frondosa","3"
382,"medium_woody_stems","south","Kalmia_latifolia","3"
382,"medium_woody_stems","south","Gaylussacia_baccata","0"
382,"medium_woody_stems","south","Vaccinium_angustifolium","0"
382,"medium_woody_stems","south","Vaccinium_pallidum","0"
382,"medium_woody_stems","south","Gaylussacia_baccata","0"
382,"medium_woody_stems","south","Gaylussacia_frondosa","8"
382,"large_woody_stems","south","Kalmia_latifolia","5"
382,"large_woody_stems","south","Gaylussacia_baccata","0"
382,"large_woody_stems","south","Vaccinium_angustifolium","0"
382,"large_woody_stems","south","Vaccinium_pallidum","0"
382,"large_woody_stems","south","Gaylussacia_baccata","0"
382,"large_woody_stems","south","Gaylussacia_frondosa","0"
383,"basalarea","none","Nyssa_sylvatica","2"
383,"basalarea","none","Acer_rubrum","1"
383,"snag","none","snag","5"
383,"basalarea_edge","none","nodata","2"
383,"small_woody_stems","north","Kalmia_latifolia","3"
383,"small_woody_stems","north","Vaccinium_pallidum","3"
383,"small_woody_stems","north","Acer_rubrum","1"
383,"small_woody_stems","north","Gaylussacia_frondosa","10"
383,"small_woody_stems","north","Gaylussacia_baccata","5"
383,"medium_woody_stems","north","Kalmia_latifolia","4"
383,"medium_woody_stems","north","Vaccinium_pallidum","0"
383,"medium_woody_stems","north","Acer_rubrum","0"
383,"medium_woody_stems","north","Gaylussacia_frondosa","5"
383,"medium_woody_stems","north","Gaylussacia_baccata","0"
383,"large_woody_stems","north","Kalmia_latifolia","9"
383,"large_woody_stems","north","Vaccinium_pallidum","0"
383,"large_woody_stems","north","Acer_rubrum","0"
383,"large_woody_stems","north","Gaylussacia_frondosa","0"
383,"large_woody_stems","north","Gaylussacia_baccata","0"
383,"small_woody_stems","south","Kalmia_latifolia","3"
383,"small_woody_stems","south","Vaccinium_pallidum","28"
383,"small_woody_stems","south","Acer_rubrum","3"
383,"small_woody_stems","south","Gaylussacia_frondosa","0"
383,"small_woody_stems","south","Gaylussacia_baccata","37"
383,"medium_woody_stems","south","Kalmia_latifolia","6"
383,"medium_woody_stems","south","Vaccinium_pallidum","0"
383,"medium_woody_stems","south","Acer_rubrum","0"
383,"medium_woody_stems","south","Gaylussacia_frondosa","0"
383,"medium_woody_stems","south","Gaylussacia_baccata","6"
383,"large_woody_stems","south","Kalmia_latifolia","4"
383,"large_woody_stems","south","Vaccinium_pallidum","0"
383,"large_woody_stems","south","Acer_rubrum","0"
383,"large_woody_stems","south","Gaylussacia_frondosa","0"
383,"large_woody_stems","south","Gaylussacia_baccata","0"
384,"snag","none","snag","2"
384,"basalarea_edge","none","nodata","4"
384,"small_woody_stems","north","Kalmia_latifolia","3"
384,"small_woody_stems","north","Gaylussacia_baccata","46"
384,"small_woody_stems","north","Vaccinium_pallidum","2"
384,"small_woody_stems","north","Acer_rubrum","2"
384,"small_woody_stems","north","Amelanchier_spp","0"
384,"medium_woody_stems","north","Kalmia_latifolia","2"
384,"medium_woody_stems","north","Gaylussacia_baccata","23"
384,"medium_woody_stems","north","Vaccinium_pallidum","0"
384,"medium_woody_stems","north","Acer_rubrum","1"
384,"medium_woody_stems","north","Amelanchier_spp","1"
384,"large_woody_stems","north","Kalmia_latifolia","8"
384,"large_woody_stems","north","Gaylussacia_baccata","0"
384,"large_woody_stems","north","Vaccinium_pallidum","0"
384,"large_woody_stems","north","Acer_rubrum","0"
384,"large_woody_stems","north","Amelanchier_spp","0"
384,"small_woody_stems","south","Kalmia_latifolia","2"
384,"small_woody_stems","south","Gaylussacia_baccata","47"
384,"small_woody_stems","south","Vaccinium_pallidum","5"
384,"small_woody_stems","south","Acer_rubrum","0"
384,"small_woody_stems","south","Amelanchier_spp","0"
384,"medium_woody_stems","south","Kalmia_latifolia","4"
384,"medium_woody_stems","south","Gaylussacia_baccata","15"
384,"medium_woody_stems","south","Vaccinium_pallidum","0"
384,"medium_woody_stems","south","Acer_rubrum","0"
384,"medium_woody_stems","south","Amelanchier_spp","0"
384,"large_woody_stems","south","Kalmia_latifolia","6"
384,"large_woody_stems","south","Gaylussacia_baccata","0"
384,"large_woody_stems","south","Vaccinium_pallidum","0"
384,"large_woody_stems","south","Acer_rubrum","0"
384,"large_woody_stems","south","Amelanchier_spp","0"
385,"basalarea","none","Pinus_rigida","1"
385,"basalarea","none","Quercus_montana","2"
385,"basalarea","none","Nyssa_sylvatica","0"
385,"basalarea","none","Acer_rubrum","1"
385,"snag","none","snag","3"
385,"basalarea_edge","none","nodata","2"
385,"small_woody_stems","north","Kalmia_latifolia","5"
385,"small_woody_stems","north","Gaylussacia_baccata","32"
385,"small_woody_stems","north","Vaccinium_pallidum","0"
385,"small_woody_stems","north","Smilax_rotundifolia","0"
385,"medium_woody_stems","north","Kalmia_latifolia","3"
385,"medium_woody_stems","north","Gaylussacia_baccata","10"
385,"medium_woody_stems","north","Vaccinium_pallidum","0"
385,"medium_woody_stems","north","Smilax_rotundifolia","0"
385,"large_woody_stems","north","Kalmia_latifolia","3"
385,"large_woody_stems","north","Gaylussacia_baccata","0"
385,"large_woody_stems","north","Vaccinium_pallidum","0"
385,"large_woody_stems","north","Smilax_rotundifolia","0"
385,"small_woody_stems","south","Kalmia_latifolia","1"
385,"small_woody_stems","south","Gaylussacia_baccata","31"
385,"small_woody_stems","south","Vaccinium_pallidum","3"
385,"small_woody_stems","south","Smilax_rotundifolia","0"
385,"medium_woody_stems","south","Kalmia_latifolia","3"
385,"medium_woody_stems","south","Gaylussacia_baccata","12"
385,"medium_woody_stems","south","Vaccinium_pallidum","0"
385,"medium_woody_stems","south","Smilax_rotundifolia","1"
385,"large_woody_stems","south","Kalmia_latifolia","3"
385,"large_woody_stems","south","Gaylussacia_baccata","0"
385,"large_woody_stems","south","Vaccinium_pallidum","0"
385,"large_woody_stems","south","Smilax_rotundifolia","0"
386,"basalarea","none","Quercus_montana","2"
386,"basalarea","none","Quercus_rubra","0"
386,"basalarea","none","Nyssa_sylvatica","0"
386,"snag","none","snag","1"
386,"basalarea_edge","none","nodata","6"
386,"small_woody_stems","north","Gaylussacia_baccata","20"
386,"small_woody_stems","north","Kalmia_latifolia","1"
386,"small_woody_stems","north","Vaccinium_pallidum","15"
386,"small_woody_stems","north","Acer_rubrum","0"
386,"small_woody_stems","north","Quercus_ilicifolia","0"
386,"small_woody_stems","north","Amelanchier_spp","0"
386,"small_woody_stems","north","Pinus_rigida","0"
386,"medium_woody_stems","north","Gaylussacia_baccata","3"
386,"medium_woody_stems","north","Kalmia_latifolia","0"
386,"medium_woody_stems","north","Vaccinium_pallidum","0"
386,"medium_woody_stems","north","Acer_rubrum","0"
386,"medium_woody_stems","north","Quercus_ilicifolia","0"
386,"medium_woody_stems","north","Amelanchier_spp","0"
386,"medium_woody_stems","north","Pinus_rigida","0"
386,"large_woody_stems","north","Gaylussacia_baccata","0"
386,"large_woody_stems","north","Kalmia_latifolia","2"
386,"large_woody_stems","north","Vaccinium_pallidum","0"
386,"large_woody_stems","north","Acer_rubrum","3"
386,"large_woody_stems","north","Quercus_ilicifolia","0"
386,"large_woody_stems","north","Amelanchier_spp","0"
386,"large_woody_stems","north","Pinus_rigida","0"
386,"small_woody_stems","south","Gaylussacia_baccata","68"
386,"small_woody_stems","south","Kalmia_latifolia","1"
386,"small_woody_stems","south","Vaccinium_pallidum","0"
386,"small_woody_stems","south","Acer_rubrum","0"
386,"small_woody_stems","south","Quercus_ilicifolia","4"
386,"small_woody_stems","south","Amelanchier_spp","2"
386,"small_woody_stems","south","Pinus_rigida","0"
386,"medium_woody_stems","south","Gaylussacia_baccata","6"
386,"medium_woody_stems","south","Kalmia_latifolia","3"
386,"medium_woody_stems","south","Vaccinium_pallidum","0"
386,"medium_woody_stems","south","Acer_rubrum","0"
386,"medium_woody_stems","south","Quercus_ilicifolia","0"
386,"medium_woody_stems","south","Amelanchier_spp","0"
386,"medium_woody_stems","south","Pinus_rigida","0"
386,"large_woody_stems","south","Gaylussacia_baccata","0"
386,"large_woody_stems","south","Kalmia_latifolia","5"
386,"large_woody_stems","south","Vaccinium_pallidum","0"
386,"large_woody_stems","south","Acer_rubrum","0"
386,"large_woody_stems","south","Quercus_ilicifolia","2"
386,"large_woody_stems","south","Amelanchier_spp","0"
386,"large_woody_stems","south","Pinus_rigida","1"
387,"basalarea","none","Nyssa_sylvatica","1"
387,"snag","none","snag","7"
387,"basalarea_edge","none","nodata","4"
387,"small_woody_stems","north","Kalmia_latifolia","4"
387,"small_woody_stems","north","Gaylussacia_baccata","34"
387,"small_woody_stems","north","Vaccinium_pallidum","4"
387,"small_woody_stems","north","Vaccinium_angustifolium","1"
387,"small_woody_stems","north","Acer_rubrum","0"
387,"medium_woody_stems","north","Kalmia_latifolia","5"
387,"medium_woody_stems","north","Gaylussacia_baccata","1"
387,"medium_woody_stems","north","Vaccinium_pallidum","0"
387,"medium_woody_stems","north","Vaccinium_angustifolium","0"
387,"medium_woody_stems","north","Acer_rubrum","0"
387,"large_woody_stems","north","Kalmia_latifolia","6"
387,"large_woody_stems","north","Gaylussacia_baccata","0"
387,"large_woody_stems","north","Vaccinium_pallidum","0"
387,"large_woody_stems","north","Vaccinium_angustifolium","0"
387,"large_woody_stems","north","Acer_rubrum","1"
387,"small_woody_stems","south","Kalmia_latifolia","5"
387,"small_woody_stems","south","Gaylussacia_baccata","51"
387,"small_woody_stems","south","Vaccinium_pallidum","11"
387,"small_woody_stems","south","Vaccinium_angustifolium","2"
387,"small_woody_stems","south","Acer_rubrum","0"
387,"medium_woody_stems","south","Kalmia_latifolia","2"
387,"medium_woody_stems","south","Gaylussacia_baccata","5"
387,"medium_woody_stems","south","Vaccinium_pallidum","2"
387,"medium_woody_stems","south","Vaccinium_angustifolium","0"
387,"medium_woody_stems","south","Acer_rubrum","0"
387,"large_woody_stems","south","Kalmia_latifolia","8"
387,"large_woody_stems","south","Gaylussacia_baccata","0"
387,"large_woody_stems","south","Vaccinium_pallidum","0"
387,"large_woody_stems","south","Vaccinium_angustifolium","0"
387,"large_woody_stems","south","Acer_rubrum","0"
388,"basalarea","none","Nyssa_sylvatica","3"
388,"basalarea","none","Quercus_montana","3"
388,"basalarea","none","Acer_rubrum","1"
388,"snag","none","snag","3"
388,"basalarea_edge","none","nodata","4"
388,"small_woody_stems","north","Kalmia_latifolia","6"
388,"small_woody_stems","north","Gaylussacia_baccata","18"
388,"small_woody_stems","north","Vaccinium_pallidum","7"
388,"small_woody_stems","north","Smilax_rotundifolia","0"
388,"small_woody_stems","north","Gaylussacia_frondosa","0"
388,"small_woody_stems","north","Nyssa_sylvatica","0"
388,"medium_woody_stems","north","Kalmia_latifolia","4"
388,"medium_woody_stems","north","Gaylussacia_baccata","1"
388,"medium_woody_stems","north","Vaccinium_pallidum","0"
388,"medium_woody_stems","north","Smilax_rotundifolia","0"
388,"medium_woody_stems","north","Gaylussacia_frondosa","0"
388,"medium_woody_stems","north","Nyssa_sylvatica","0"
388,"large_woody_stems","north","Kalmia_latifolia","7"
388,"large_woody_stems","north","Gaylussacia_baccata","0"
388,"large_woody_stems","north","Vaccinium_pallidum","0"
388,"large_woody_stems","north","Smilax_rotundifolia","3"
388,"large_woody_stems","north","Gaylussacia_frondosa","0"
388,"large_woody_stems","north","Nyssa_sylvatica","0"
388,"small_woody_stems","south","Kalmia_latifolia","1"
388,"small_woody_stems","south","Gaylussacia_baccata","0"
388,"small_woody_stems","south","Vaccinium_pallidum","4"
388,"small_woody_stems","south","Smilax_rotundifolia","0"
388,"small_woody_stems","south","Gaylussacia_frondosa","18"
388,"small_woody_stems","south","Nyssa_sylvatica","0"
388,"medium_woody_stems","south","Kalmia_latifolia","3"
388,"medium_woody_stems","south","Gaylussacia_baccata","0"
388,"medium_woody_stems","south","Vaccinium_pallidum","0"
388,"medium_woody_stems","south","Smilax_rotundifolia","0"
388,"medium_woody_stems","south","Gaylussacia_frondosa","15"
388,"medium_woody_stems","south","Nyssa_sylvatica","0"
388,"large_woody_stems","south","Kalmia_latifolia","7"
388,"large_woody_stems","south","Gaylussacia_baccata","0"
388,"large_woody_stems","south","Vaccinium_pallidum","0"
388,"large_woody_stems","south","Smilax_rotundifolia","0"
388,"large_woody_stems","south","Gaylussacia_frondosa","4"
388,"large_woody_stems","south","Nyssa_sylvatica","1"
389,"basalarea","none","Pinus_rigida","6"
389,"snag","none","snag","0"
389,"basalarea_edge","none","nodata","2"
389,"small_woody_stems","north","Kalmia_latifolia","2"
389,"small_woody_stems","north","Vaccinium_pallidum","21"
389,"small_woody_stems","north","Gaylussacia_baccata","14"
389,"small_woody_stems","north","Quercus_ilicifolia","0"
389,"medium_woody_stems","north","Kalmia_latifolia","0"
389,"medium_woody_stems","north","Vaccinium_pallidum","0"
389,"medium_woody_stems","north","Gaylussacia_baccata","0"
389,"medium_woody_stems","north","Quercus_ilicifolia","1"
389,"large_woody_stems","north","Kalmia_latifolia","9"
389,"large_woody_stems","north","Vaccinium_pallidum","0"
389,"large_woody_stems","north","Gaylussacia_baccata","0"
389,"large_woody_stems","north","Quercus_ilicifolia","0"
389,"small_woody_stems","south","Kalmia_latifolia","4"
389,"small_woody_stems","south","Vaccinium_pallidum","14"
389,"small_woody_stems","south","Gaylussacia_baccata","5"
389,"small_woody_stems","south","Quercus_ilicifolia","0"
389,"medium_woody_stems","south","Kalmia_latifolia","1"
389,"medium_woody_stems","south","Vaccinium_pallidum","5"
389,"medium_woody_stems","south","Gaylussacia_baccata","0"
389,"medium_woody_stems","south","Quercus_ilicifolia","0"
389,"large_woody_stems","south","Kalmia_latifolia","11"
389,"large_woody_stems","south","Vaccinium_pallidum","0"
389,"large_woody_stems","south","Gaylussacia_baccata","0"
389,"large_woody_stems","south","Quercus_ilicifolia","0"
390,"basalarea","none","Nyssa_sylvatica","2"
390,"basalarea","none","Quercus_montana","3"
390,"basalarea","none","Pinus_rigida","3"
390,"snag","none","snag","1"
390,"basalarea_edge","none","nodata","0"
390,"small_woody_stems","north","Kalmia_latifolia","8"
390,"small_woody_stems","north","Vaccinium_angustifolium","3"
390,"small_woody_stems","north","Gaylussacia_baccata","14"
390,"small_woody_stems","north","Acer_rubrum","4"
390,"small_woody_stems","north","Vaccinium_pallidum","4"
390,"medium_woody_stems","north","Kalmia_latifolia","7"
390,"medium_woody_stems","north","Vaccinium_angustifolium","0"
390,"medium_woody_stems","north","Gaylussacia_baccata","1"
390,"medium_woody_stems","north","Acer_rubrum","1"
390,"medium_woody_stems","north","Vaccinium_pallidum","0"
390,"large_woody_stems","north","Kalmia_latifolia","18"
390,"large_woody_stems","north","Vaccinium_angustifolium","0"
390,"large_woody_stems","north","Gaylussacia_baccata","0"
390,"large_woody_stems","north","Acer_rubrum","0"
390,"large_woody_stems","north","Vaccinium_pallidum","0"
390,"small_woody_stems","south","Kalmia_latifolia","9"
390,"small_woody_stems","south","Vaccinium_angustifolium","3"
390,"small_woody_stems","south","Gaylussacia_baccata","8"
390,"small_woody_stems","south","Acer_rubrum","1"
390,"small_woody_stems","south","Vaccinium_pallidum","3"
390,"medium_woody_stems","south","Kalmia_latifolia","4"
390,"medium_woody_stems","south","Vaccinium_angustifolium","3"
390,"medium_woody_stems","south","Gaylussacia_baccata","1"
390,"medium_woody_stems","south","Acer_rubrum","0"
390,"medium_woody_stems","south","Vaccinium_pallidum","0"
390,"large_woody_stems","south","Kalmia_latifolia","7"
390,"large_woody_stems","south","Vaccinium_angustifolium","0"
390,"large_woody_stems","south","Gaylussacia_baccata","0"
390,"large_woody_stems","south","Acer_rubrum","0"
390,"large_woody_stems","south","Vaccinium_pallidum","0"
391,"basalarea","none","Nyssa_sylvatica","3"
391,"basalarea","none","Pinus_strobus","2"
391,"basalarea","none","Pinus_rigida","1"
391,"snag","none","snag","6"
391,"basalarea_edge","none","nodata","2"
391,"small_woody_stems","north","Kalmia_latifolia","7"
391,"small_woody_stems","north","Gaylussacia_frondosa","8"
391,"small_woody_stems","north","Vaccinium_pallidum","23"
391,"small_woody_stems","north","Pinus_strobus","0"
391,"medium_woody_stems","north","Kalmia_latifolia","7"
391,"medium_woody_stems","north","Gaylussacia_frondosa","7"
391,"medium_woody_stems","north","Vaccinium_pallidum","0"
391,"medium_woody_stems","north","Pinus_strobus","0"
391,"large_woody_stems","north","Kalmia_latifolia","6"
391,"large_woody_stems","north","Gaylussacia_frondosa","2"
391,"large_woody_stems","north","Vaccinium_pallidum","0"
391,"large_woody_stems","north","Pinus_strobus","4"
391,"small_woody_stems","south","Kalmia_latifolia","8"
391,"small_woody_stems","south","Gaylussacia_frondosa","0"
391,"small_woody_stems","south","Vaccinium_pallidum","6"
391,"small_woody_stems","south","Pinus_strobus","2"
391,"medium_woody_stems","south","Kalmia_latifolia","5"
391,"medium_woody_stems","south","Gaylussacia_frondosa","0"
391,"medium_woody_stems","south","Vaccinium_pallidum","0"
391,"medium_woody_stems","south","Pinus_strobus","0"
391,"large_woody_stems","south","Kalmia_latifolia","8"
391,"large_woody_stems","south","Gaylussacia_frondosa","0"
391,"large_woody_stems","south","Vaccinium_pallidum","0"
391,"large_woody_stems","south","Pinus_strobus","0"
392,"basalarea","none","Pinus_strobus","1"
392,"basalarea","none","Pinus_rigida","1"
392,"basalarea","none","Nyssa_sylvatica","0"
392,"snag","none","snag","7"
392,"basalarea_edge","none","nodata","1"
392,"small_woody_stems","north","Kalmia_latifolia","3"
392,"small_woody_stems","north","Vaccinium_pallidum","41"
392,"small_woody_stems","north","Gaylussacia_baccata","9"
392,"medium_woody_stems","north","Kalmia_latifolia","4"
392,"medium_woody_stems","north","Vaccinium_pallidum","0"
392,"medium_woody_stems","north","Gaylussacia_baccata","0"
392,"large_woody_stems","north","Kalmia_latifolia","11"
392,"large_woody_stems","north","Vaccinium_pallidum","0"
392,"large_woody_stems","north","Gaylussacia_baccata","0"
392,"small_woody_stems","south","Kalmia_latifolia","4"
392,"small_woody_stems","south","Vaccinium_pallidum","37"
392,"small_woody_stems","south","Gaylussacia_baccata","35"
392,"medium_woody_stems","south","Kalmia_latifolia","2"
392,"medium_woody_stems","south","Vaccinium_pallidum","2"
392,"medium_woody_stems","south","Gaylussacia_baccata","0"
392,"large_woody_stems","south","Kalmia_latifolia","7"
392,"large_woody_stems","south","Vaccinium_pallidum","0"
392,"large_woody_stems","south","Gaylussacia_baccata","0"
393,"basalarea","none","Nyssa_sylvatica","5"
393,"basalarea","none","Pinus_rigida","2"
393,"snag","none","snag","0"
393,"basalarea_edge","none","nodata","3"
393,"small_woody_stems","north","Kalmia_latifolia","0"
393,"small_woody_stems","north","Smilax_rotundifolia","3"
393,"small_woody_stems","north","Nyssa_sylvatica","0"
393,"small_woody_stems","north","Gaylussacia_baccata","0"
393,"small_woody_stems","north","Quercus_ilicifolia","0"
393,"small_woody_stems","north","Acer_rubrum","0"
393,"small_woody_stems","north","Vaccinium_pallidum","0"
393,"medium_woody_stems","north","Kalmia_latifolia","4"
393,"medium_woody_stems","north","Smilax_rotundifolia","1"
393,"medium_woody_stems","north","Nyssa_sylvatica","0"
393,"medium_woody_stems","north","Gaylussacia_baccata","0"
393,"medium_woody_stems","north","Quercus_ilicifolia","0"
393,"medium_woody_stems","north","Acer_rubrum","0"
393,"medium_woody_stems","north","Vaccinium_pallidum","0"
393,"large_woody_stems","north","Kalmia_latifolia","20"
393,"large_woody_stems","north","Smilax_rotundifolia","1"
393,"large_woody_stems","north","Nyssa_sylvatica","7"
393,"large_woody_stems","north","Gaylussacia_baccata","0"
393,"large_woody_stems","north","Quercus_ilicifolia","0"
393,"large_woody_stems","north","Acer_rubrum","0"
393,"large_woody_stems","north","Vaccinium_pallidum","0"
393,"small_woody_stems","south","Kalmia_latifolia","1"
393,"small_woody_stems","south","Smilax_rotundifolia","1"
393,"small_woody_stems","south","Nyssa_sylvatica","0"
393,"small_woody_stems","south","Gaylussacia_baccata","18"
393,"small_woody_stems","south","Quercus_ilicifolia","0"
393,"small_woody_stems","south","Acer_rubrum","0"
393,"small_woody_stems","south","Vaccinium_pallidum","3"
393,"medium_woody_stems","south","Kalmia_latifolia","1"
393,"medium_woody_stems","south","Smilax_rotundifolia","0"
393,"medium_woody_stems","south","Nyssa_sylvatica","0"
393,"medium_woody_stems","south","Gaylussacia_baccata","9"
393,"medium_woody_stems","south","Quercus_ilicifolia","0"
393,"medium_woody_stems","south","Acer_rubrum","0"
393,"medium_woody_stems","south","Vaccinium_pallidum","0"
393,"large_woody_stems","south","Kalmia_latifolia","5"
393,"large_woody_stems","south","Smilax_rotundifolia","0"
393,"large_woody_stems","south","Nyssa_sylvatica","6"
393,"large_woody_stems","south","Gaylussacia_baccata","0"
393,"large_woody_stems","south","Quercus_ilicifolia","1"
393,"large_woody_stems","south","Acer_rubrum","1"
393,"large_woody_stems","south","Vaccinium_pallidum","0"
394,"basalarea","none","Pinus_rigida","2"
394,"basalarea","none","Quercus_rubra","1"
394,"basalarea","none","Acer_rubrum","2"
394,"snag","none","snag","1"
394,"basalarea_edge","none","nodata","2"
394,"small_woody_stems","north","Kalmia_latifolia","0"
394,"small_woody_stems","north","Gaylussacia_baccata","5"
394,"small_woody_stems","north","Sassafras_albidum","0"
394,"small_woody_stems","north","Nyssa_sylvatica","0"
394,"small_woody_stems","north","Vaccinium_pallidum","0"
394,"medium_woody_stems","north","Kalmia_latifolia","5"
394,"medium_woody_stems","north","Gaylussacia_baccata","0"
394,"medium_woody_stems","north","Sassafras_albidum","0"
394,"medium_woody_stems","north","Nyssa_sylvatica","0"
394,"medium_woody_stems","north","Vaccinium_pallidum","0"
394,"large_woody_stems","north","Kalmia_latifolia","15"
394,"large_woody_stems","north","Gaylussacia_baccata","0"
394,"large_woody_stems","north","Sassafras_albidum","1"
394,"large_woody_stems","north","Nyssa_sylvatica","1"
394,"large_woody_stems","north","Vaccinium_pallidum","0"
394,"small_woody_stems","south","Kalmia_latifolia","1"
394,"small_woody_stems","south","Gaylussacia_baccata","18"
394,"small_woody_stems","south","Sassafras_albidum","0"
394,"small_woody_stems","south","Nyssa_sylvatica","0"
394,"small_woody_stems","south","Vaccinium_pallidum","6"
394,"medium_woody_stems","south","Kalmia_latifolia","2"
394,"medium_woody_stems","south","Gaylussacia_baccata","2"
394,"medium_woody_stems","south","Sassafras_albidum","0"
394,"medium_woody_stems","south","Nyssa_sylvatica","0"
394,"medium_woody_stems","south","Vaccinium_pallidum","0"
394,"large_woody_stems","south","Kalmia_latifolia","8"
394,"large_woody_stems","south","Gaylussacia_baccata","0"
394,"large_woody_stems","south","Sassafras_albidum","0"
394,"large_woody_stems","south","Nyssa_sylvatica","6"
394,"large_woody_stems","south","Vaccinium_pallidum","0"
395,"basalarea","none","Pinus_rigida","10"
395,"basalarea","none","Nyssa_sylvatica","2"
395,"basalarea","none","Amelanchier_spp","4"
395,"basalarea","none","Sassafras_albidum","0"
395,"snag","none","snag","0"
395,"basalarea_edge","none","nodata","7"
395,"small_woody_stems","north","Gaylussacia_baccata","50"
395,"small_woody_stems","north","Vaccinium_pallidum","10"
395,"small_woody_stems","north","Kalmia_latifolia","4"
395,"small_woody_stems","north","Pinus_rigida","0"
395,"small_woody_stems","north","Smilax_rotundifolia","1"
395,"small_woody_stems","north","Nyssa_sylvatica","0"
395,"small_woody_stems","north","Acer_rubrum","0"
395,"medium_woody_stems","north","Gaylussacia_baccata","4"
395,"medium_woody_stems","north","Vaccinium_pallidum","0"
395,"medium_woody_stems","north","Kalmia_latifolia","2"
395,"medium_woody_stems","north","Pinus_rigida","0"
395,"medium_woody_stems","north","Smilax_rotundifolia","0"
395,"medium_woody_stems","north","Nyssa_sylvatica","0"
395,"medium_woody_stems","north","Acer_rubrum","0"
395,"large_woody_stems","north","Gaylussacia_baccata","0"
395,"large_woody_stems","north","Vaccinium_pallidum","0"
395,"large_woody_stems","north","Kalmia_latifolia","1"
395,"large_woody_stems","north","Pinus_rigida","3"
395,"large_woody_stems","north","Smilax_rotundifolia","0"
395,"large_woody_stems","north","Nyssa_sylvatica","0"
395,"large_woody_stems","north","Acer_rubrum","0"
395,"small_woody_stems","south","Gaylussacia_baccata","29"
395,"small_woody_stems","south","Vaccinium_pallidum","13"
395,"small_woody_stems","south","Kalmia_latifolia","0"
395,"small_woody_stems","south","Pinus_rigida","0"
395,"small_woody_stems","south","Smilax_rotundifolia","0"
395,"small_woody_stems","south","Nyssa_sylvatica","0"
395,"small_woody_stems","south","Acer_rubrum","0"
395,"medium_woody_stems","south","Gaylussacia_baccata","1"
395,"medium_woody_stems","south","Vaccinium_pallidum","0"
395,"medium_woody_stems","south","Kalmia_latifolia","0"
395,"medium_woody_stems","south","Pinus_rigida","0"
395,"medium_woody_stems","south","Smilax_rotundifolia","0"
395,"medium_woody_stems","south","Nyssa_sylvatica","0"
395,"medium_woody_stems","south","Acer_rubrum","0"
395,"large_woody_stems","south","Gaylussacia_baccata","0"
395,"large_woody_stems","south","Vaccinium_pallidum","0"
395,"large_woody_stems","south","Kalmia_latifolia","0"
395,"large_woody_stems","south","Pinus_rigida","1"
395,"large_woody_stems","south","Smilax_rotundifolia","0"
395,"large_woody_stems","south","Nyssa_sylvatica","2"
395,"large_woody_stems","south","Acer_rubrum","2"
396,"basalarea","none","Acer_rubrum","3"
396,"basalarea","none","Pinus_rigida","6"
396,"basalarea","none","Amelanchier_spp","2"
396,"basalarea","none","Nyssa_sylvatica","1"
396,"basalarea","none","Prunus_serotina","2"
396,"snag","none","snag","0"
396,"basalarea_edge","none","nodata","0"
396,"small_woody_stems","north","Kalmia_latifolia","4"
396,"small_woody_stems","north","Pinus_rigida","0"
396,"small_woody_stems","north","Sassafras_albidum","0"
396,"small_woody_stems","north","Acer_rubrum","0"
396,"small_woody_stems","north","Smilax_rotundifolia","0"
396,"small_woody_stems","north","Nyssa_sylvatica","0"
396,"small_woody_stems","north","Vaccinium_pallidum","0"
396,"medium_woody_stems","north","Kalmia_latifolia","0"
396,"medium_woody_stems","north","Pinus_rigida","0"
396,"medium_woody_stems","north","Sassafras_albidum","0"
396,"medium_woody_stems","north","Acer_rubrum","0"
396,"medium_woody_stems","north","Smilax_rotundifolia","0"
396,"medium_woody_stems","north","Nyssa_sylvatica","0"
396,"medium_woody_stems","north","Vaccinium_pallidum","0"
396,"large_woody_stems","north","Kalmia_latifolia","0"
396,"large_woody_stems","north","Pinus_rigida","2"
396,"large_woody_stems","north","Sassafras_albidum","1"
396,"large_woody_stems","north","Acer_rubrum","1"
396,"large_woody_stems","north","Smilax_rotundifolia","1"
396,"large_woody_stems","north","Nyssa_sylvatica","0"
396,"large_woody_stems","north","Vaccinium_pallidum","0"
396,"small_woody_stems","south","Kalmia_latifolia","1"
396,"small_woody_stems","south","Pinus_rigida","0"
396,"small_woody_stems","south","Sassafras_albidum","0"
396,"small_woody_stems","south","Acer_rubrum","0"
396,"small_woody_stems","south","Smilax_rotundifolia","4"
396,"small_woody_stems","south","Nyssa_sylvatica","0"
396,"small_woody_stems","south","Vaccinium_pallidum","1"
396,"medium_woody_stems","south","Kalmia_latifolia","0"
396,"medium_woody_stems","south","Pinus_rigida","0"
396,"medium_woody_stems","south","Sassafras_albidum","0"
396,"medium_woody_stems","south","Acer_rubrum","0"
396,"medium_woody_stems","south","Smilax_rotundifolia","1"
396,"medium_woody_stems","south","Nyssa_sylvatica","0"
396,"medium_woody_stems","south","Vaccinium_pallidum","0"
396,"large_woody_stems","south","Kalmia_latifolia","2"
396,"large_woody_stems","south","Pinus_rigida","1"
396,"large_woody_stems","south","Sassafras_albidum","0"
396,"large_woody_stems","south","Acer_rubrum","3"
396,"large_woody_stems","south","Smilax_rotundifolia","8"
396,"large_woody_stems","south","Nyssa_sylvatica","3"
396,"large_woody_stems","south","Vaccinium_pallidum","0"
397,"basalarea","none","Nyssa_sylvatica","5"
397,"basalarea","none","Pinus_strobus","2"
397,"basalarea","none","Acer_rubrum","2"
397,"basalarea","none","Pinus_rigida","1"
397,"snag","none","snag","1"
397,"basalarea_edge","none","nodata","3"
397,"small_woody_stems","north","Kalmia_latifolia","5"
397,"small_woody_stems","north","Pinus_strobus","0"
397,"small_woody_stems","north","Nyssa_sylvatica","0"
397,"small_woody_stems","north","Vaccinium_pallidum","1"
397,"medium_woody_stems","north","Kalmia_latifolia","2"
397,"medium_woody_stems","north","Pinus_strobus","0"
397,"medium_woody_stems","north","Nyssa_sylvatica","0"
397,"medium_woody_stems","north","Vaccinium_pallidum","0"
397,"large_woody_stems","north","Kalmia_latifolia","4"
397,"large_woody_stems","north","Pinus_strobus","1"
397,"large_woody_stems","north","Nyssa_sylvatica","1"
397,"large_woody_stems","north","Vaccinium_pallidum","0"
397,"small_woody_stems","south","Kalmia_latifolia","2"
397,"small_woody_stems","south","Pinus_strobus","0"
397,"small_woody_stems","south","Nyssa_sylvatica","0"
397,"small_woody_stems","south","Vaccinium_pallidum","3"
397,"medium_woody_stems","south","Kalmia_latifolia","3"
397,"medium_woody_stems","south","Pinus_strobus","0"
397,"medium_woody_stems","south","Nyssa_sylvatica","0"
397,"medium_woody_stems","south","Vaccinium_pallidum","0"
397,"large_woody_stems","south","Kalmia_latifolia","3"
397,"large_woody_stems","south","Pinus_strobus","2"
397,"large_woody_stems","south","Nyssa_sylvatica","0"
397,"large_woody_stems","south","Vaccinium_pallidum","0"
398,"basalarea","none","Pinus_strobus","2"
398,"basalarea","none","Nyssa_sylvatica","0"
398,"snag","none","snag","6"
398,"basalarea_edge","none","nodata","1"
398,"small_woody_stems","north","Kalmia_latifolia","4"
398,"small_woody_stems","north","Vaccinium_membranaceum","16"
398,"small_woody_stems","north","Vaccinium_pallidum","11"
398,"medium_woody_stems","north","Kalmia_latifolia","9"
398,"medium_woody_stems","north","Vaccinium_membranaceum","12"
398,"medium_woody_stems","north","Vaccinium_pallidum","0"
398,"large_woody_stems","north","Kalmia_latifolia","7"
398,"large_woody_stems","north","Vaccinium_membranaceum","5"
398,"large_woody_stems","north","Vaccinium_pallidum","0"
398,"small_woody_stems","south","Kalmia_latifolia","3"
398,"small_woody_stems","south","Vaccinium_membranaceum","7"
398,"small_woody_stems","south","Vaccinium_pallidum","17"
398,"medium_woody_stems","south","Kalmia_latifolia","6"
398,"medium_woody_stems","south","Vaccinium_membranaceum","3"
398,"medium_woody_stems","south","Vaccinium_pallidum","5"
398,"large_woody_stems","south","Kalmia_latifolia","3"
398,"large_woody_stems","south","Vaccinium_membranaceum","0"
398,"large_woody_stems","south","Vaccinium_pallidum","0"
399,"basalarea","none","Acer_rubrum","0"
399,"snag","none","snag","6"
399,"basalarea_edge","none","nodata","5"
399,"small_woody_stems","north","Kalmia_latifolia","4"
399,"small_woody_stems","north","Vaccinium_membranaceum","20"
399,"small_woody_stems","north","Vaccinium_pallidum","4"
399,"small_woody_stems","north","Acer_rubrum","5"
399,"small_woody_stems","north","Betula_lenta","1"
399,"small_woody_stems","north","Vaccinium_angustifolium","0"
399,"small_woody_stems","north","Pinus_rigida","0"
399,"small_woody_stems","north","Gaylussacia_baccata","0"
399,"small_woody_stems","north","Quercus_montana","0"
399,"medium_woody_stems","north","Kalmia_latifolia","7"
399,"medium_woody_stems","north","Vaccinium_membranaceum","15"
399,"medium_woody_stems","north","Vaccinium_pallidum","0"
399,"medium_woody_stems","north","Acer_rubrum","0"
399,"medium_woody_stems","north","Betula_lenta","0"
399,"medium_woody_stems","north","Vaccinium_angustifolium","0"
399,"medium_woody_stems","north","Pinus_rigida","0"
399,"medium_woody_stems","north","Gaylussacia_baccata","0"
399,"medium_woody_stems","north","Quercus_montana","0"
399,"large_woody_stems","north","Kalmia_latifolia","15"
399,"large_woody_stems","north","Vaccinium_membranaceum","4"
399,"large_woody_stems","north","Vaccinium_pallidum","0"
399,"large_woody_stems","north","Acer_rubrum","0"
399,"large_woody_stems","north","Betula_lenta","0"
399,"large_woody_stems","north","Vaccinium_angustifolium","0"
399,"large_woody_stems","north","Pinus_rigida","0"
399,"large_woody_stems","north","Gaylussacia_baccata","0"
399,"large_woody_stems","north","Quercus_montana","0"
399,"small_woody_stems","south","Kalmia_latifolia","5"
399,"small_woody_stems","south","Vaccinium_membranaceum","52"
399,"small_woody_stems","south","Vaccinium_pallidum","2"
399,"small_woody_stems","south","Acer_rubrum","2"
399,"small_woody_stems","south","Betula_lenta","0"
399,"small_woody_stems","south","Vaccinium_angustifolium","2"
399,"small_woody_stems","south","Pinus_rigida","1"
399,"small_woody_stems","south","Gaylussacia_baccata","5"
399,"small_woody_stems","south","Quercus_montana","1"
399,"medium_woody_stems","south","Kalmia_latifolia","2"
399,"medium_woody_stems","south","Vaccinium_membranaceum","9"
399,"medium_woody_stems","south","Vaccinium_pallidum","0"
399,"medium_woody_stems","south","Acer_rubrum","0"
399,"medium_woody_stems","south","Betula_lenta","0"
399,"medium_woody_stems","south","Vaccinium_angustifolium","0"
399,"medium_woody_stems","south","Pinus_rigida","0"
399,"medium_woody_stems","south","Gaylussacia_baccata","0"
399,"medium_woody_stems","south","Quercus_montana","0"
399,"large_woody_stems","south","Kalmia_latifolia","3"
399,"large_woody_stems","south","Vaccinium_membranaceum","0"
399,"large_woody_stems","south","Vaccinium_pallidum","0"
399,"large_woody_stems","south","Acer_rubrum","0"
399,"large_woody_stems","south","Betula_lenta","0"
399,"large_woody_stems","south","Vaccinium_angustifolium","0"
399,"large_woody_stems","south","Pinus_rigida","2"
399,"large_woody_stems","south","Gaylussacia_baccata","0"
399,"large_woody_stems","south","Quercus_montana","0"
400,"basalarea","none","Quercus_montana","2"
400,"basalarea","none","Acer_rubrum","2"
400,"snag","none","snag","3"
400,"basalarea_edge","none","nodata","3"
400,"small_woody_stems","north","Kalmia_latifolia","6"
400,"small_woody_stems","north","Acer_rubrum","4"
400,"small_woody_stems","north","Gaylussacia_baccata","8"
400,"small_woody_stems","north","Pinus_rigida","1"
400,"small_woody_stems","north","Vaccinium_pallidum","2"
400,"small_woody_stems","north","Vaccinium_angustifolium","0"
400,"medium_woody_stems","north","Kalmia_latifolia","8"
400,"medium_woody_stems","north","Acer_rubrum","0"
400,"medium_woody_stems","north","Gaylussacia_baccata","0"
400,"medium_woody_stems","north","Pinus_rigida","0"
400,"medium_woody_stems","north","Vaccinium_pallidum","2"
400,"medium_woody_stems","north","Vaccinium_angustifolium","0"
400,"large_woody_stems","north","Kalmia_latifolia","7"
400,"large_woody_stems","north","Acer_rubrum","0"
400,"large_woody_stems","north","Gaylussacia_baccata","0"
400,"large_woody_stems","north","Pinus_rigida","0"
400,"large_woody_stems","north","Vaccinium_pallidum","0"
400,"large_woody_stems","north","Vaccinium_angustifolium","0"
400,"small_woody_stems","south","Kalmia_latifolia","5"
400,"small_woody_stems","south","Acer_rubrum","3"
400,"small_woody_stems","south","Gaylussacia_baccata","7"
400,"small_woody_stems","south","Pinus_rigida","0"
400,"small_woody_stems","south","Vaccinium_pallidum","1"
400,"small_woody_stems","south","Vaccinium_angustifolium","3"
400,"medium_woody_stems","south","Kalmia_latifolia","5"
400,"medium_woody_stems","south","Acer_rubrum","0"
400,"medium_woody_stems","south","Gaylussacia_baccata","0"
400,"medium_woody_stems","south","Pinus_rigida","0"
400,"medium_woody_stems","south","Vaccinium_pallidum","0"
400,"medium_woody_stems","south","Vaccinium_angustifolium","0"
400,"large_woody_stems","south","Kalmia_latifolia","10"
400,"large_woody_stems","south","Acer_rubrum","0"
400,"large_woody_stems","south","Gaylussacia_baccata","0"
400,"large_woody_stems","south","Pinus_rigida","0"
400,"large_woody_stems","south","Vaccinium_pallidum","0"
400,"large_woody_stems","south","Vaccinium_angustifolium","0"
401,"basalarea","none","Quercus_montana","1"
401,"basalarea","none","Acer_rubrum","1"
401,"basalarea","none","Nyssa_sylvatica","1"
401,"snag","none","snag","3"
401,"basalarea_edge","none","nodata","5"
401,"small_woody_stems","north","Kalmia_latifolia","0"
401,"small_woody_stems","north","Gaylussacia_baccata","31"
401,"small_woody_stems","north","Amelanchier_spp","1"
401,"small_woody_stems","north","Vaccinium_pallidum","4"
401,"small_woody_stems","north","Gaylussacia_frondosa","8"
401,"small_woody_stems","north","Sassafras_albidum","0"
401,"medium_woody_stems","north","Kalmia_latifolia","2"
401,"medium_woody_stems","north","Gaylussacia_baccata","0"
401,"medium_woody_stems","north","Amelanchier_spp","0"
401,"medium_woody_stems","north","Vaccinium_pallidum","0"
401,"medium_woody_stems","north","Gaylussacia_frondosa","15"
401,"medium_woody_stems","north","Sassafras_albidum","0"
401,"large_woody_stems","north","Kalmia_latifolia","7"
401,"large_woody_stems","north","Gaylussacia_baccata","0"
401,"large_woody_stems","north","Amelanchier_spp","0"
401,"large_woody_stems","north","Vaccinium_pallidum","0"
401,"large_woody_stems","north","Gaylussacia_frondosa","2"
401,"large_woody_stems","north","Sassafras_albidum","0"
401,"small_woody_stems","south","Kalmia_latifolia","1"
401,"small_woody_stems","south","Gaylussacia_baccata","14"
401,"small_woody_stems","south","Amelanchier_spp","0"
401,"small_woody_stems","south","Vaccinium_pallidum","0"
401,"small_woody_stems","south","Gaylussacia_frondosa","0"
401,"small_woody_stems","south","Sassafras_albidum","0"
401,"medium_woody_stems","south","Kalmia_latifolia","4"
401,"medium_woody_stems","south","Gaylussacia_baccata","1"
401,"medium_woody_stems","south","Amelanchier_spp","0"
401,"medium_woody_stems","south","Vaccinium_pallidum","0"
401,"medium_woody_stems","south","Gaylussacia_frondosa","0"
401,"medium_woody_stems","south","Sassafras_albidum","1"
401,"large_woody_stems","south","Kalmia_latifolia","9"
401,"large_woody_stems","south","Gaylussacia_baccata","0"
401,"large_woody_stems","south","Amelanchier_spp","0"
401,"large_woody_stems","south","Vaccinium_pallidum","0"
401,"large_woody_stems","south","Gaylussacia_frondosa","0"
401,"large_woody_stems","south","Sassafras_albidum","0"
402,"basalarea","none","Acer_rubrum","0"
402,"basalarea","none","Nyssa_sylvatica","6"
402,"snag","none","snag","5"
402,"basalarea_edge","none","nodata","8"
402,"small_woody_stems","north","Kalmia_latifolia","4"
402,"small_woody_stems","north","Nyssa_sylvatica","0"
402,"small_woody_stems","north","Vaccinium_pallidum","0"
402,"small_woody_stems","north","Gaylussacia_baccata","0"
402,"small_woody_stems","north","Acer_rubrum","0"
402,"medium_woody_stems","north","Kalmia_latifolia","2"
402,"medium_woody_stems","north","Nyssa_sylvatica","0"
402,"medium_woody_stems","north","Vaccinium_pallidum","0"
402,"medium_woody_stems","north","Gaylussacia_baccata","0"
402,"medium_woody_stems","north","Acer_rubrum","0"
402,"large_woody_stems","north","Kalmia_latifolia","4"
402,"large_woody_stems","north","Nyssa_sylvatica","1"
402,"large_woody_stems","north","Vaccinium_pallidum","0"
402,"large_woody_stems","north","Gaylussacia_baccata","0"
402,"large_woody_stems","north","Acer_rubrum","0"
402,"small_woody_stems","south","Kalmia_latifolia","3"
402,"small_woody_stems","south","Nyssa_sylvatica","0"
402,"small_woody_stems","south","Vaccinium_pallidum","23"
402,"small_woody_stems","south","Gaylussacia_baccata","24"
402,"small_woody_stems","south","Acer_rubrum","3"
402,"medium_woody_stems","south","Kalmia_latifolia","1"
402,"medium_woody_stems","south","Nyssa_sylvatica","0"
402,"medium_woody_stems","south","Vaccinium_pallidum","1"
402,"medium_woody_stems","south","Gaylussacia_baccata","0"
402,"medium_woody_stems","south","Acer_rubrum","0"
402,"large_woody_stems","south","Kalmia_latifolia","5"
402,"large_woody_stems","south","Nyssa_sylvatica","0"
402,"large_woody_stems","south","Vaccinium_pallidum","0"
402,"large_woody_stems","south","Gaylussacia_baccata","0"
402,"large_woody_stems","south","Acer_rubrum","0"
403,"basalarea","none","Nyssa_sylvatica","6"
403,"basalarea","none","Acer_rubrum","1"
403,"basalarea","none","Pinus_strobus","0"
403,"snag","none","snag","3"
403,"basalarea_edge","none","nodata","7"
403,"small_woody_stems","north","Kalmia_latifolia","2"
403,"small_woody_stems","north","Gaylussacia_baccata","25"
403,"small_woody_stems","north","Vaccinium_pallidum","7"
403,"small_woody_stems","north","Acer_rubrum","1"
403,"small_woody_stems","north","Amelanchier_spp","1"
403,"small_woody_stems","north","Smilax_rotundifolia","0"
403,"medium_woody_stems","north","Kalmia_latifolia","3"
403,"medium_woody_stems","north","Gaylussacia_baccata","21"
403,"medium_woody_stems","north","Vaccinium_pallidum","0"
403,"medium_woody_stems","north","Acer_rubrum","0"
403,"medium_woody_stems","north","Amelanchier_spp","0"
403,"medium_woody_stems","north","Smilax_rotundifolia","0"
403,"large_woody_stems","north","Kalmia_latifolia","7"
403,"large_woody_stems","north","Gaylussacia_baccata","0"
403,"large_woody_stems","north","Vaccinium_pallidum","0"
403,"large_woody_stems","north","Acer_rubrum","0"
403,"large_woody_stems","north","Amelanchier_spp","0"
403,"large_woody_stems","north","Smilax_rotundifolia","0"
403,"small_woody_stems","south","Kalmia_latifolia","4"
403,"small_woody_stems","south","Gaylussacia_baccata","0"
403,"small_woody_stems","south","Vaccinium_pallidum","5"
403,"small_woody_stems","south","Acer_rubrum","0"
403,"small_woody_stems","south","Amelanchier_spp","1"
403,"small_woody_stems","south","Smilax_rotundifolia","1"
403,"medium_woody_stems","south","Kalmia_latifolia","3"
403,"medium_woody_stems","south","Gaylussacia_baccata","0"
403,"medium_woody_stems","south","Vaccinium_pallidum","0"
403,"medium_woody_stems","south","Acer_rubrum","0"
403,"medium_woody_stems","south","Amelanchier_spp","0"
403,"medium_woody_stems","south","Smilax_rotundifolia","0"
403,"large_woody_stems","south","Kalmia_latifolia","6"
403,"large_woody_stems","south","Gaylussacia_baccata","0"
403,"large_woody_stems","south","Vaccinium_pallidum","0"
403,"large_woody_stems","south","Acer_rubrum","1"
403,"large_woody_stems","south","Amelanchier_spp","1"
403,"large_woody_stems","south","Smilax_rotundifolia","0"
404,"basalarea","none","Pinus_strobus","0"
404,"basalarea","none","Nyssa_sylvatica","3"
404,"basalarea","none","Quercus_montana","2"
404,"basalarea","none","Sassafras_albidum","0"
404,"basalarea","none","Pinus_rigida","1"
404,"snag","none","snag","0"
404,"basalarea_edge","none","nodata","8"
404,"small_woody_stems","north","Kalmia_latifolia","3"
404,"small_woody_stems","north","Vaccinium_pallidum","14"
404,"small_woody_stems","north","Gaylussacia_baccata","9"
404,"small_woody_stems","north","Amelanchier_spp","0"
404,"small_woody_stems","north","Acer_rubrum","0"
404,"small_woody_stems","north","Pinus_strobus","0"
404,"medium_woody_stems","north","Kalmia_latifolia","2"
404,"medium_woody_stems","north","Vaccinium_pallidum","0"
404,"medium_woody_stems","north","Gaylussacia_baccata","0"
404,"medium_woody_stems","north","Amelanchier_spp","0"
404,"medium_woody_stems","north","Acer_rubrum","0"
404,"medium_woody_stems","north","Pinus_strobus","0"
404,"large_woody_stems","north","Kalmia_latifolia","9"
404,"large_woody_stems","north","Vaccinium_pallidum","0"
404,"large_woody_stems","north","Gaylussacia_baccata","0"
404,"large_woody_stems","north","Amelanchier_spp","1"
404,"large_woody_stems","north","Acer_rubrum","0"
404,"large_woody_stems","north","Pinus_strobus","0"
404,"small_woody_stems","south","Kalmia_latifolia","7"
404,"small_woody_stems","south","Vaccinium_pallidum","22"
404,"small_woody_stems","south","Gaylussacia_baccata","33"
404,"small_woody_stems","south","Amelanchier_spp","2"
404,"small_woody_stems","south","Acer_rubrum","7"
404,"small_woody_stems","south","Pinus_strobus","1"
404,"medium_woody_stems","south","Kalmia_latifolia","13"
404,"medium_woody_stems","south","Vaccinium_pallidum","0"
404,"medium_woody_stems","south","Gaylussacia_baccata","3"
404,"medium_woody_stems","south","Amelanchier_spp","0"
404,"medium_woody_stems","south","Acer_rubrum","2"
404,"medium_woody_stems","south","Pinus_strobus","0"
404,"large_woody_stems","south","Kalmia_latifolia","3"
404,"large_woody_stems","south","Vaccinium_pallidum","0"
404,"large_woody_stems","south","Gaylussacia_baccata","0"
404,"large_woody_stems","south","Amelanchier_spp","0"
404,"large_woody_stems","south","Acer_rubrum","0"
404,"large_woody_stems","south","Pinus_strobus","0"
405,"basalarea","none","Nyssa_sylvatica","3"
405,"snag","none","snag","3"
405,"basalarea_edge","none","nodata","4"
405,"small_woody_stems","north","Kalmia_latifolia","6"
405,"small_woody_stems","north","Gaylussacia_baccata","42"
405,"small_woody_stems","north","Vaccinium_pallidum","49"
405,"small_woody_stems","north","Acer_rubrum","2"
405,"small_woody_stems","north","Amelanchier_spp","0"
405,"medium_woody_stems","north","Kalmia_latifolia","2"
405,"medium_woody_stems","north","Gaylussacia_baccata","0"
405,"medium_woody_stems","north","Vaccinium_pallidum","0"
405,"medium_woody_stems","north","Acer_rubrum","0"
405,"medium_woody_stems","north","Amelanchier_spp","0"
405,"large_woody_stems","north","Kalmia_latifolia","10"
405,"large_woody_stems","north","Gaylussacia_baccata","0"
405,"large_woody_stems","north","Vaccinium_pallidum","0"
405,"large_woody_stems","north","Acer_rubrum","0"
405,"large_woody_stems","north","Amelanchier_spp","0"
405,"small_woody_stems","south","Kalmia_latifolia","2"
405,"small_woody_stems","south","Gaylussacia_baccata","11"
405,"small_woody_stems","south","Vaccinium_pallidum","24"
405,"small_woody_stems","south","Acer_rubrum","2"
405,"small_woody_stems","south","Amelanchier_spp","1"
405,"medium_woody_stems","south","Kalmia_latifolia","7"
405,"medium_woody_stems","south","Gaylussacia_baccata","0"
405,"medium_woody_stems","south","Vaccinium_pallidum","1"
405,"medium_woody_stems","south","Acer_rubrum","0"
405,"medium_woody_stems","south","Amelanchier_spp","0"
405,"large_woody_stems","south","Kalmia_latifolia","6"
405,"large_woody_stems","south","Gaylussacia_baccata","0"
405,"large_woody_stems","south","Vaccinium_pallidum","0"
405,"large_woody_stems","south","Acer_rubrum","0"
405,"large_woody_stems","south","Amelanchier_spp","0"
406,"basalarea","none","Nyssa_sylvatica","3"
406,"basalarea","none","Quercus_montana","1"
406,"basalarea","none","Acer_rubrum","1"
406,"snag","none","snag","5"
406,"basalarea_edge","none","nodata","8"
406,"small_woody_stems","north","Kalmia_latifolia","2"
406,"small_woody_stems","north","Gaylussacia_baccata","35"
406,"small_woody_stems","north","Nyssa_sylvatica","1"
406,"small_woody_stems","north","Vaccinium_pallidum","0"
406,"medium_woody_stems","north","Kalmia_latifolia","6"
406,"medium_woody_stems","north","Gaylussacia_baccata","10"
406,"medium_woody_stems","north","Nyssa_sylvatica","0"
406,"medium_woody_stems","north","Vaccinium_pallidum","0"
406,"large_woody_stems","north","Kalmia_latifolia","6"
406,"large_woody_stems","north","Gaylussacia_baccata","0"
406,"large_woody_stems","north","Nyssa_sylvatica","0"
406,"large_woody_stems","north","Vaccinium_pallidum","0"
406,"small_woody_stems","south","Kalmia_latifolia","3"
406,"small_woody_stems","south","Gaylussacia_baccata","11"
406,"small_woody_stems","south","Nyssa_sylvatica","0"
406,"small_woody_stems","south","Vaccinium_pallidum","1"
406,"medium_woody_stems","south","Kalmia_latifolia","7"
406,"medium_woody_stems","south","Gaylussacia_baccata","1"
406,"medium_woody_stems","south","Nyssa_sylvatica","0"
406,"medium_woody_stems","south","Vaccinium_pallidum","0"
406,"large_woody_stems","south","Kalmia_latifolia","5"
406,"large_woody_stems","south","Gaylussacia_baccata","0"
406,"large_woody_stems","south","Nyssa_sylvatica","1"
406,"large_woody_stems","south","Vaccinium_pallidum","0"
407,"basalarea","none","Nyssa_sylvatica","4"
407,"basalarea","none","Pinus_strobus","1"
407,"basalarea","none","Pinus_rigida","1"
407,"snag","none","snag","1"
407,"basalarea_edge","none","nodata","7"
407,"small_woody_stems","north","Kalmia_latifolia","4"
407,"small_woody_stems","north","Gaylussacia_frondosa","28"
407,"small_woody_stems","north","Vaccinium_pallidum","13"
407,"small_woody_stems","north","Nyssa_sylvatica","0"
407,"medium_woody_stems","north","Kalmia_latifolia","8"
407,"medium_woody_stems","north","Gaylussacia_frondosa","15"
407,"medium_woody_stems","north","Vaccinium_pallidum","0"
407,"medium_woody_stems","north","Nyssa_sylvatica","0"
407,"large_woody_stems","north","Kalmia_latifolia","6"
407,"large_woody_stems","north","Gaylussacia_frondosa","2"
407,"large_woody_stems","north","Vaccinium_pallidum","0"
407,"large_woody_stems","north","Nyssa_sylvatica","0"
407,"small_woody_stems","south","Kalmia_latifolia","4"
407,"small_woody_stems","south","Gaylussacia_frondosa","37"
407,"small_woody_stems","south","Vaccinium_pallidum","17"
407,"small_woody_stems","south","Nyssa_sylvatica","0"
407,"medium_woody_stems","south","Kalmia_latifolia","4"
407,"medium_woody_stems","south","Gaylussacia_frondosa","3"
407,"medium_woody_stems","south","Vaccinium_pallidum","0"
407,"medium_woody_stems","south","Nyssa_sylvatica","0"
407,"large_woody_stems","south","Kalmia_latifolia","4"
407,"large_woody_stems","south","Gaylussacia_frondosa","0"
407,"large_woody_stems","south","Vaccinium_pallidum","0"
407,"large_woody_stems","south","Nyssa_sylvatica","3"
408,"basalarea","none","Hamamelis_virginiana","1"
408,"basalarea","none","Pinus_strobus","1"
408,"basalarea","none","Acer_rubrum","0"
408,"snag","none","snag","0"
408,"basalarea_edge","none","nodata","1"
408,"small_woody_stems","north","Kalmia_latifolia","3"
408,"small_woody_stems","north","Gaylussacia_frondosa","2"
408,"small_woody_stems","north","Vaccinium_pallidum","4"
408,"small_woody_stems","north","Hamamelis_virginiana","0"
408,"medium_woody_stems","north","Kalmia_latifolia","1"
408,"medium_woody_stems","north","Gaylussacia_frondosa","5"
408,"medium_woody_stems","north","Vaccinium_pallidum","0"
408,"medium_woody_stems","north","Hamamelis_virginiana","0"
408,"large_woody_stems","north","Kalmia_latifolia","5"
408,"large_woody_stems","north","Gaylussacia_frondosa","0"
408,"large_woody_stems","north","Vaccinium_pallidum","0"
408,"large_woody_stems","north","Hamamelis_virginiana","4"
408,"small_woody_stems","south","Kalmia_latifolia","3"
408,"small_woody_stems","south","Gaylussacia_frondosa","19"
408,"small_woody_stems","south","Vaccinium_pallidum","2"
408,"small_woody_stems","south","Hamamelis_virginiana","0"
408,"medium_woody_stems","south","Kalmia_latifolia","1"
408,"medium_woody_stems","south","Gaylussacia_frondosa","19"
408,"medium_woody_stems","south","Vaccinium_pallidum","0"
408,"medium_woody_stems","south","Hamamelis_virginiana","0"
408,"large_woody_stems","south","Kalmia_latifolia","3"
408,"large_woody_stems","south","Gaylussacia_frondosa","2"
408,"large_woody_stems","south","Vaccinium_pallidum","0"
408,"large_woody_stems","south","Hamamelis_virginiana","0"
409,"basalarea","none","Pinus_rigida","1"
409,"basalarea","none","Nyssa_sylvatica","2"
409,"basalarea","none","Sassafras_albidum","0"
409,"snag","none","snag","3"
409,"basalarea_edge","none","nodata","7"
409,"small_woody_stems","north","Kalmia_latifolia","6"
409,"small_woody_stems","north","Gaylussacia_baccata","32"
409,"small_woody_stems","north","Vaccinium_pallidum","24"
409,"small_woody_stems","north","Comptonia_peregrina","19"
409,"small_woody_stems","north","Pinus_strobus","2"
409,"small_woody_stems","north","Nyssa_sylvatica","0"
409,"small_woody_stems","north","Gaylussacia_frondosa","0"
409,"small_woody_stems","north","Acer_rubrum","0"
409,"small_woody_stems","north","Sassafras_albidum","0"
409,"small_woody_stems","north","Amelanchier_spp","0"
409,"small_woody_stems","north","Quercus_montana","0"
409,"small_woody_stems","north","Pinus_rigida","0"
409,"medium_woody_stems","north","Kalmia_latifolia","3"
409,"medium_woody_stems","north","Gaylussacia_baccata","0"
409,"medium_woody_stems","north","Vaccinium_pallidum","0"
409,"medium_woody_stems","north","Comptonia_peregrina","0"
409,"medium_woody_stems","north","Pinus_strobus","1"
409,"medium_woody_stems","north","Nyssa_sylvatica","0"
409,"medium_woody_stems","north","Gaylussacia_frondosa","0"
409,"medium_woody_stems","north","Acer_rubrum","0"
409,"medium_woody_stems","north","Sassafras_albidum","0"
409,"medium_woody_stems","north","Amelanchier_spp","0"
409,"medium_woody_stems","north","Quercus_montana","0"
409,"medium_woody_stems","north","Pinus_rigida","0"
409,"large_woody_stems","north","Kalmia_latifolia","1"
409,"large_woody_stems","north","Gaylussacia_baccata","0"
409,"large_woody_stems","north","Vaccinium_pallidum","0"
409,"large_woody_stems","north","Comptonia_peregrina","0"
409,"large_woody_stems","north","Pinus_strobus","3"
409,"large_woody_stems","north","Nyssa_sylvatica","0"
409,"large_woody_stems","north","Gaylussacia_frondosa","0"
409,"large_woody_stems","north","Acer_rubrum","0"
409,"large_woody_stems","north","Sassafras_albidum","0"
409,"large_woody_stems","north","Amelanchier_spp","0"
409,"large_woody_stems","north","Quercus_montana","0"
409,"large_woody_stems","north","Pinus_rigida","0"
409,"small_woody_stems","south","Kalmia_latifolia","0"
409,"small_woody_stems","south","Gaylussacia_baccata","0"
409,"small_woody_stems","south","Vaccinium_pallidum","3"
409,"small_woody_stems","south","Comptonia_peregrina","0"
409,"small_woody_stems","south","Pinus_strobus","0"
409,"small_woody_stems","south","Nyssa_sylvatica","0"
409,"small_woody_stems","south","Gaylussacia_frondosa","5"
409,"small_woody_stems","south","Acer_rubrum","0"
409,"small_woody_stems","south","Sassafras_albidum","0"
409,"small_woody_stems","south","Amelanchier_spp","0"
409,"small_woody_stems","south","Quercus_montana","0"
409,"small_woody_stems","south","Pinus_rigida","0"
409,"medium_woody_stems","south","Kalmia_latifolia","0"
409,"medium_woody_stems","south","Gaylussacia_baccata","0"
409,"medium_woody_stems","south","Vaccinium_pallidum","0"
409,"medium_woody_stems","south","Comptonia_peregrina","0"
409,"medium_woody_stems","south","Pinus_strobus","0"
409,"medium_woody_stems","south","Nyssa_sylvatica","0"
409,"medium_woody_stems","south","Gaylussacia_frondosa","9"
409,"medium_woody_stems","south","Acer_rubrum","0"
409,"medium_woody_stems","south","Sassafras_albidum","0"
409,"medium_woody_stems","south","Amelanchier_spp","0"
409,"medium_woody_stems","south","Quercus_montana","0"
409,"medium_woody_stems","south","Pinus_rigida","0"
409,"large_woody_stems","south","Kalmia_latifolia","0"
409,"large_woody_stems","south","Gaylussacia_baccata","0"
409,"large_woody_stems","south","Vaccinium_pallidum","0"
409,"large_woody_stems","south","Comptonia_peregrina","0"
409,"large_woody_stems","south","Pinus_strobus","0"
409,"large_woody_stems","south","Nyssa_sylvatica","7"
409,"large_woody_stems","south","Gaylussacia_frondosa","0"
409,"large_woody_stems","south","Acer_rubrum","20"
409,"large_woody_stems","south","Sassafras_albidum","5"
409,"large_woody_stems","south","Amelanchier_spp","3"
409,"large_woody_stems","south","Quercus_montana","2"
409,"large_woody_stems","south","Pinus_rigida","2"
410,"basalarea","none","Acer_rubrum","2"
410,"basalarea","none","Quercus_montana","1"
410,"basalarea","none","Nyssa_sylvatica","0"
410,"snag","none","snag","2"
410,"basalarea_edge","none","nodata","1"
410,"small_woody_stems","north","Kalmia_latifolia","1"
410,"small_woody_stems","north","Gaylussacia_frondosa","25"
410,"small_woody_stems","north","Vaccinium_pallidum","9"
410,"medium_woody_stems","north","Kalmia_latifolia","3"
410,"medium_woody_stems","north","Gaylussacia_frondosa","30"
410,"medium_woody_stems","north","Vaccinium_pallidum","0"
410,"large_woody_stems","north","Kalmia_latifolia","11"
410,"large_woody_stems","north","Gaylussacia_frondosa","8"
410,"large_woody_stems","north","Vaccinium_pallidum","0"
410,"small_woody_stems","south","Kalmia_latifolia","2"
410,"small_woody_stems","south","Gaylussacia_frondosa","25"
410,"small_woody_stems","south","Vaccinium_pallidum","0"
410,"medium_woody_stems","south","Kalmia_latifolia","3"
410,"medium_woody_stems","south","Gaylussacia_frondosa","3"
410,"medium_woody_stems","south","Vaccinium_pallidum","0"
410,"large_woody_stems","south","Kalmia_latifolia","4"
410,"large_woody_stems","south","Gaylussacia_frondosa","0"
410,"large_woody_stems","south","Vaccinium_pallidum","0"
411,"basalarea","none","Acer_rubrum","1"
411,"snag","none","snag","0"
411,"basalarea_edge","none","nodata","1"
411,"small_woody_stems","north","Kalmia_latifolia","0"
411,"small_woody_stems","north","Acer_rubrum","0"
411,"small_woody_stems","north","Gaylussacia_baccata","17"
411,"small_woody_stems","north","Smilax_rotundifolia","0"
411,"small_woody_stems","north","Vaccinium_pallidum","6"
411,"small_woody_stems","north","Sassafras_albidum","0"
411,"small_woody_stems","north","Nyssa_sylvatica","0"
411,"medium_woody_stems","north","Kalmia_latifolia","11"
411,"medium_woody_stems","north","Acer_rubrum","0"
411,"medium_woody_stems","north","Gaylussacia_baccata","6"
411,"medium_woody_stems","north","Smilax_rotundifolia","0"
411,"medium_woody_stems","north","Vaccinium_pallidum","0"
411,"medium_woody_stems","north","Sassafras_albidum","0"
411,"medium_woody_stems","north","Nyssa_sylvatica","0"
411,"large_woody_stems","north","Kalmia_latifolia","4"
411,"large_woody_stems","north","Acer_rubrum","3"
411,"large_woody_stems","north","Gaylussacia_baccata","0"
411,"large_woody_stems","north","Smilax_rotundifolia","2"
411,"large_woody_stems","north","Vaccinium_pallidum","0"
411,"large_woody_stems","north","Sassafras_albidum","3"
411,"large_woody_stems","north","Nyssa_sylvatica","2"
411,"small_woody_stems","south","Kalmia_latifolia","0"
411,"small_woody_stems","south","Acer_rubrum","0"
411,"small_woody_stems","south","Gaylussacia_baccata","3"
411,"small_woody_stems","south","Smilax_rotundifolia","0"
411,"small_woody_stems","south","Vaccinium_pallidum","6"
411,"small_woody_stems","south","Sassafras_albidum","0"
411,"small_woody_stems","south","Nyssa_sylvatica","0"
411,"medium_woody_stems","south","Kalmia_latifolia","5"
411,"medium_woody_stems","south","Acer_rubrum","0"
411,"medium_woody_stems","south","Gaylussacia_baccata","0"
411,"medium_woody_stems","south","Smilax_rotundifolia","0"
411,"medium_woody_stems","south","Vaccinium_pallidum","0"
411,"medium_woody_stems","south","Sassafras_albidum","0"
411,"medium_woody_stems","south","Nyssa_sylvatica","0"
411,"large_woody_stems","south","Kalmia_latifolia","10"
411,"large_woody_stems","south","Acer_rubrum","6"
411,"large_woody_stems","south","Gaylussacia_baccata","0"
411,"large_woody_stems","south","Smilax_rotundifolia","3"
411,"large_woody_stems","south","Vaccinium_pallidum","0"
411,"large_woody_stems","south","Sassafras_albidum","1"
411,"large_woody_stems","south","Nyssa_sylvatica","3"
412,"basalarea","none","Nyssa_sylvatica","2"
412,"basalarea","none","Quercus_montana","2"
412,"snag","none","snag","0"
412,"basalarea_edge","none","nodata","10"
412,"small_woody_stems","north","Kalmia_latifolia","2"
412,"small_woody_stems","north","Vaccinium_pallidum","13"
412,"small_woody_stems","north","Gaylussacia_baccata","20"
412,"small_woody_stems","north","Nyssa_sylvatica","0"
412,"small_woody_stems","north","Acer_rubrum","0"
412,"medium_woody_stems","north","Kalmia_latifolia","3"
412,"medium_woody_stems","north","Vaccinium_pallidum","12"
412,"medium_woody_stems","north","Gaylussacia_baccata","4"
412,"medium_woody_stems","north","Nyssa_sylvatica","0"
412,"medium_woody_stems","north","Acer_rubrum","0"
412,"large_woody_stems","north","Kalmia_latifolia","4"
412,"large_woody_stems","north","Vaccinium_pallidum","0"
412,"large_woody_stems","north","Gaylussacia_baccata","0"
412,"large_woody_stems","north","Nyssa_sylvatica","1"
412,"large_woody_stems","north","Acer_rubrum","0"
412,"small_woody_stems","south","Kalmia_latifolia","0"
412,"small_woody_stems","south","Vaccinium_pallidum","19"
412,"small_woody_stems","south","Gaylussacia_baccata","34"
412,"small_woody_stems","south","Nyssa_sylvatica","0"
412,"small_woody_stems","south","Acer_rubrum","1"
412,"medium_woody_stems","south","Kalmia_latifolia","1"
412,"medium_woody_stems","south","Vaccinium_pallidum","3"
412,"medium_woody_stems","south","Gaylussacia_baccata","0"
412,"medium_woody_stems","south","Nyssa_sylvatica","0"
412,"medium_woody_stems","south","Acer_rubrum","2"
412,"large_woody_stems","south","Kalmia_latifolia","8"
412,"large_woody_stems","south","Vaccinium_pallidum","0"
412,"large_woody_stems","south","Gaylussacia_baccata","0"
412,"large_woody_stems","south","Nyssa_sylvatica","0"
412,"large_woody_stems","south","Acer_rubrum","0"
413,"basalarea","none","Nyssa_sylvatica","3"
413,"basalarea","none","Pinus_rigida","1"
413,"basalarea","none","Amelanchier_spp","1"
413,"basalarea","none","Quercus_velutina","1"
413,"snag","none","snag","1"
413,"basalarea_edge","none","nodata","4"
413,"small_woody_stems","north","Kalmia_latifolia","3"
413,"small_woody_stems","north","Gaylussacia_baccata","43"
413,"small_woody_stems","north","Vaccinium_pallidum","18"
413,"small_woody_stems","north","Acer_rubrum","0"
413,"medium_woody_stems","north","Kalmia_latifolia","5"
413,"medium_woody_stems","north","Gaylussacia_baccata","0"
413,"medium_woody_stems","north","Vaccinium_pallidum","0"
413,"medium_woody_stems","north","Acer_rubrum","0"
413,"large_woody_stems","north","Kalmia_latifolia","5"
413,"large_woody_stems","north","Gaylussacia_baccata","0"
413,"large_woody_stems","north","Vaccinium_pallidum","0"
413,"large_woody_stems","north","Acer_rubrum","0"
413,"small_woody_stems","south","Kalmia_latifolia","1"
413,"small_woody_stems","south","Gaylussacia_baccata","39"
413,"small_woody_stems","south","Vaccinium_pallidum","19"
413,"small_woody_stems","south","Acer_rubrum","2"
413,"medium_woody_stems","south","Kalmia_latifolia","4"
413,"medium_woody_stems","south","Gaylussacia_baccata","5"
413,"medium_woody_stems","south","Vaccinium_pallidum","0"
413,"medium_woody_stems","south","Acer_rubrum","0"
413,"large_woody_stems","south","Kalmia_latifolia","1"
413,"large_woody_stems","south","Gaylussacia_baccata","0"
413,"large_woody_stems","south","Vaccinium_pallidum","0"
413,"large_woody_stems","south","Acer_rubrum","0"
414,"basalarea","none","Pinus_rigida","4"
414,"basalarea","none","Quercus_rubra","0"
414,"basalarea","none","Nyssa_sylvatica","3"
414,"snag","none","snag","0"
414,"basalarea_edge","none","nodata","2"
414,"small_woody_stems","north","Kalmia_latifolia","2"
414,"small_woody_stems","north","Gaylussacia_baccata","26"
414,"small_woody_stems","north","Gaylussacia_frondosa","6"
414,"small_woody_stems","north","Smilax_rotundifolia","1"
414,"small_woody_stems","north","Quercus_ilicifolia","0"
414,"small_woody_stems","north","Vaccinium_pallidum","3"
414,"medium_woody_stems","north","Kalmia_latifolia","4"
414,"medium_woody_stems","north","Gaylussacia_baccata","1"
414,"medium_woody_stems","north","Gaylussacia_frondosa","8"
414,"medium_woody_stems","north","Smilax_rotundifolia","0"
414,"medium_woody_stems","north","Quercus_ilicifolia","0"
414,"medium_woody_stems","north","Vaccinium_pallidum","0"
414,"large_woody_stems","north","Kalmia_latifolia","8"
414,"large_woody_stems","north","Gaylussacia_baccata","0"
414,"large_woody_stems","north","Gaylussacia_frondosa","0"
414,"large_woody_stems","north","Smilax_rotundifolia","0"
414,"large_woody_stems","north","Quercus_ilicifolia","0"
414,"large_woody_stems","north","Vaccinium_pallidum","0"
414,"small_woody_stems","south","Kalmia_latifolia","2"
414,"small_woody_stems","south","Gaylussacia_baccata","55"
414,"small_woody_stems","south","Gaylussacia_frondosa","12"
414,"small_woody_stems","south","Smilax_rotundifolia","0"
414,"small_woody_stems","south","Quercus_ilicifolia","0"
414,"small_woody_stems","south","Vaccinium_pallidum","3"
414,"medium_woody_stems","south","Kalmia_latifolia","5"
414,"medium_woody_stems","south","Gaylussacia_baccata","12"
414,"medium_woody_stems","south","Gaylussacia_frondosa","9"
414,"medium_woody_stems","south","Smilax_rotundifolia","1"
414,"medium_woody_stems","south","Quercus_ilicifolia","0"
414,"medium_woody_stems","south","Vaccinium_pallidum","1"
414,"large_woody_stems","south","Kalmia_latifolia","9"
414,"large_woody_stems","south","Gaylussacia_baccata","0"
414,"large_woody_stems","south","Gaylussacia_frondosa","6"
414,"large_woody_stems","south","Smilax_rotundifolia","2"
414,"large_woody_stems","south","Quercus_ilicifolia","1"
414,"large_woody_stems","south","Vaccinium_pallidum","0"
415,"basalarea","none","Nyssa_sylvatica","7"
415,"basalarea","none","Pinus_rigida","1"
415,"basalarea","none","Quercus_montana","1"
415,"snag","none","snag","2"
415,"basalarea_edge","none","nodata","2"
415,"small_woody_stems","north","Kalmia_latifolia","4"
415,"small_woody_stems","north","Vaccinium_pallidum","0"
415,"small_woody_stems","north","Pinus_rigida","0"
415,"small_woody_stems","north","Vaccinium_angustifolium","1"
415,"small_woody_stems","north","Gaylussacia_baccata","0"
415,"medium_woody_stems","north","Kalmia_latifolia","3"
415,"medium_woody_stems","north","Vaccinium_pallidum","0"
415,"medium_woody_stems","north","Pinus_rigida","0"
415,"medium_woody_stems","north","Vaccinium_angustifolium","0"
415,"medium_woody_stems","north","Gaylussacia_baccata","0"
415,"large_woody_stems","north","Kalmia_latifolia","3"
415,"large_woody_stems","north","Vaccinium_pallidum","0"
415,"large_woody_stems","north","Pinus_rigida","1"
415,"large_woody_stems","north","Vaccinium_angustifolium","0"
415,"large_woody_stems","north","Gaylussacia_baccata","0"
415,"small_woody_stems","south","Kalmia_latifolia","2"
415,"small_woody_stems","south","Vaccinium_pallidum","4"
415,"small_woody_stems","south","Pinus_rigida","0"
415,"small_woody_stems","south","Vaccinium_angustifolium","0"
415,"small_woody_stems","south","Gaylussacia_baccata","4"
415,"medium_woody_stems","south","Kalmia_latifolia","6"
415,"medium_woody_stems","south","Vaccinium_pallidum","0"
415,"medium_woody_stems","south","Pinus_rigida","0"
415,"medium_woody_stems","south","Vaccinium_angustifolium","0"
415,"medium_woody_stems","south","Gaylussacia_baccata","0"
415,"large_woody_stems","south","Kalmia_latifolia","8"
415,"large_woody_stems","south","Vaccinium_pallidum","0"
415,"large_woody_stems","south","Pinus_rigida","0"
415,"large_woody_stems","south","Vaccinium_angustifolium","0"
415,"large_woody_stems","south","Gaylussacia_baccata","0"
416,"basalarea","none","Quercus_montana","0"
416,"basalarea","none","Nyssa_sylvatica","10"
416,"basalarea","none","Pinus_rigida","1"
416,"basalarea","none","Quercus_rubra","2"
416,"snag","none","snag","3"
416,"basalarea_edge","none","nodata","2"
416,"small_woody_stems","north","Kalmia_latifolia","7"
416,"small_woody_stems","north","Vaccinium_pallidum","11"
416,"small_woody_stems","north","Gaylussacia_frondosa","1"
416,"medium_woody_stems","north","Kalmia_latifolia","7"
416,"medium_woody_stems","north","Vaccinium_pallidum","0"
416,"medium_woody_stems","north","Gaylussacia_frondosa","0"
416,"large_woody_stems","north","Kalmia_latifolia","3"
416,"large_woody_stems","north","Vaccinium_pallidum","0"
416,"large_woody_stems","north","Gaylussacia_frondosa","0"
416,"small_woody_stems","south","Kalmia_latifolia","3"
416,"small_woody_stems","south","Vaccinium_pallidum","0"
416,"small_woody_stems","south","Gaylussacia_frondosa","0"
416,"medium_woody_stems","south","Kalmia_latifolia","6"
416,"medium_woody_stems","south","Vaccinium_pallidum","0"
416,"medium_woody_stems","south","Gaylussacia_frondosa","0"
416,"large_woody_stems","south","Kalmia_latifolia","8"
416,"large_woody_stems","south","Vaccinium_pallidum","0"
416,"large_woody_stems","south","Gaylussacia_frondosa","0"
417,"basalarea","none","Nyssa_sylvatica","1"
417,"basalarea","none","Pinus_strobus","1"
417,"basalarea","none","Pinus_rigida","2"
417,"snag","none","snag","0"
417,"basalarea_edge","none","nodata","0"
417,"small_woody_stems","north","Acer_rubrum","0"
417,"small_woody_stems","north","Sassafras_albidum","0"
417,"small_woody_stems","north","Kalmia_latifolia","0"
417,"small_woody_stems","north","Nyssa_sylvatica","0"
417,"small_woody_stems","north","Gaylussacia_baccata","0"
417,"small_woody_stems","north","Vaccinium_pallidum","0"
417,"small_woody_stems","north","Pinus_rigida","0"
417,"small_woody_stems","north","Smilax_rotundifolia","0"
417,"small_woody_stems","north","Amelanchier_spp","0"
417,"small_woody_stems","north","Quercus_montana","0"
417,"medium_woody_stems","north","Acer_rubrum","0"
417,"medium_woody_stems","north","Sassafras_albidum","0"
417,"medium_woody_stems","north","Kalmia_latifolia","2"
417,"medium_woody_stems","north","Nyssa_sylvatica","0"
417,"medium_woody_stems","north","Gaylussacia_baccata","0"
417,"medium_woody_stems","north","Vaccinium_pallidum","0"
417,"medium_woody_stems","north","Pinus_rigida","0"
417,"medium_woody_stems","north","Smilax_rotundifolia","1"
417,"medium_woody_stems","north","Amelanchier_spp","0"
417,"medium_woody_stems","north","Quercus_montana","0"
417,"large_woody_stems","north","Acer_rubrum","2"
417,"large_woody_stems","north","Sassafras_albidum","1"
417,"large_woody_stems","north","Kalmia_latifolia","0"
417,"large_woody_stems","north","Nyssa_sylvatica","3"
417,"large_woody_stems","north","Gaylussacia_baccata","0"
417,"large_woody_stems","north","Vaccinium_pallidum","0"
417,"large_woody_stems","north","Pinus_rigida","1"
417,"large_woody_stems","north","Smilax_rotundifolia","1"
417,"large_woody_stems","north","Amelanchier_spp","1"
417,"large_woody_stems","north","Quercus_montana","3"
417,"small_woody_stems","south","Acer_rubrum","0"
417,"small_woody_stems","south","Sassafras_albidum","0"
417,"small_woody_stems","south","Kalmia_latifolia","0"
417,"small_woody_stems","south","Nyssa_sylvatica","0"
417,"small_woody_stems","south","Gaylussacia_baccata","8"
417,"small_woody_stems","south","Vaccinium_pallidum","10"
417,"small_woody_stems","south","Pinus_rigida","0"
417,"small_woody_stems","south","Smilax_rotundifolia","0"
417,"small_woody_stems","south","Amelanchier_spp","0"
417,"small_woody_stems","south","Quercus_montana","0"
417,"medium_woody_stems","south","Acer_rubrum","0"
417,"medium_woody_stems","south","Sassafras_albidum","0"
417,"medium_woody_stems","south","Kalmia_latifolia","7"
417,"medium_woody_stems","south","Nyssa_sylvatica","0"
417,"medium_woody_stems","south","Gaylussacia_baccata","0"
417,"medium_woody_stems","south","Vaccinium_pallidum","0"
417,"medium_woody_stems","south","Pinus_rigida","0"
417,"medium_woody_stems","south","Smilax_rotundifolia","0"
417,"medium_woody_stems","south","Amelanchier_spp","0"
417,"medium_woody_stems","south","Quercus_montana","0"
417,"large_woody_stems","south","Acer_rubrum","8"
417,"large_woody_stems","south","Sassafras_albidum","0"
417,"large_woody_stems","south","Kalmia_latifolia","10"
417,"large_woody_stems","south","Nyssa_sylvatica","4"
417,"large_woody_stems","south","Gaylussacia_baccata","0"
417,"large_woody_stems","south","Vaccinium_pallidum","0"
417,"large_woody_stems","south","Pinus_rigida","1"
417,"large_woody_stems","south","Smilax_rotundifolia","0"
417,"large_woody_stems","south","Amelanchier_spp","0"
417,"large_woody_stems","south","Quercus_montana","0"
418,"basalarea","none","Pinus_rigida","4"
418,"basalarea","none","Pinus_strobus","2"
418,"snag","none","snag","2"
418,"basalarea_edge","none","nodata","0"
418,"small_woody_stems","north","Nyssa_sylvatica","0"
418,"small_woody_stems","north","Gaylussacia_baccata","20"
418,"small_woody_stems","north","Kalmia_latifolia","0"
418,"small_woody_stems","north","Acer_rubrum","0"
418,"small_woody_stems","north","Vaccinium_pallidum","0"
418,"small_woody_stems","north","Sassafras_albidum","0"
418,"small_woody_stems","north","Smilax_rotundifolia","0"
418,"small_woody_stems","north","Pinus_rigida","0"
418,"medium_woody_stems","north","Nyssa_sylvatica","0"
418,"medium_woody_stems","north","Gaylussacia_baccata","6"
418,"medium_woody_stems","north","Kalmia_latifolia","15"
418,"medium_woody_stems","north","Acer_rubrum","0"
418,"medium_woody_stems","north","Vaccinium_pallidum","0"
418,"medium_woody_stems","north","Sassafras_albidum","0"
418,"medium_woody_stems","north","Smilax_rotundifolia","0"
418,"medium_woody_stems","north","Pinus_rigida","0"
418,"large_woody_stems","north","Nyssa_sylvatica","1"
418,"large_woody_stems","north","Gaylussacia_baccata","0"
418,"large_woody_stems","north","Kalmia_latifolia","1"
418,"large_woody_stems","north","Acer_rubrum","1"
418,"large_woody_stems","north","Vaccinium_pallidum","0"
418,"large_woody_stems","north","Sassafras_albidum","1"
418,"large_woody_stems","north","Smilax_rotundifolia","0"
418,"large_woody_stems","north","Pinus_rigida","0"
418,"small_woody_stems","south","Nyssa_sylvatica","0"
418,"small_woody_stems","south","Gaylussacia_baccata","0"
418,"small_woody_stems","south","Kalmia_latifolia","1"
418,"small_woody_stems","south","Acer_rubrum","0"
418,"small_woody_stems","south","Vaccinium_pallidum","1"
418,"small_woody_stems","south","Sassafras_albidum","0"
418,"small_woody_stems","south","Smilax_rotundifolia","0"
418,"small_woody_stems","south","Pinus_rigida","0"
418,"medium_woody_stems","south","Nyssa_sylvatica","0"
418,"medium_woody_stems","south","Gaylussacia_baccata","0"
418,"medium_woody_stems","south","Kalmia_latifolia","5"
418,"medium_woody_stems","south","Acer_rubrum","0"
418,"medium_woody_stems","south","Vaccinium_pallidum","1"
418,"medium_woody_stems","south","Sassafras_albidum","0"
418,"medium_woody_stems","south","Smilax_rotundifolia","1"
418,"medium_woody_stems","south","Pinus_rigida","0"
418,"large_woody_stems","south","Nyssa_sylvatica","4"
418,"large_woody_stems","south","Gaylussacia_baccata","0"
418,"large_woody_stems","south","Kalmia_latifolia","4"
418,"large_woody_stems","south","Acer_rubrum","1"
418,"large_woody_stems","south","Vaccinium_pallidum","0"
418,"large_woody_stems","south","Sassafras_albidum","0"
418,"large_woody_stems","south","Smilax_rotundifolia","1"
418,"large_woody_stems","south","Pinus_rigida","2"
419,"basalarea","none","Acer_rubrum","1"
419,"basalarea","none","Pinus_rigida","0"
419,"basalarea","none","Nyssa_sylvatica","1"
419,"basalarea","none","Quercus_montana","1"
419,"snag","none","snag","0"
419,"basalarea_edge","none","nodata","4"
419,"small_woody_stems","north","Kalmia_latifolia","0"
419,"small_woody_stems","north","Gaylussacia_frondosa","6"
419,"small_woody_stems","north","Smilax_rotundifolia","0"
419,"small_woody_stems","north","Gaylussacia_baccata","7"
419,"small_woody_stems","north","Nyssa_sylvatica","0"
419,"small_woody_stems","north","Vaccinium_pallidum","0"
419,"small_woody_stems","north","Acer_rubrum","0"
419,"small_woody_stems","north","Sassafras_albidum","0"
419,"small_woody_stems","north","Quercus_montana","0"
419,"small_woody_stems","north","Amelanchier_spp","0"
419,"medium_woody_stems","north","Kalmia_latifolia","6"
419,"medium_woody_stems","north","Gaylussacia_frondosa","12"
419,"medium_woody_stems","north","Smilax_rotundifolia","0"
419,"medium_woody_stems","north","Gaylussacia_baccata","2"
419,"medium_woody_stems","north","Nyssa_sylvatica","1"
419,"medium_woody_stems","north","Vaccinium_pallidum","0"
419,"medium_woody_stems","north","Acer_rubrum","0"
419,"medium_woody_stems","north","Sassafras_albidum","0"
419,"medium_woody_stems","north","Quercus_montana","0"
419,"medium_woody_stems","north","Amelanchier_spp","0"
419,"large_woody_stems","north","Kalmia_latifolia","10"
419,"large_woody_stems","north","Gaylussacia_frondosa","0"
419,"large_woody_stems","north","Smilax_rotundifolia","11"
419,"large_woody_stems","north","Gaylussacia_baccata","0"
419,"large_woody_stems","north","Nyssa_sylvatica","4"
419,"large_woody_stems","north","Vaccinium_pallidum","0"
419,"large_woody_stems","north","Acer_rubrum","1"
419,"large_woody_stems","north","Sassafras_albidum","1"
419,"large_woody_stems","north","Quercus_montana","0"
419,"large_woody_stems","north","Amelanchier_spp","0"
419,"small_woody_stems","south","Kalmia_latifolia","0"
419,"small_woody_stems","south","Gaylussacia_frondosa","6"
419,"small_woody_stems","south","Smilax_rotundifolia","0"
419,"small_woody_stems","south","Gaylussacia_baccata","19"
419,"small_woody_stems","south","Nyssa_sylvatica","0"
419,"small_woody_stems","south","Vaccinium_pallidum","14"
419,"small_woody_stems","south","Acer_rubrum","0"
419,"small_woody_stems","south","Sassafras_albidum","0"
419,"small_woody_stems","south","Quercus_montana","1"
419,"small_woody_stems","south","Amelanchier_spp","0"
419,"medium_woody_stems","south","Kalmia_latifolia","1"
419,"medium_woody_stems","south","Gaylussacia_frondosa","10"
419,"medium_woody_stems","south","Smilax_rotundifolia","0"
419,"medium_woody_stems","south","Gaylussacia_baccata","3"
419,"medium_woody_stems","south","Nyssa_sylvatica","0"
419,"medium_woody_stems","south","Vaccinium_pallidum","0"
419,"medium_woody_stems","south","Acer_rubrum","0"
419,"medium_woody_stems","south","Sassafras_albidum","0"
419,"medium_woody_stems","south","Quercus_montana","1"
419,"medium_woody_stems","south","Amelanchier_spp","0"
419,"large_woody_stems","south","Kalmia_latifolia","8"
419,"large_woody_stems","south","Gaylussacia_frondosa","2"
419,"large_woody_stems","south","Smilax_rotundifolia","0"
419,"large_woody_stems","south","Gaylussacia_baccata","0"
419,"large_woody_stems","south","Nyssa_sylvatica","3"
419,"large_woody_stems","south","Vaccinium_pallidum","0"
419,"large_woody_stems","south","Acer_rubrum","4"
419,"large_woody_stems","south","Sassafras_albidum","4"
419,"large_woody_stems","south","Quercus_montana","1"
419,"large_woody_stems","south","Amelanchier_spp","1"
420,"basalarea","none","Pinus_rigida","3"
420,"basalarea","none","Acer_rubrum","1"
420,"snag","none","snag","0"
420,"basalarea_edge","none","nodata","2"
420,"small_woody_stems","north","Kalmia_latifolia","1"
420,"small_woody_stems","north","Gaylussacia_baccata","2"
420,"small_woody_stems","north","Vaccinium_pallidum","8"
420,"small_woody_stems","north","Gaylussacia_frondosa","9"
420,"small_woody_stems","north","Smilax_rotundifolia","2"
420,"small_woody_stems","north","Acer_rubrum","0"
420,"small_woody_stems","north","Pinus_rigida","0"
420,"small_woody_stems","north","Rhododendron_calendulaceum","0"
420,"small_woody_stems","north","Nyssa_sylvatica","0"
420,"small_woody_stems","north","Quercus_montana","0"
420,"small_woody_stems","north","Amelanchier_spp","0"
420,"medium_woody_stems","north","Kalmia_latifolia","3"
420,"medium_woody_stems","north","Gaylussacia_baccata","0"
420,"medium_woody_stems","north","Vaccinium_pallidum","0"
420,"medium_woody_stems","north","Gaylussacia_frondosa","8"
420,"medium_woody_stems","north","Smilax_rotundifolia","2"
420,"medium_woody_stems","north","Acer_rubrum","0"
420,"medium_woody_stems","north","Pinus_rigida","0"
420,"medium_woody_stems","north","Rhododendron_calendulaceum","1"
420,"medium_woody_stems","north","Nyssa_sylvatica","0"
420,"medium_woody_stems","north","Quercus_montana","0"
420,"medium_woody_stems","north","Amelanchier_spp","0"
420,"large_woody_stems","north","Kalmia_latifolia","10"
420,"large_woody_stems","north","Gaylussacia_baccata","0"
420,"large_woody_stems","north","Vaccinium_pallidum","0"
420,"large_woody_stems","north","Gaylussacia_frondosa","0"
420,"large_woody_stems","north","Smilax_rotundifolia","4"
420,"large_woody_stems","north","Acer_rubrum","7"
420,"large_woody_stems","north","Pinus_rigida","1"
420,"large_woody_stems","north","Rhododendron_calendulaceum","0"
420,"large_woody_stems","north","Nyssa_sylvatica","4"
420,"large_woody_stems","north","Quercus_montana","0"
420,"large_woody_stems","north","Amelanchier_spp","0"
420,"small_woody_stems","south","Kalmia_latifolia","1"
420,"small_woody_stems","south","Gaylussacia_baccata","8"
420,"small_woody_stems","south","Vaccinium_pallidum","9"
420,"small_woody_stems","south","Gaylussacia_frondosa","6"
420,"small_woody_stems","south","Smilax_rotundifolia","0"
420,"small_woody_stems","south","Acer_rubrum","0"
420,"small_woody_stems","south","Pinus_rigida","0"
420,"small_woody_stems","south","Rhododendron_calendulaceum","0"
420,"small_woody_stems","south","Nyssa_sylvatica","0"
420,"small_woody_stems","south","Quercus_montana","0"
420,"small_woody_stems","south","Amelanchier_spp","1"
420,"medium_woody_stems","south","Kalmia_latifolia","6"
420,"medium_woody_stems","south","Gaylussacia_baccata","4"
420,"medium_woody_stems","south","Vaccinium_pallidum","1"
420,"medium_woody_stems","south","Gaylussacia_frondosa","11"
420,"medium_woody_stems","south","Smilax_rotundifolia","0"
420,"medium_woody_stems","south","Acer_rubrum","0"
420,"medium_woody_stems","south","Pinus_rigida","0"
420,"medium_woody_stems","south","Rhododendron_calendulaceum","0"
420,"medium_woody_stems","south","Nyssa_sylvatica","0"
420,"medium_woody_stems","south","Quercus_montana","0"
420,"medium_woody_stems","south","Amelanchier_spp","0"
420,"large_woody_stems","south","Kalmia_latifolia","7"
420,"large_woody_stems","south","Gaylussacia_baccata","0"
420,"large_woody_stems","south","Vaccinium_pallidum","0"
420,"large_woody_stems","south","Gaylussacia_frondosa","2"
420,"large_woody_stems","south","Smilax_rotundifolia","0"
420,"large_woody_stems","south","Acer_rubrum","5"
420,"large_woody_stems","south","Pinus_rigida","0"
420,"large_woody_stems","south","Rhododendron_calendulaceum","0"
420,"large_woody_stems","south","Nyssa_sylvatica","4"
420,"large_woody_stems","south","Quercus_montana","6"
420,"large_woody_stems","south","Amelanchier_spp","2"
421,"basalarea","none","Pinus_rigida","1"
421,"basalarea","none","Prunus_serotina","0"
421,"basalarea","none","Quercus_coccinea","0"
421,"snag","none","snag","0"
421,"basalarea_edge","none","nodata","4"
421,"small_woody_stems","north","Kalmia_latifolia","0"
421,"small_woody_stems","north","Gaylussacia_baccata","18"
421,"small_woody_stems","north","Gaylussacia_frondosa","16"
421,"small_woody_stems","north","Smilax_rotundifolia","0"
421,"small_woody_stems","north","Vaccinium_pallidum","3"
421,"small_woody_stems","north","Acer_rubrum","0"
421,"small_woody_stems","north","Quercus_montana","0"
421,"small_woody_stems","north","Sassafras_albidum","0"
421,"small_woody_stems","north","Pinus_rigida","0"
421,"small_woody_stems","north","Nyssa_sylvatica","0"
421,"small_woody_stems","north","Amelanchier_spp","0"
421,"medium_woody_stems","north","Kalmia_latifolia","5"
421,"medium_woody_stems","north","Gaylussacia_baccata","0"
421,"medium_woody_stems","north","Gaylussacia_frondosa","10"
421,"medium_woody_stems","north","Smilax_rotundifolia","3"
421,"medium_woody_stems","north","Vaccinium_pallidum","0"
421,"medium_woody_stems","north","Acer_rubrum","0"
421,"medium_woody_stems","north","Quercus_montana","0"
421,"medium_woody_stems","north","Sassafras_albidum","0"
421,"medium_woody_stems","north","Pinus_rigida","0"
421,"medium_woody_stems","north","Nyssa_sylvatica","0"
421,"medium_woody_stems","north","Amelanchier_spp","0"
421,"large_woody_stems","north","Kalmia_latifolia","4"
421,"large_woody_stems","north","Gaylussacia_baccata","0"
421,"large_woody_stems","north","Gaylussacia_frondosa","0"
421,"large_woody_stems","north","Smilax_rotundifolia","12"
421,"large_woody_stems","north","Vaccinium_pallidum","0"
421,"large_woody_stems","north","Acer_rubrum","2"
421,"large_woody_stems","north","Quercus_montana","1"
421,"large_woody_stems","north","Sassafras_albidum","1"
421,"large_woody_stems","north","Pinus_rigida","2"
421,"large_woody_stems","north","Nyssa_sylvatica","1"
421,"large_woody_stems","north","Amelanchier_spp","1"
421,"small_woody_stems","south","Kalmia_latifolia","0"
421,"small_woody_stems","south","Gaylussacia_baccata","11"
421,"small_woody_stems","south","Gaylussacia_frondosa","1"
421,"small_woody_stems","south","Smilax_rotundifolia","6"
421,"small_woody_stems","south","Vaccinium_pallidum","1"
421,"small_woody_stems","south","Acer_rubrum","0"
421,"small_woody_stems","south","Quercus_montana","0"
421,"small_woody_stems","south","Sassafras_albidum","0"
421,"small_woody_stems","south","Pinus_rigida","0"
421,"small_woody_stems","south","Nyssa_sylvatica","0"
421,"small_woody_stems","south","Amelanchier_spp","0"
421,"medium_woody_stems","south","Kalmia_latifolia","1"
421,"medium_woody_stems","south","Gaylussacia_baccata","0"
421,"medium_woody_stems","south","Gaylussacia_frondosa","2"
421,"medium_woody_stems","south","Smilax_rotundifolia","0"
421,"medium_woody_stems","south","Vaccinium_pallidum","0"
421,"medium_woody_stems","south","Acer_rubrum","0"
421,"medium_woody_stems","south","Quercus_montana","0"
421,"medium_woody_stems","south","Sassafras_albidum","0"
421,"medium_woody_stems","south","Pinus_rigida","0"
421,"medium_woody_stems","south","Nyssa_sylvatica","0"
421,"medium_woody_stems","south","Amelanchier_spp","0"
421,"large_woody_stems","south","Kalmia_latifolia","1"
421,"large_woody_stems","south","Gaylussacia_baccata","0"
421,"large_woody_stems","south","Gaylussacia_frondosa","0"
421,"large_woody_stems","south","Smilax_rotundifolia","1"
421,"large_woody_stems","south","Vaccinium_pallidum","0"
421,"large_woody_stems","south","Acer_rubrum","1"
421,"large_woody_stems","south","Quercus_montana","0"
421,"large_woody_stems","south","Sassafras_albidum","0"
421,"large_woody_stems","south","Pinus_rigida","0"
421,"large_woody_stems","south","Nyssa_sylvatica","1"
421,"large_woody_stems","south","Amelanchier_spp","1"
422,"basalarea","none","Quercus_montana","0"
422,"snag","none","snag","0"
422,"basalarea_edge","none","nodata","2"
422,"small_woody_stems","north","Kalmia_latifolia","1"
422,"small_woody_stems","north","Gaylussacia_baccata","43"
422,"small_woody_stems","north","Vaccinium_angustifolium","2"
422,"small_woody_stems","north","Acer_rubrum","0"
422,"small_woody_stems","north","Nyssa_sylvatica","0"
422,"small_woody_stems","north","Gaylussacia_frondosa","0"
422,"small_woody_stems","north","Vaccinium_pallidum","5"
422,"small_woody_stems","north","Pinus_rigida","0"
422,"small_woody_stems","north","Amelanchier_spp","0"
422,"medium_woody_stems","north","Kalmia_latifolia","3"
422,"medium_woody_stems","north","Gaylussacia_baccata","15"
422,"medium_woody_stems","north","Vaccinium_angustifolium","0"
422,"medium_woody_stems","north","Acer_rubrum","0"
422,"medium_woody_stems","north","Nyssa_sylvatica","0"
422,"medium_woody_stems","north","Gaylussacia_frondosa","1"
422,"medium_woody_stems","north","Vaccinium_pallidum","0"
422,"medium_woody_stems","north","Pinus_rigida","0"
422,"medium_woody_stems","north","Amelanchier_spp","0"
422,"large_woody_stems","north","Kalmia_latifolia","0"
422,"large_woody_stems","north","Gaylussacia_baccata","0"
422,"large_woody_stems","north","Vaccinium_angustifolium","0"
422,"large_woody_stems","north","Acer_rubrum","2"
422,"large_woody_stems","north","Nyssa_sylvatica","1"
422,"large_woody_stems","north","Gaylussacia_frondosa","0"
422,"large_woody_stems","north","Vaccinium_pallidum","0"
422,"large_woody_stems","north","Pinus_rigida","1"
422,"large_woody_stems","north","Amelanchier_spp","0"
422,"small_woody_stems","south","Kalmia_latifolia","2"
422,"small_woody_stems","south","Gaylussacia_baccata","37"
422,"small_woody_stems","south","Vaccinium_angustifolium","0"
422,"small_woody_stems","south","Acer_rubrum","0"
422,"small_woody_stems","south","Nyssa_sylvatica","0"
422,"small_woody_stems","south","Gaylussacia_frondosa","7"
422,"small_woody_stems","south","Vaccinium_pallidum","2"
422,"small_woody_stems","south","Pinus_rigida","0"
422,"small_woody_stems","south","Amelanchier_spp","0"
422,"medium_woody_stems","south","Kalmia_latifolia","1"
422,"medium_woody_stems","south","Gaylussacia_baccata","20"
422,"medium_woody_stems","south","Vaccinium_angustifolium","0"
422,"medium_woody_stems","south","Acer_rubrum","0"
422,"medium_woody_stems","south","Nyssa_sylvatica","0"
422,"medium_woody_stems","south","Gaylussacia_frondosa","0"
422,"medium_woody_stems","south","Vaccinium_pallidum","0"
422,"medium_woody_stems","south","Pinus_rigida","0"
422,"medium_woody_stems","south","Amelanchier_spp","0"
422,"large_woody_stems","south","Kalmia_latifolia","0"
422,"large_woody_stems","south","Gaylussacia_baccata","0"
422,"large_woody_stems","south","Vaccinium_angustifolium","0"
422,"large_woody_stems","south","Acer_rubrum","0"
422,"large_woody_stems","south","Nyssa_sylvatica","0"
422,"large_woody_stems","south","Gaylussacia_frondosa","0"
422,"large_woody_stems","south","Vaccinium_pallidum","0"
422,"large_woody_stems","south","Pinus_rigida","1"
422,"large_woody_stems","south","Amelanchier_spp","2"
423,"basalarea","none","Nyssa_sylvatica","5"
423,"basalarea","none","Acer_rubrum","1"
423,"snag","none","snag","3"
423,"basalarea_edge","none","nodata","2"
423,"small_woody_stems","north","Kalmia_latifolia","10"
423,"small_woody_stems","north","Gaylussacia_baccata","3"
423,"small_woody_stems","north","Vaccinium_pallidum","1"
423,"small_woody_stems","north","Pinus_rigida","1"
423,"small_woody_stems","north","Amelanchier_spp","0"
423,"medium_woody_stems","north","Kalmia_latifolia","6"
423,"medium_woody_stems","north","Gaylussacia_baccata","2"
423,"medium_woody_stems","north","Vaccinium_pallidum","0"
423,"medium_woody_stems","north","Pinus_rigida","0"
423,"medium_woody_stems","north","Amelanchier_spp","0"
423,"large_woody_stems","north","Kalmia_latifolia","7"
423,"large_woody_stems","north","Gaylussacia_baccata","0"
423,"large_woody_stems","north","Vaccinium_pallidum","0"
423,"large_woody_stems","north","Pinus_rigida","0"
423,"large_woody_stems","north","Amelanchier_spp","1"
423,"small_woody_stems","south","Kalmia_latifolia","4"
423,"small_woody_stems","south","Gaylussacia_baccata","37"
423,"small_woody_stems","south","Vaccinium_pallidum","20"
423,"small_woody_stems","south","Pinus_rigida","1"
423,"small_woody_stems","south","Amelanchier_spp","0"
423,"medium_woody_stems","south","Kalmia_latifolia","1"
423,"medium_woody_stems","south","Gaylussacia_baccata","4"
423,"medium_woody_stems","south","Vaccinium_pallidum","0"
423,"medium_woody_stems","south","Pinus_rigida","0"
423,"medium_woody_stems","south","Amelanchier_spp","0"
423,"large_woody_stems","south","Kalmia_latifolia","10"
423,"large_woody_stems","south","Gaylussacia_baccata","0"
423,"large_woody_stems","south","Vaccinium_pallidum","0"
423,"large_woody_stems","south","Pinus_rigida","0"
423,"large_woody_stems","south","Amelanchier_spp","0"
424,"basalarea","none","Nyssa_sylvatica","5"
424,"basalarea","none","Acer_rubrum","1"
424,"snag","none","snag","3"
424,"basalarea_edge","none","nodata","2"
424,"small_woody_stems","north","Kalmia_latifolia","10"
424,"small_woody_stems","north","Gaylussacia_baccata","3"
424,"small_woody_stems","north","Vaccinium_pallidum","1"
424,"small_woody_stems","north","Pinus_rigida","1"
424,"small_woody_stems","north","Amelanchier_spp","0"
424,"medium_woody_stems","north","Kalmia_latifolia","6"
424,"medium_woody_stems","north","Gaylussacia_baccata","2"
424,"medium_woody_stems","north","Vaccinium_pallidum","0"
424,"medium_woody_stems","north","Pinus_rigida","0"
424,"medium_woody_stems","north","Amelanchier_spp","0"
424,"large_woody_stems","north","Kalmia_latifolia","7"
424,"large_woody_stems","north","Gaylussacia_baccata","0"
424,"large_woody_stems","north","Vaccinium_pallidum","0"
424,"large_woody_stems","north","Pinus_rigida","0"
424,"large_woody_stems","north","Amelanchier_spp","1"
424,"small_woody_stems","south","Kalmia_latifolia","4"
424,"small_woody_stems","south","Gaylussacia_baccata","37"
424,"small_woody_stems","south","Vaccinium_pallidum","20"
424,"small_woody_stems","south","Pinus_rigida","1"
424,"small_woody_stems","south","Amelanchier_spp","0"
424,"medium_woody_stems","south","Kalmia_latifolia","1"
424,"medium_woody_stems","south","Gaylussacia_baccata","4"
424,"medium_woody_stems","south","Vaccinium_pallidum","0"
424,"medium_woody_stems","south","Pinus_rigida","0"
424,"medium_woody_stems","south","Amelanchier_spp","0"
424,"large_woody_stems","south","Kalmia_latifolia","10"
424,"large_woody_stems","south","Gaylussacia_baccata","0"
424,"large_woody_stems","south","Vaccinium_pallidum","0"
424,"large_woody_stems","south","Pinus_rigida","0"
424,"large_woody_stems","south","Amelanchier_spp","0"
425,"basalarea","none","Nyssa_sylvatica","1"
425,"basalarea","none","Pinus_rigida","5"
425,"snag","none","snag","1"
425,"basalarea_edge","none","nodata","2"
425,"small_woody_stems","north","Kalmia_latifolia","3"
425,"small_woody_stems","north","Gaylussacia_baccata","33"
425,"small_woody_stems","north","Vaccinium_pallidum","6"
425,"small_woody_stems","north","Smilax_rotundifolia","0"
425,"small_woody_stems","north","Acer_rubrum","0"
425,"small_woody_stems","north","Sassafras_albidum","0"
425,"medium_woody_stems","north","Kalmia_latifolia","2"
425,"medium_woody_stems","north","Gaylussacia_baccata","1"
425,"medium_woody_stems","north","Vaccinium_pallidum","0"
425,"medium_woody_stems","north","Smilax_rotundifolia","1"
425,"medium_woody_stems","north","Acer_rubrum","0"
425,"medium_woody_stems","north","Sassafras_albidum","0"
425,"large_woody_stems","north","Kalmia_latifolia","9"
425,"large_woody_stems","north","Gaylussacia_baccata","0"
425,"large_woody_stems","north","Vaccinium_pallidum","0"
425,"large_woody_stems","north","Smilax_rotundifolia","4"
425,"large_woody_stems","north","Acer_rubrum","1"
425,"large_woody_stems","north","Sassafras_albidum","0"
425,"small_woody_stems","south","Kalmia_latifolia","0"
425,"small_woody_stems","south","Gaylussacia_baccata","17"
425,"small_woody_stems","south","Vaccinium_pallidum","7"
425,"small_woody_stems","south","Smilax_rotundifolia","3"
425,"small_woody_stems","south","Acer_rubrum","0"
425,"small_woody_stems","south","Sassafras_albidum","1"
425,"medium_woody_stems","south","Kalmia_latifolia","2"
425,"medium_woody_stems","south","Gaylussacia_baccata","2"
425,"medium_woody_stems","south","Vaccinium_pallidum","4"
425,"medium_woody_stems","south","Smilax_rotundifolia","5"
425,"medium_woody_stems","south","Acer_rubrum","0"
425,"medium_woody_stems","south","Sassafras_albidum","0"
425,"large_woody_stems","south","Kalmia_latifolia","6"
425,"large_woody_stems","south","Gaylussacia_baccata","0"
425,"large_woody_stems","south","Vaccinium_pallidum","0"
425,"large_woody_stems","south","Smilax_rotundifolia","2"
425,"large_woody_stems","south","Acer_rubrum","0"
425,"large_woody_stems","south","Sassafras_albidum","0"
426,"basalarea","none","Sassafras_albidum","4"
426,"basalarea","none","Nyssa_sylvatica","2"
426,"basalarea","none","Pinus_rigida","1"
426,"snag","none","snag","0"
426,"basalarea_edge","none","nodata","3"
426,"small_woody_stems","north","Acer_rubrum","0"
426,"small_woody_stems","north","Sassafras_albidum","0"
426,"small_woody_stems","north","Nyssa_sylvatica","0"
426,"small_woody_stems","north","Gaylussacia_baccata","22"
426,"small_woody_stems","north","Vaccinium_pallidum","7"
426,"small_woody_stems","north","Kalmia_latifolia","0"
426,"small_woody_stems","north","Pinus_rigida","0"
426,"medium_woody_stems","north","Acer_rubrum","0"
426,"medium_woody_stems","north","Sassafras_albidum","0"
426,"medium_woody_stems","north","Nyssa_sylvatica","0"
426,"medium_woody_stems","north","Gaylussacia_baccata","0"
426,"medium_woody_stems","north","Vaccinium_pallidum","0"
426,"medium_woody_stems","north","Kalmia_latifolia","1"
426,"medium_woody_stems","north","Pinus_rigida","0"
426,"large_woody_stems","north","Acer_rubrum","5"
426,"large_woody_stems","north","Sassafras_albidum","6"
426,"large_woody_stems","north","Nyssa_sylvatica","2"
426,"large_woody_stems","north","Gaylussacia_baccata","0"
426,"large_woody_stems","north","Vaccinium_pallidum","0"
426,"large_woody_stems","north","Kalmia_latifolia","1"
426,"large_woody_stems","north","Pinus_rigida","0"
426,"small_woody_stems","south","Acer_rubrum","0"
426,"small_woody_stems","south","Sassafras_albidum","0"
426,"small_woody_stems","south","Nyssa_sylvatica","0"
426,"small_woody_stems","south","Gaylussacia_baccata","27"
426,"small_woody_stems","south","Vaccinium_pallidum","16"
426,"small_woody_stems","south","Kalmia_latifolia","2"
426,"small_woody_stems","south","Pinus_rigida","0"
426,"medium_woody_stems","south","Acer_rubrum","0"
426,"medium_woody_stems","south","Sassafras_albidum","0"
426,"medium_woody_stems","south","Nyssa_sylvatica","0"
426,"medium_woody_stems","south","Gaylussacia_baccata","2"
426,"medium_woody_stems","south","Vaccinium_pallidum","1"
426,"medium_woody_stems","south","Kalmia_latifolia","1"
426,"medium_woody_stems","south","Pinus_rigida","0"
426,"large_woody_stems","south","Acer_rubrum","0"
426,"large_woody_stems","south","Sassafras_albidum","2"
426,"large_woody_stems","south","Nyssa_sylvatica","2"
426,"large_woody_stems","south","Gaylussacia_baccata","0"
426,"large_woody_stems","south","Vaccinium_pallidum","0"
426,"large_woody_stems","south","Kalmia_latifolia","3"
426,"large_woody_stems","south","Pinus_rigida","1"
427,"basalarea","none","Acer_rubrum","1"
427,"basalarea","none","Nyssa_sylvatica","0"
427,"snag","none","snag","5"
427,"basalarea_edge","none","nodata","5"
427,"small_woody_stems","north","Gaylussacia_baccata","13"
427,"small_woody_stems","north","Kalmia_latifolia","2"
427,"small_woody_stems","north","Vaccinium_pallidum","12"
427,"small_woody_stems","north","Acer_rubrum","0"
427,"medium_woody_stems","north","Gaylussacia_baccata","26"
427,"medium_woody_stems","north","Kalmia_latifolia","2"
427,"medium_woody_stems","north","Vaccinium_pallidum","6"
427,"medium_woody_stems","north","Acer_rubrum","0"
427,"large_woody_stems","north","Gaylussacia_baccata","2"
427,"large_woody_stems","north","Kalmia_latifolia","6"
427,"large_woody_stems","north","Vaccinium_pallidum","0"
427,"large_woody_stems","north","Acer_rubrum","0"
427,"small_woody_stems","south","Gaylussacia_baccata","9"
427,"small_woody_stems","south","Kalmia_latifolia","4"
427,"small_woody_stems","south","Vaccinium_pallidum","5"
427,"small_woody_stems","south","Acer_rubrum","1"
427,"medium_woody_stems","south","Gaylussacia_baccata","19"
427,"medium_woody_stems","south","Kalmia_latifolia","2"
427,"medium_woody_stems","south","Vaccinium_pallidum","0"
427,"medium_woody_stems","south","Acer_rubrum","0"
427,"large_woody_stems","south","Gaylussacia_baccata","4"
427,"large_woody_stems","south","Kalmia_latifolia","8"
427,"large_woody_stems","south","Vaccinium_pallidum","0"
427,"large_woody_stems","south","Acer_rubrum","0"
428,"basalarea","none","Nyssa_sylvatica","4"
428,"snag","none","snag","6"
428,"basalarea_edge","none","nodata","3"
428,"small_woody_stems","north","Kalmia_latifolia","6"
428,"small_woody_stems","north","Gaylussacia_baccata","20"
428,"small_woody_stems","north","Vaccinium_pallidum","12"
428,"small_woody_stems","north","Gaylussacia_frondosa","0"
428,"medium_woody_stems","north","Kalmia_latifolia","3"
428,"medium_woody_stems","north","Gaylussacia_baccata","1"
428,"medium_woody_stems","north","Vaccinium_pallidum","5"
428,"medium_woody_stems","north","Gaylussacia_frondosa","0"
428,"large_woody_stems","north","Kalmia_latifolia","9"
428,"large_woody_stems","north","Gaylussacia_baccata","0"
428,"large_woody_stems","north","Vaccinium_pallidum","0"
428,"large_woody_stems","north","Gaylussacia_frondosa","0"
428,"small_woody_stems","south","Kalmia_latifolia","5"
428,"small_woody_stems","south","Gaylussacia_baccata","24"
428,"small_woody_stems","south","Vaccinium_pallidum","4"
428,"small_woody_stems","south","Gaylussacia_frondosa","3"
428,"medium_woody_stems","south","Kalmia_latifolia","2"
428,"medium_woody_stems","south","Gaylussacia_baccata","2"
428,"medium_woody_stems","south","Vaccinium_pallidum","0"
428,"medium_woody_stems","south","Gaylussacia_frondosa","6"
428,"large_woody_stems","south","Kalmia_latifolia","11"
428,"large_woody_stems","south","Gaylussacia_baccata","0"
428,"large_woody_stems","south","Vaccinium_pallidum","0"
428,"large_woody_stems","south","Gaylussacia_frondosa","3"
429,"basalarea","none","Pinus_rigida","0"
429,"basalarea","none","Nyssa_sylvatica","9"
429,"snag","none","snag","4"
429,"basalarea_edge","none","nodata","3"
429,"small_woody_stems","north","Kalmia_latifolia","5"
429,"small_woody_stems","north","Vaccinium_pallidum","13"
429,"small_woody_stems","north","Gaylussacia_baccata","2"
429,"small_woody_stems","north","Nyssa_sylvatica","0"
429,"small_woody_stems","north","Gaylussacia_frondosa","5"
429,"small_woody_stems","north","Amelanchier_spp","1"
429,"medium_woody_stems","north","Kalmia_latifolia","8"
429,"medium_woody_stems","north","Vaccinium_pallidum","4"
429,"medium_woody_stems","north","Gaylussacia_baccata","0"
429,"medium_woody_stems","north","Nyssa_sylvatica","0"
429,"medium_woody_stems","north","Gaylussacia_frondosa","3"
429,"medium_woody_stems","north","Amelanchier_spp","0"
429,"large_woody_stems","north","Kalmia_latifolia","1"
429,"large_woody_stems","north","Vaccinium_pallidum","0"
429,"large_woody_stems","north","Gaylussacia_baccata","0"
429,"large_woody_stems","north","Nyssa_sylvatica","0"
429,"large_woody_stems","north","Gaylussacia_frondosa","0"
429,"large_woody_stems","north","Amelanchier_spp","0"
429,"small_woody_stems","south","Kalmia_latifolia","13"
429,"small_woody_stems","south","Vaccinium_pallidum","9"
429,"small_woody_stems","south","Gaylussacia_baccata","9"
429,"small_woody_stems","south","Nyssa_sylvatica","0"
429,"small_woody_stems","south","Gaylussacia_frondosa","0"
429,"small_woody_stems","south","Amelanchier_spp","0"
429,"medium_woody_stems","south","Kalmia_latifolia","5"
429,"medium_woody_stems","south","Vaccinium_pallidum","0"
429,"medium_woody_stems","south","Gaylussacia_baccata","0"
429,"medium_woody_stems","south","Nyssa_sylvatica","0"
429,"medium_woody_stems","south","Gaylussacia_frondosa","0"
429,"medium_woody_stems","south","Amelanchier_spp","0"
429,"large_woody_stems","south","Kalmia_latifolia","9"
429,"large_woody_stems","south","Vaccinium_pallidum","0"
429,"large_woody_stems","south","Gaylussacia_baccata","0"
429,"large_woody_stems","south","Nyssa_sylvatica","1"
429,"large_woody_stems","south","Gaylussacia_frondosa","0"
429,"large_woody_stems","south","Amelanchier_spp","0"
430,"basalarea","none","Acer_rubrum","1"
430,"basalarea","none","Pinus_rigida","4"
430,"basalarea","none","Nyssa_sylvatica","0"
430,"snag","none","snag","0"
430,"basalarea_edge","none","nodata","3"
430,"small_woody_stems","north","Gaylussacia_baccata","5"
430,"small_woody_stems","north","Acer_rubrum","0"
430,"small_woody_stems","north","Kalmia_latifolia","0"
430,"small_woody_stems","north","Vaccinium_pallidum","4"
430,"small_woody_stems","north","Smilax_rotundifolia","0"
430,"small_woody_stems","north","Amelanchier_spp","0"
430,"small_woody_stems","north","Pinus_rigida","0"
430,"small_woody_stems","north","Nyssa_sylvatica","0"
430,"medium_woody_stems","north","Gaylussacia_baccata","0"
430,"medium_woody_stems","north","Acer_rubrum","0"
430,"medium_woody_stems","north","Kalmia_latifolia","2"
430,"medium_woody_stems","north","Vaccinium_pallidum","0"
430,"medium_woody_stems","north","Smilax_rotundifolia","1"
430,"medium_woody_stems","north","Amelanchier_spp","0"
430,"medium_woody_stems","north","Pinus_rigida","0"
430,"medium_woody_stems","north","Nyssa_sylvatica","0"
430,"large_woody_stems","north","Gaylussacia_baccata","0"
430,"large_woody_stems","north","Acer_rubrum","12"
430,"large_woody_stems","north","Kalmia_latifolia","1"
430,"large_woody_stems","north","Vaccinium_pallidum","0"
430,"large_woody_stems","north","Smilax_rotundifolia","2"
430,"large_woody_stems","north","Amelanchier_spp","1"
430,"large_woody_stems","north","Pinus_rigida","0"
430,"large_woody_stems","north","Nyssa_sylvatica","3"
430,"small_woody_stems","south","Gaylussacia_baccata","19"
430,"small_woody_stems","south","Acer_rubrum","0"
430,"small_woody_stems","south","Kalmia_latifolia","0"
430,"small_woody_stems","south","Vaccinium_pallidum","8"
430,"small_woody_stems","south","Smilax_rotundifolia","0"
430,"small_woody_stems","south","Amelanchier_spp","0"
430,"small_woody_stems","south","Pinus_rigida","0"
430,"medium_woody_stems","south","Gaylussacia_baccata","0"
430,"medium_woody_stems","south","Acer_rubrum","0"
430,"medium_woody_stems","south","Kalmia_latifolia","6"
430,"medium_woody_stems","south","Vaccinium_pallidum","0"
430,"medium_woody_stems","south","Smilax_rotundifolia","0"
430,"medium_woody_stems","south","Amelanchier_spp","0"
430,"medium_woody_stems","south","Pinus_rigida","0"
430,"large_woody_stems","south","Gaylussacia_baccata","0"
430,"large_woody_stems","south","Acer_rubrum","14"
430,"large_woody_stems","south","Kalmia_latifolia","8"
430,"large_woody_stems","south","Vaccinium_pallidum","0"
430,"large_woody_stems","south","Smilax_rotundifolia","0"
430,"large_woody_stems","south","Amelanchier_spp","1"
430,"large_woody_stems","south","Pinus_rigida","2"
431,"basalarea","none","Pinus_rigida","6"
431,"basalarea","none","Nyssa_sylvatica","2"
431,"basalarea","none","Acer_rubrum","6"
431,"snag","none","snag","0"
431,"basalarea_edge","none","nodata","1"
431,"small_woody_stems","north","Pinus_rigida","0"
431,"small_woody_stems","north","Acer_rubrum","0"
431,"small_woody_stems","north","Kalmia_latifolia","0"
431,"small_woody_stems","north","Vaccinium_pallidum","1"
431,"small_woody_stems","north","Nyssa_sylvatica","0"
431,"small_woody_stems","north","Gaylussacia_baccata","0"
431,"small_woody_stems","north","Sassafras_albidum","0"
431,"small_woody_stems","north","Smilax_rotundifolia","0"
431,"small_woody_stems","north","Amelanchier_spp","0"
431,"medium_woody_stems","north","Pinus_rigida","0"
431,"medium_woody_stems","north","Acer_rubrum","0"
431,"medium_woody_stems","north","Kalmia_latifolia","2"
431,"medium_woody_stems","north","Vaccinium_pallidum","0"
431,"medium_woody_stems","north","Nyssa_sylvatica","0"
431,"medium_woody_stems","north","Gaylussacia_baccata","0"
431,"medium_woody_stems","north","Sassafras_albidum","0"
431,"medium_woody_stems","north","Smilax_rotundifolia","0"
431,"medium_woody_stems","north","Amelanchier_spp","0"
431,"large_woody_stems","north","Pinus_rigida","5"
431,"large_woody_stems","north","Acer_rubrum","10"
431,"large_woody_stems","north","Kalmia_latifolia","3"
431,"large_woody_stems","north","Vaccinium_pallidum","0"
431,"large_woody_stems","north","Nyssa_sylvatica","4"
431,"large_woody_stems","north","Gaylussacia_baccata","0"
431,"large_woody_stems","north","Sassafras_albidum","1"
431,"large_woody_stems","north","Smilax_rotundifolia","7"
431,"large_woody_stems","north","Amelanchier_spp","1"
431,"small_woody_stems","south","Pinus_rigida","0"
431,"small_woody_stems","south","Acer_rubrum","0"
431,"small_woody_stems","south","Kalmia_latifolia","0"
431,"small_woody_stems","south","Vaccinium_pallidum","13"
431,"small_woody_stems","south","Nyssa_sylvatica","0"
431,"small_woody_stems","south","Gaylussacia_baccata","8"
431,"small_woody_stems","south","Sassafras_albidum","0"
431,"small_woody_stems","south","Smilax_rotundifolia","0"
431,"small_woody_stems","south","Amelanchier_spp","0"
431,"medium_woody_stems","south","Pinus_rigida","0"
431,"medium_woody_stems","south","Acer_rubrum","0"
431,"medium_woody_stems","south","Kalmia_latifolia","5"
431,"medium_woody_stems","south","Vaccinium_pallidum","0"
431,"medium_woody_stems","south","Nyssa_sylvatica","0"
431,"medium_woody_stems","south","Gaylussacia_baccata","0"
431,"medium_woody_stems","south","Sassafras_albidum","0"
431,"medium_woody_stems","south","Smilax_rotundifolia","0"
431,"medium_woody_stems","south","Amelanchier_spp","0"
431,"large_woody_stems","south","Pinus_rigida","0"
431,"large_woody_stems","south","Acer_rubrum","6"
431,"large_woody_stems","south","Kalmia_latifolia","3"
431,"large_woody_stems","south","Vaccinium_pallidum","0"
431,"large_woody_stems","south","Nyssa_sylvatica","4"
431,"large_woody_stems","south","Gaylussacia_baccata","0"
431,"large_woody_stems","south","Sassafras_albidum","0"
431,"large_woody_stems","south","Smilax_rotundifolia","0"
431,"large_woody_stems","south","Amelanchier_spp","0"
432,"basalarea","none","Pinus_rigida","4"
432,"snag","none","snag","0"
432,"basalarea_edge","none","nodata","2"
432,"small_woody_stems","north","Kalmia_latifolia","1"
432,"small_woody_stems","north","Gaylussacia_baccata","42"
432,"small_woody_stems","north","Acer_rubrum","0"
432,"small_woody_stems","north","Vaccinium_pallidum","2"
432,"small_woody_stems","north","Smilax_rotundifolia","5"
432,"small_woody_stems","north","Pinus_rigida","0"
432,"small_woody_stems","north","Vaccinium_angustifolium","0"
432,"small_woody_stems","north","Nyssa_sylvatica","0"
432,"medium_woody_stems","north","Kalmia_latifolia","5"
432,"medium_woody_stems","north","Gaylussacia_baccata","7"
432,"medium_woody_stems","north","Acer_rubrum","0"
432,"medium_woody_stems","north","Vaccinium_pallidum","0"
432,"medium_woody_stems","north","Smilax_rotundifolia","6"
432,"medium_woody_stems","north","Pinus_rigida","0"
432,"medium_woody_stems","north","Vaccinium_angustifolium","0"
432,"medium_woody_stems","north","Nyssa_sylvatica","0"
432,"large_woody_stems","north","Kalmia_latifolia","2"
432,"large_woody_stems","north","Gaylussacia_baccata","0"
432,"large_woody_stems","north","Acer_rubrum","2"
432,"large_woody_stems","north","Vaccinium_pallidum","0"
432,"large_woody_stems","north","Smilax_rotundifolia","2"
432,"large_woody_stems","north","Pinus_rigida","0"
432,"large_woody_stems","north","Vaccinium_angustifolium","0"
432,"large_woody_stems","north","Nyssa_sylvatica","0"
432,"small_woody_stems","south","Kalmia_latifolia","2"
432,"small_woody_stems","south","Gaylussacia_baccata","34"
432,"small_woody_stems","south","Acer_rubrum","0"
432,"small_woody_stems","south","Vaccinium_pallidum","12"
432,"small_woody_stems","south","Smilax_rotundifolia","1"
432,"small_woody_stems","south","Pinus_rigida","0"
432,"small_woody_stems","south","Vaccinium_angustifolium","5"
432,"small_woody_stems","south","Nyssa_sylvatica","0"
432,"medium_woody_stems","south","Kalmia_latifolia","7"
432,"medium_woody_stems","south","Gaylussacia_baccata","4"
432,"medium_woody_stems","south","Acer_rubrum","0"
432,"medium_woody_stems","south","Vaccinium_pallidum","0"
432,"medium_woody_stems","south","Smilax_rotundifolia","2"
432,"medium_woody_stems","south","Pinus_rigida","0"
432,"medium_woody_stems","south","Vaccinium_angustifolium","0"
432,"medium_woody_stems","south","Nyssa_sylvatica","0"
432,"large_woody_stems","south","Kalmia_latifolia","7"
432,"large_woody_stems","south","Gaylussacia_baccata","0"
432,"large_woody_stems","south","Acer_rubrum","0"
432,"large_woody_stems","south","Vaccinium_pallidum","0"
432,"large_woody_stems","south","Smilax_rotundifolia","3"
432,"large_woody_stems","south","Pinus_rigida","2"
432,"large_woody_stems","south","Vaccinium_angustifolium","0"
432,"large_woody_stems","south","Nyssa_sylvatica","2"
433,"basalarea","none","Populus_grandidentata","1"
433,"basalarea","none","Pinus_rigida","2"
433,"basalarea","none","Quercus_montana","0"
433,"snag","none","snag","0"
433,"basalarea_edge","none","nodata","1"
433,"small_woody_stems","north","Pinus_rigida","2"
433,"small_woody_stems","north","Kalmia_latifolia","4"
433,"small_woody_stems","north","Gaylussacia_baccata","1"
433,"small_woody_stems","north","Comptonia_peregrina","4"
433,"small_woody_stems","north","Nyssa_sylvatica","0"
433,"small_woody_stems","north","Acer_rubrum","0"
433,"small_woody_stems","north","Smilax_rotundifolia","0"
433,"small_woody_stems","north","Sassafras_albidum","0"
433,"medium_woody_stems","north","Pinus_rigida","0"
433,"medium_woody_stems","north","Kalmia_latifolia","1"
433,"medium_woody_stems","north","Gaylussacia_baccata","0"
433,"medium_woody_stems","north","Comptonia_peregrina","0"
433,"medium_woody_stems","north","Nyssa_sylvatica","0"
433,"medium_woody_stems","north","Acer_rubrum","0"
433,"medium_woody_stems","north","Smilax_rotundifolia","0"
433,"medium_woody_stems","north","Sassafras_albidum","0"
433,"large_woody_stems","north","Pinus_rigida","2"
433,"large_woody_stems","north","Kalmia_latifolia","0"
433,"large_woody_stems","north","Gaylussacia_baccata","0"
433,"large_woody_stems","north","Comptonia_peregrina","0"
433,"large_woody_stems","north","Nyssa_sylvatica","1"
433,"large_woody_stems","north","Acer_rubrum","0"
433,"large_woody_stems","north","Smilax_rotundifolia","0"
433,"large_woody_stems","north","Sassafras_albidum","0"
433,"small_woody_stems","south","Pinus_rigida","0"
433,"small_woody_stems","south","Kalmia_latifolia","0"
433,"small_woody_stems","south","Gaylussacia_baccata","0"
433,"small_woody_stems","south","Comptonia_peregrina","0"
433,"small_woody_stems","south","Nyssa_sylvatica","0"
433,"small_woody_stems","south","Acer_rubrum","0"
433,"small_woody_stems","south","Smilax_rotundifolia","3"
433,"small_woody_stems","south","Sassafras_albidum","0"
433,"medium_woody_stems","south","Pinus_rigida","0"
433,"medium_woody_stems","south","Kalmia_latifolia","0"
433,"medium_woody_stems","south","Gaylussacia_baccata","0"
433,"medium_woody_stems","south","Comptonia_peregrina","0"
433,"medium_woody_stems","south","Nyssa_sylvatica","0"
433,"medium_woody_stems","south","Acer_rubrum","0"
433,"medium_woody_stems","south","Smilax_rotundifolia","0"
433,"medium_woody_stems","south","Sassafras_albidum","0"
433,"large_woody_stems","south","Pinus_rigida","3"
433,"large_woody_stems","south","Kalmia_latifolia","0"
433,"large_woody_stems","south","Gaylussacia_baccata","0"
433,"large_woody_stems","south","Comptonia_peregrina","0"
433,"large_woody_stems","south","Nyssa_sylvatica","13"
433,"large_woody_stems","south","Acer_rubrum","3"
433,"large_woody_stems","south","Smilax_rotundifolia","0"
433,"large_woody_stems","south","Sassafras_albidum","3"
434,"basalarea","none","Pinus_rigida","2"
434,"basalarea","none","Sassafras_albidum","1"
434,"basalarea","none","Nyssa_sylvatica","0"
434,"snag","none","snag","0"
434,"basalarea_edge","none","nodata","3"
434,"small_woody_stems","north","Gaylussacia_baccata","11"
434,"small_woody_stems","north","Nyssa_sylvatica","0"
434,"small_woody_stems","north","Kalmia_latifolia","0"
434,"small_woody_stems","north","Sassafras_albidum","0"
434,"small_woody_stems","north","Acer_rubrum","0"
434,"small_woody_stems","north","Smilax_rotundifolia","0"
434,"small_woody_stems","north","Quercus_montana","0"
434,"small_woody_stems","north","Pinus_rigida","0"
434,"medium_woody_stems","north","Gaylussacia_baccata","0"
434,"medium_woody_stems","north","Nyssa_sylvatica","0"
434,"medium_woody_stems","north","Kalmia_latifolia","1"
434,"medium_woody_stems","north","Sassafras_albidum","0"
434,"medium_woody_stems","north","Acer_rubrum","0"
434,"medium_woody_stems","north","Smilax_rotundifolia","0"
434,"medium_woody_stems","north","Quercus_montana","0"
434,"medium_woody_stems","north","Pinus_rigida","0"
434,"large_woody_stems","north","Gaylussacia_baccata","0"
434,"large_woody_stems","north","Nyssa_sylvatica","9"
434,"large_woody_stems","north","Kalmia_latifolia","6"
434,"large_woody_stems","north","Sassafras_albidum","3"
434,"large_woody_stems","north","Acer_rubrum","2"
434,"large_woody_stems","north","Smilax_rotundifolia","0"
434,"large_woody_stems","north","Quercus_montana","0"
434,"large_woody_stems","north","Pinus_rigida","0"
434,"small_woody_stems","south","Gaylussacia_baccata","19"
434,"small_woody_stems","south","Nyssa_sylvatica","0"
434,"small_woody_stems","south","Kalmia_latifolia","2"
434,"small_woody_stems","south","Sassafras_albidum","0"
434,"small_woody_stems","south","Acer_rubrum","0"
434,"small_woody_stems","south","Smilax_rotundifolia","2"
434,"small_woody_stems","south","Quercus_montana","0"
434,"small_woody_stems","south","Pinus_rigida","0"
434,"medium_woody_stems","south","Gaylussacia_baccata","0"
434,"medium_woody_stems","south","Nyssa_sylvatica","0"
434,"medium_woody_stems","south","Kalmia_latifolia","2"
434,"medium_woody_stems","south","Sassafras_albidum","0"
434,"medium_woody_stems","south","Acer_rubrum","0"
434,"medium_woody_stems","south","Smilax_rotundifolia","0"
434,"medium_woody_stems","south","Quercus_montana","0"
434,"medium_woody_stems","south","Pinus_rigida","0"
434,"large_woody_stems","south","Gaylussacia_baccata","0"
434,"large_woody_stems","south","Nyssa_sylvatica","1"
434,"large_woody_stems","south","Kalmia_latifolia","4"
434,"large_woody_stems","south","Sassafras_albidum","4"
434,"large_woody_stems","south","Acer_rubrum","5"
434,"large_woody_stems","south","Smilax_rotundifolia","0"
434,"large_woody_stems","south","Quercus_montana","2"
434,"large_woody_stems","south","Pinus_rigida","1"
435,"basalarea","none","Pinus_rigida","4"
435,"snag","none","snag","0"
435,"basalarea_edge","none","nodata","2"
435,"small_woody_stems","north","Kalmia_latifolia","0"
435,"small_woody_stems","north","Gaylussacia_baccata","43"
435,"small_woody_stems","north","Sassafras_albidum","0"
435,"small_woody_stems","north","Nyssa_sylvatica","0"
435,"small_woody_stems","north","Acer_rubrum","0"
435,"medium_woody_stems","north","Kalmia_latifolia","1"
435,"medium_woody_stems","north","Gaylussacia_baccata","14"
435,"medium_woody_stems","north","Sassafras_albidum","0"
435,"medium_woody_stems","north","Nyssa_sylvatica","0"
435,"medium_woody_stems","north","Acer_rubrum","0"
435,"large_woody_stems","north","Kalmia_latifolia","2"
435,"large_woody_stems","north","Gaylussacia_baccata","0"
435,"large_woody_stems","north","Sassafras_albidum","1"
435,"large_woody_stems","north","Nyssa_sylvatica","1"
435,"large_woody_stems","north","Acer_rubrum","0"
435,"small_woody_stems","south","Kalmia_latifolia","0"
435,"small_woody_stems","south","Gaylussacia_baccata","29"
435,"small_woody_stems","south","Sassafras_albidum","0"
435,"small_woody_stems","south","Nyssa_sylvatica","0"
435,"small_woody_stems","south","Acer_rubrum","0"
435,"medium_woody_stems","south","Kalmia_latifolia","2"
435,"medium_woody_stems","south","Gaylussacia_baccata","3"
435,"medium_woody_stems","south","Sassafras_albidum","0"
435,"medium_woody_stems","south","Nyssa_sylvatica","0"
435,"medium_woody_stems","south","Acer_rubrum","0"
435,"large_woody_stems","south","Kalmia_latifolia","1"
435,"large_woody_stems","south","Gaylussacia_baccata","0"
435,"large_woody_stems","south","Sassafras_albidum","4"
435,"large_woody_stems","south","Nyssa_sylvatica","1"
435,"large_woody_stems","south","Acer_rubrum","3"
436,"basalarea","none","Acer_rubrum","11"
436,"basalarea","none","Quercus_montana","1"
436,"snag","none","snag","4"
436,"basalarea_edge","none","nodata","8"
436,"small_woody_stems","north","Kalmia_latifolia","0"
436,"small_woody_stems","north","Gaylussacia_baccata","31"
436,"small_woody_stems","north","Vaccinium_pallidum","23"
436,"small_woody_stems","north","Gaylussacia_frondosa","7"
436,"small_woody_stems","north","Amelanchier_spp","0"
436,"small_woody_stems","north","Vaccinium_angustifolium","0"
436,"small_woody_stems","north","Nyssa_sylvatica","0"
436,"medium_woody_stems","north","Kalmia_latifolia","1"
436,"medium_woody_stems","north","Gaylussacia_baccata","14"
436,"medium_woody_stems","north","Vaccinium_pallidum","2"
436,"medium_woody_stems","north","Gaylussacia_frondosa","2"
436,"medium_woody_stems","north","Amelanchier_spp","0"
436,"medium_woody_stems","north","Vaccinium_angustifolium","0"
436,"medium_woody_stems","north","Nyssa_sylvatica","0"
436,"large_woody_stems","north","Kalmia_latifolia","5"
436,"large_woody_stems","north","Gaylussacia_baccata","0"
436,"large_woody_stems","north","Vaccinium_pallidum","0"
436,"large_woody_stems","north","Gaylussacia_frondosa","0"
436,"large_woody_stems","north","Amelanchier_spp","0"
436,"large_woody_stems","north","Vaccinium_angustifolium","0"
436,"large_woody_stems","north","Nyssa_sylvatica","0"
436,"small_woody_stems","south","Kalmia_latifolia","4"
436,"small_woody_stems","south","Gaylussacia_baccata","18"
436,"small_woody_stems","south","Vaccinium_pallidum","17"
436,"small_woody_stems","south","Gaylussacia_frondosa","8"
436,"small_woody_stems","south","Amelanchier_spp","6"
436,"small_woody_stems","south","Vaccinium_angustifolium","5"
436,"small_woody_stems","south","Nyssa_sylvatica","2"
436,"medium_woody_stems","south","Kalmia_latifolia","7"
436,"medium_woody_stems","south","Gaylussacia_baccata","6"
436,"medium_woody_stems","south","Vaccinium_pallidum","8"
436,"medium_woody_stems","south","Gaylussacia_frondosa","3"
436,"medium_woody_stems","south","Amelanchier_spp","0"
436,"medium_woody_stems","south","Vaccinium_angustifolium","0"
436,"medium_woody_stems","south","Nyssa_sylvatica","0"
436,"large_woody_stems","south","Kalmia_latifolia","6"
436,"large_woody_stems","south","Gaylussacia_baccata","0"
436,"large_woody_stems","south","Vaccinium_pallidum","0"
436,"large_woody_stems","south","Gaylussacia_frondosa","0"
436,"large_woody_stems","south","Amelanchier_spp","0"
436,"large_woody_stems","south","Vaccinium_angustifolium","0"
436,"large_woody_stems","south","Nyssa_sylvatica","0"
437,"basalarea","none","Nyssa_sylvatica","1"
437,"basalarea","none","Quercus_montana","2"
437,"basalarea","none","Pinus_rigida","0"
437,"snag","none","snag","2"
437,"basalarea_edge","none","nodata","2"
437,"small_woody_stems","north","Kalmia_latifolia","0"
437,"small_woody_stems","north","Gaylussacia_frondosa","19"
437,"small_woody_stems","north","Gaylussacia_baccata","0"
437,"medium_woody_stems","north","Kalmia_latifolia","0"
437,"medium_woody_stems","north","Gaylussacia_frondosa","19"
437,"medium_woody_stems","north","Gaylussacia_baccata","0"
437,"large_woody_stems","north","Kalmia_latifolia","1"
437,"large_woody_stems","north","Gaylussacia_frondosa","29"
437,"large_woody_stems","north","Gaylussacia_baccata","0"
437,"small_woody_stems","south","Kalmia_latifolia","0"
437,"small_woody_stems","south","Gaylussacia_frondosa","8"
437,"small_woody_stems","south","Gaylussacia_baccata","23"
437,"medium_woody_stems","south","Kalmia_latifolia","0"
437,"medium_woody_stems","south","Gaylussacia_frondosa","13"
437,"medium_woody_stems","south","Gaylussacia_baccata","5"
437,"large_woody_stems","south","Kalmia_latifolia","6"
437,"large_woody_stems","south","Gaylussacia_frondosa","9"
437,"large_woody_stems","south","Gaylussacia_baccata","0"
438,"basalarea","none","Quercus_montana","2"
438,"basalarea","none","Nyssa_sylvatica","2"
438,"basalarea","none","Pinus_rigida","2"
438,"basalarea","none","Acer_rubrum","0"
438,"snag","none","snag","3"
438,"basalarea_edge","none","nodata","6"
438,"small_woody_stems","north","Kalmia_latifolia","4"
438,"small_woody_stems","north","Gaylussacia_baccata","34"
438,"small_woody_stems","north","Vaccinium_pallidum","0"
438,"medium_woody_stems","north","Kalmia_latifolia","1"
438,"medium_woody_stems","north","Gaylussacia_baccata","0"
438,"medium_woody_stems","north","Vaccinium_pallidum","0"
438,"large_woody_stems","north","Kalmia_latifolia","2"
438,"large_woody_stems","north","Gaylussacia_baccata","0"
438,"large_woody_stems","north","Vaccinium_pallidum","0"
438,"small_woody_stems","south","Kalmia_latifolia","1"
438,"small_woody_stems","south","Gaylussacia_baccata","39"
438,"small_woody_stems","south","Vaccinium_pallidum","4"
438,"medium_woody_stems","south","Kalmia_latifolia","2"
438,"medium_woody_stems","south","Gaylussacia_baccata","0"
438,"medium_woody_stems","south","Vaccinium_pallidum","0"
438,"large_woody_stems","south","Kalmia_latifolia","3"
438,"large_woody_stems","south","Gaylussacia_baccata","0"
438,"large_woody_stems","south","Vaccinium_pallidum","0"
439,"basalarea","none","Pinus_rigida","4"
439,"basalarea","none","Quercus_montana","4"
439,"basalarea","none","Acer_rubrum","0"
439,"basalarea","none","Nyssa_sylvatica","0"
439,"snag","none","snag","5"
439,"basalarea_edge","none","nodata","3"
439,"small_woody_stems","north","Gaylussacia_frondosa","15"
439,"small_woody_stems","north","Vaccinium_pallidum","14"
439,"small_woody_stems","north","Gaylussacia_baccata","4"
439,"small_woody_stems","north","Kalmia_latifolia","1"
439,"medium_woody_stems","north","Gaylussacia_frondosa","0"
439,"medium_woody_stems","north","Vaccinium_pallidum","0"
439,"medium_woody_stems","north","Gaylussacia_baccata","0"
439,"medium_woody_stems","north","Kalmia_latifolia","0"
439,"large_woody_stems","north","Gaylussacia_frondosa","0"
439,"large_woody_stems","north","Vaccinium_pallidum","0"
439,"large_woody_stems","north","Gaylussacia_baccata","0"
439,"large_woody_stems","north","Kalmia_latifolia","1"
439,"small_woody_stems","south","Gaylussacia_frondosa","11"
439,"small_woody_stems","south","Vaccinium_pallidum","0"
439,"small_woody_stems","south","Gaylussacia_baccata","5"
439,"small_woody_stems","south","Kalmia_latifolia","2"
439,"medium_woody_stems","south","Gaylussacia_frondosa","0"
439,"medium_woody_stems","south","Vaccinium_pallidum","0"
439,"medium_woody_stems","south","Gaylussacia_baccata","0"
439,"medium_woody_stems","south","Kalmia_latifolia","1"
439,"large_woody_stems","south","Gaylussacia_frondosa","0"
439,"large_woody_stems","south","Vaccinium_pallidum","0"
439,"large_woody_stems","south","Gaylussacia_baccata","0"
439,"large_woody_stems","south","Kalmia_latifolia","4"
440,"basalarea","none","Quercus_montana","2"
440,"snag","none","snag","0"
440,"basalarea_edge","none","nodata","1"
440,"small_woody_stems","north","Kalmia_latifolia","4"
440,"small_woody_stems","north","Gaylussacia_baccata","9"
440,"small_woody_stems","north","Vaccinium_pallidum","9"
440,"small_woody_stems","north","Amelanchier_spp","1"
440,"small_woody_stems","north","Smilax_rotundifolia","0"
440,"medium_woody_stems","north","Kalmia_latifolia","5"
440,"medium_woody_stems","north","Gaylussacia_baccata","0"
440,"medium_woody_stems","north","Vaccinium_pallidum","0"
440,"medium_woody_stems","north","Amelanchier_spp","0"
440,"medium_woody_stems","north","Smilax_rotundifolia","0"
440,"large_woody_stems","north","Kalmia_latifolia","10"
440,"large_woody_stems","north","Gaylussacia_baccata","0"
440,"large_woody_stems","north","Vaccinium_pallidum","0"
440,"large_woody_stems","north","Amelanchier_spp","1"
440,"large_woody_stems","north","Smilax_rotundifolia","2"
440,"small_woody_stems","south","Kalmia_latifolia","1"
440,"small_woody_stems","south","Gaylussacia_baccata","19"
440,"small_woody_stems","south","Vaccinium_pallidum","14"
440,"small_woody_stems","south","Amelanchier_spp","0"
440,"small_woody_stems","south","Smilax_rotundifolia","0"
440,"medium_woody_stems","south","Kalmia_latifolia","3"
440,"medium_woody_stems","south","Gaylussacia_baccata","5"
440,"medium_woody_stems","south","Vaccinium_pallidum","2"
440,"medium_woody_stems","south","Amelanchier_spp","0"
440,"medium_woody_stems","south","Smilax_rotundifolia","0"
440,"large_woody_stems","south","Kalmia_latifolia","7"
440,"large_woody_stems","south","Gaylussacia_baccata","0"
440,"large_woody_stems","south","Vaccinium_pallidum","0"
440,"large_woody_stems","south","Amelanchier_spp","0"
440,"large_woody_stems","south","Smilax_rotundifolia","0"
441,"basalarea","none","Quercus_montana","3"
441,"basalarea","none","Nyssa_sylvatica","0"
441,"snag","none","snag","3"
441,"basalarea_edge","none","nodata","2"
441,"small_woody_stems","north","Kalmia_latifolia","1"
441,"small_woody_stems","north","Gaylussacia_baccata","14"
441,"small_woody_stems","north","Vaccinium_pallidum","3"
441,"medium_woody_stems","north","Kalmia_latifolia","6"
441,"medium_woody_stems","north","Gaylussacia_baccata","3"
441,"medium_woody_stems","north","Vaccinium_pallidum","0"
441,"large_woody_stems","north","Kalmia_latifolia","5"
441,"large_woody_stems","north","Gaylussacia_baccata","0"
441,"large_woody_stems","north","Vaccinium_pallidum","0"
441,"small_woody_stems","south","Kalmia_latifolia","2"
441,"small_woody_stems","south","Gaylussacia_baccata","25"
441,"small_woody_stems","south","Vaccinium_pallidum","6"
441,"medium_woody_stems","south","Kalmia_latifolia","3"
441,"medium_woody_stems","south","Gaylussacia_baccata","10"
441,"medium_woody_stems","south","Vaccinium_pallidum","0"
441,"large_woody_stems","south","Kalmia_latifolia","4"
441,"large_woody_stems","south","Gaylussacia_baccata","1"
441,"large_woody_stems","south","Vaccinium_pallidum","0"
442,"basalarea","none","Acer_rubrum","1"
442,"basalarea","none","Nyssa_sylvatica","5"
442,"basalarea","none","Quercus_montana","4"
442,"snag","none","snag","4"
442,"basalarea_edge","none","nodata","6"
442,"small_woody_stems","north","Gaylussacia_baccata","23"
442,"small_woody_stems","north","Vaccinium_pallidum","5"
442,"small_woody_stems","north","Acer_rubrum","0"
442,"medium_woody_stems","north","Gaylussacia_baccata","15"
442,"medium_woody_stems","north","Vaccinium_pallidum","0"
442,"medium_woody_stems","north","Acer_rubrum","0"
442,"large_woody_stems","north","Gaylussacia_baccata","0"
442,"large_woody_stems","north","Vaccinium_pallidum","0"
442,"large_woody_stems","north","Acer_rubrum","1"
442,"small_woody_stems","south","Gaylussacia_baccata","42"
442,"small_woody_stems","south","Vaccinium_pallidum","3"
442,"small_woody_stems","south","Acer_rubrum","0"
442,"medium_woody_stems","south","Gaylussacia_baccata","2"
442,"medium_woody_stems","south","Vaccinium_pallidum","0"
442,"medium_woody_stems","south","Acer_rubrum","0"
442,"large_woody_stems","south","Gaylussacia_baccata","0"
442,"large_woody_stems","south","Vaccinium_pallidum","0"
442,"large_woody_stems","south","Acer_rubrum","0"
443,"basalarea","none","Quercus_velutina","3"
443,"basalarea","none","Nyssa_sylvatica","1"
443,"basalarea","none","Quercus_montana","1"
443,"snag","none","snag","8"
443,"basalarea_edge","none","nodata","0"
443,"small_woody_stems","north","Gaylussacia_baccata","30"
443,"small_woody_stems","north","Vaccinium_pallidum","16"
443,"small_woody_stems","north","Kalmia_latifolia","0"
443,"small_woody_stems","north","Gaylussacia_frondosa","3"
443,"small_woody_stems","north","Vaccinium_angustifolium","0"
443,"medium_woody_stems","north","Gaylussacia_baccata","1"
443,"medium_woody_stems","north","Vaccinium_pallidum","3"
443,"medium_woody_stems","north","Kalmia_latifolia","0"
443,"medium_woody_stems","north","Gaylussacia_frondosa","0"
443,"medium_woody_stems","north","Vaccinium_angustifolium","0"
443,"large_woody_stems","north","Gaylussacia_baccata","0"
443,"large_woody_stems","north","Vaccinium_pallidum","0"
443,"large_woody_stems","north","Kalmia_latifolia","1"
443,"large_woody_stems","north","Gaylussacia_frondosa","0"
443,"large_woody_stems","north","Vaccinium_angustifolium","0"
443,"small_woody_stems","south","Gaylussacia_baccata","16"
443,"small_woody_stems","south","Vaccinium_pallidum","5"
443,"small_woody_stems","south","Kalmia_latifolia","2"
443,"small_woody_stems","south","Gaylussacia_frondosa","2"
443,"small_woody_stems","south","Vaccinium_angustifolium","14"
443,"medium_woody_stems","south","Gaylussacia_baccata","2"
443,"medium_woody_stems","south","Vaccinium_pallidum","1"
443,"medium_woody_stems","south","Kalmia_latifolia","1"
443,"medium_woody_stems","south","Gaylussacia_frondosa","0"
443,"medium_woody_stems","south","Vaccinium_angustifolium","0"
443,"large_woody_stems","south","Gaylussacia_baccata","0"
443,"large_woody_stems","south","Vaccinium_pallidum","0"
443,"large_woody_stems","south","Kalmia_latifolia","8"
443,"large_woody_stems","south","Gaylussacia_frondosa","0"
443,"large_woody_stems","south","Vaccinium_angustifolium","0"
444,"basalarea","none","Pinus_rigida","1"
444,"basalarea","none","Acer_rubrum","1"
444,"basalarea","none","Quercus_montana","2"
444,"basalarea","none","Nyssa_sylvatica","1"
444,"snag","none","snag","4"
444,"basalarea_edge","none","nodata","3"
444,"small_woody_stems","north","Kalmia_latifolia","2"
444,"small_woody_stems","north","Gaylussacia_baccata","32"
444,"small_woody_stems","north","Nyssa_sylvatica","0"
444,"medium_woody_stems","north","Kalmia_latifolia","3"
444,"medium_woody_stems","north","Gaylussacia_baccata","1"
444,"medium_woody_stems","north","Nyssa_sylvatica","0"
444,"large_woody_stems","north","Kalmia_latifolia","3"
444,"large_woody_stems","north","Gaylussacia_baccata","0"
444,"large_woody_stems","north","Nyssa_sylvatica","0"
444,"small_woody_stems","south","Kalmia_latifolia","1"
444,"small_woody_stems","south","Gaylussacia_baccata","36"
444,"small_woody_stems","south","Nyssa_sylvatica","0"
444,"medium_woody_stems","south","Kalmia_latifolia","4"
444,"medium_woody_stems","south","Gaylussacia_baccata","2"
444,"medium_woody_stems","south","Nyssa_sylvatica","0"
444,"large_woody_stems","south","Kalmia_latifolia","0"
444,"large_woody_stems","south","Gaylussacia_baccata","0"
444,"large_woody_stems","south","Nyssa_sylvatica","3"
445,"basalarea","none","Acer_rubrum","5"
445,"basalarea","none","Quercus_montana","1"
445,"snag","none","snag","7"
445,"basalarea_edge","none","nodata","2"
445,"small_woody_stems","north","Gaylussacia_baccata","39"
445,"small_woody_stems","north","Vaccinium_pallidum","17"
445,"small_woody_stems","north","Kalmia_latifolia","0"
445,"medium_woody_stems","north","Gaylussacia_baccata","9"
445,"medium_woody_stems","north","Vaccinium_pallidum","0"
445,"medium_woody_stems","north","Kalmia_latifolia","1"
445,"large_woody_stems","north","Gaylussacia_baccata","0"
445,"large_woody_stems","north","Vaccinium_pallidum","0"
445,"large_woody_stems","north","Kalmia_latifolia","1"
445,"small_woody_stems","south","Gaylussacia_baccata","34"
445,"small_woody_stems","south","Vaccinium_pallidum","7"
445,"small_woody_stems","south","Kalmia_latifolia","1"
445,"medium_woody_stems","south","Gaylussacia_baccata","8"
445,"medium_woody_stems","south","Vaccinium_pallidum","0"
445,"medium_woody_stems","south","Kalmia_latifolia","0"
445,"large_woody_stems","south","Gaylussacia_baccata","0"
445,"large_woody_stems","south","Vaccinium_pallidum","0"
445,"large_woody_stems","south","Kalmia_latifolia","2"
446,"basalarea","none","Quercus_montana","4"
446,"basalarea","none","Nyssa_sylvatica","4"
446,"basalarea","none","Acer_rubrum","1"
446,"snag","none","snag","2"
446,"basalarea_edge","none","nodata","3"
446,"small_woody_stems","north","Kalmia_latifolia","1"
446,"small_woody_stems","north","Vaccinium_pallidum","14"
446,"small_woody_stems","north","Acer_rubrum","0"
446,"medium_woody_stems","north","Kalmia_latifolia","2"
446,"medium_woody_stems","north","Vaccinium_pallidum","0"
446,"medium_woody_stems","north","Acer_rubrum","0"
446,"large_woody_stems","north","Kalmia_latifolia","6"
446,"large_woody_stems","north","Vaccinium_pallidum","0"
446,"large_woody_stems","north","Acer_rubrum","1"
446,"small_woody_stems","south","Kalmia_latifolia","8"
446,"small_woody_stems","south","Vaccinium_pallidum","13"
446,"small_woody_stems","south","Acer_rubrum","0"
446,"medium_woody_stems","south","Kalmia_latifolia","2"
446,"medium_woody_stems","south","Vaccinium_pallidum","1"
446,"medium_woody_stems","south","Acer_rubrum","0"
446,"large_woody_stems","south","Kalmia_latifolia","8"
446,"large_woody_stems","south","Vaccinium_pallidum","0"
446,"large_woody_stems","south","Acer_rubrum","4"
447,"basalarea","none","Nyssa_sylvatica","3"
447,"basalarea","none","Quercus_montana","2"
447,"basalarea","none","Quercus_rubra","1"
447,"snag","none","snag","5"
447,"basalarea_edge","none","nodata","0"
447,"small_woody_stems","north","Gaylussacia_baccata","23"
447,"small_woody_stems","north","Kalmia_latifolia","4"
447,"small_woody_stems","north","Vaccinium_pallidum","4"
447,"small_woody_stems","north","Smilax_rotundifolia","1"
447,"small_woody_stems","north","Pinus_rigida","0"
447,"medium_woody_stems","north","Gaylussacia_baccata","1"
447,"medium_woody_stems","north","Kalmia_latifolia","9"
447,"medium_woody_stems","north","Vaccinium_pallidum","0"
447,"medium_woody_stems","north","Smilax_rotundifolia","0"
447,"medium_woody_stems","north","Pinus_rigida","1"
447,"large_woody_stems","north","Gaylussacia_baccata","0"
447,"large_woody_stems","north","Kalmia_latifolia","3"
447,"large_woody_stems","north","Vaccinium_pallidum","0"
447,"large_woody_stems","north","Smilax_rotundifolia","0"
447,"large_woody_stems","north","Pinus_rigida","0"
447,"small_woody_stems","south","Gaylussacia_baccata","11"
447,"small_woody_stems","south","Kalmia_latifolia","7"
447,"small_woody_stems","south","Vaccinium_pallidum","14"
447,"small_woody_stems","south","Smilax_rotundifolia","0"
447,"small_woody_stems","south","Pinus_rigida","0"
447,"medium_woody_stems","south","Gaylussacia_baccata","0"
447,"medium_woody_stems","south","Kalmia_latifolia","8"
447,"medium_woody_stems","south","Vaccinium_pallidum","0"
447,"medium_woody_stems","south","Smilax_rotundifolia","0"
447,"medium_woody_stems","south","Pinus_rigida","0"
447,"large_woody_stems","south","Gaylussacia_baccata","0"
447,"large_woody_stems","south","Kalmia_latifolia","3"
447,"large_woody_stems","south","Vaccinium_pallidum","0"
447,"large_woody_stems","south","Smilax_rotundifolia","0"
447,"large_woody_stems","south","Pinus_rigida","0"
448,"basalarea","none","Nyssa_sylvatica","3"
448,"basalarea","none","Acer_rubrum","2"
448,"snag","none","snag","6"
448,"basalarea_edge","none","nodata","2"
448,"small_woody_stems","north","Kalmia_latifolia","4"
448,"small_woody_stems","north","Vaccinium_pallidum","6"
448,"small_woody_stems","north","Gaylussacia_frondosa","4"
448,"small_woody_stems","north","Nyssa_sylvatica","0"
448,"medium_woody_stems","north","Kalmia_latifolia","11"
448,"medium_woody_stems","north","Vaccinium_pallidum","0"
448,"medium_woody_stems","north","Gaylussacia_frondosa","0"
448,"medium_woody_stems","north","Nyssa_sylvatica","0"
448,"large_woody_stems","north","Kalmia_latifolia","5"
448,"large_woody_stems","north","Vaccinium_pallidum","0"
448,"large_woody_stems","north","Gaylussacia_frondosa","0"
448,"large_woody_stems","north","Nyssa_sylvatica","0"
448,"small_woody_stems","south","Kalmia_latifolia","4"
448,"small_woody_stems","south","Vaccinium_pallidum","5"
448,"small_woody_stems","south","Gaylussacia_frondosa","13"
448,"small_woody_stems","south","Nyssa_sylvatica","0"
448,"medium_woody_stems","south","Kalmia_latifolia","5"
448,"medium_woody_stems","south","Vaccinium_pallidum","0"
448,"medium_woody_stems","south","Gaylussacia_frondosa","9"
448,"medium_woody_stems","south","Nyssa_sylvatica","0"
448,"large_woody_stems","south","Kalmia_latifolia","5"
448,"large_woody_stems","south","Vaccinium_pallidum","0"
448,"large_woody_stems","south","Gaylussacia_frondosa","0"
448,"large_woody_stems","south","Nyssa_sylvatica","1"
449,"basalarea","none","Amelanchier_spp","2"
449,"basalarea","none","Nyssa_sylvatica","4"
449,"snag","none","snag","7"
449,"basalarea_edge","none","nodata","1"
449,"small_woody_stems","north","Kalmia_latifolia","5"
449,"small_woody_stems","north","Pinus_strobus","0"
449,"small_woody_stems","north","Vaccinium_pallidum","4"
449,"small_woody_stems","north","Pinus_rigida","3"
449,"small_woody_stems","north","Gaylussacia_baccata","2"
449,"small_woody_stems","north","Gaylussacia_frondosa","0"
449,"small_woody_stems","north","Nyssa_sylvatica","0"
449,"small_woody_stems","north","Amelanchier_spp","0"
449,"small_woody_stems","north","Acer_rubrum","0"
449,"medium_woody_stems","north","Kalmia_latifolia","4"
449,"medium_woody_stems","north","Pinus_strobus","1"
449,"medium_woody_stems","north","Vaccinium_pallidum","0"
449,"medium_woody_stems","north","Pinus_rigida","1"
449,"medium_woody_stems","north","Gaylussacia_baccata","0"
449,"medium_woody_stems","north","Gaylussacia_frondosa","0"
449,"medium_woody_stems","north","Nyssa_sylvatica","0"
449,"medium_woody_stems","north","Amelanchier_spp","0"
449,"medium_woody_stems","north","Acer_rubrum","0"
449,"large_woody_stems","north","Kalmia_latifolia","10"
449,"large_woody_stems","north","Pinus_strobus","0"
449,"large_woody_stems","north","Vaccinium_pallidum","0"
449,"large_woody_stems","north","Pinus_rigida","0"
449,"large_woody_stems","north","Gaylussacia_baccata","0"
449,"large_woody_stems","north","Gaylussacia_frondosa","0"
449,"large_woody_stems","north","Nyssa_sylvatica","0"
449,"large_woody_stems","north","Amelanchier_spp","0"
449,"large_woody_stems","north","Acer_rubrum","0"
449,"small_woody_stems","south","Kalmia_latifolia","5"
449,"small_woody_stems","south","Pinus_strobus","2"
449,"small_woody_stems","south","Vaccinium_pallidum","10"
449,"small_woody_stems","south","Pinus_rigida","0"
449,"small_woody_stems","south","Gaylussacia_baccata","4"
449,"small_woody_stems","south","Gaylussacia_frondosa","12"
449,"small_woody_stems","south","Nyssa_sylvatica","0"
449,"small_woody_stems","south","Amelanchier_spp","1"
449,"small_woody_stems","south","Acer_rubrum","1"
449,"medium_woody_stems","south","Kalmia_latifolia","0"
449,"medium_woody_stems","south","Pinus_strobus","0"
449,"medium_woody_stems","south","Vaccinium_pallidum","1"
449,"medium_woody_stems","south","Pinus_rigida","0"
449,"medium_woody_stems","south","Gaylussacia_baccata","1"
449,"medium_woody_stems","south","Gaylussacia_frondosa","4"
449,"medium_woody_stems","south","Nyssa_sylvatica","0"
449,"medium_woody_stems","south","Amelanchier_spp","0"
449,"medium_woody_stems","south","Acer_rubrum","0"
449,"large_woody_stems","south","Kalmia_latifolia","9"
449,"large_woody_stems","south","Pinus_strobus","0"
449,"large_woody_stems","south","Vaccinium_pallidum","0"
449,"large_woody_stems","south","Pinus_rigida","0"
449,"large_woody_stems","south","Gaylussacia_baccata","0"
449,"large_woody_stems","south","Gaylussacia_frondosa","0"
449,"large_woody_stems","south","Nyssa_sylvatica","2"
449,"large_woody_stems","south","Amelanchier_spp","0"
449,"large_woody_stems","south","Acer_rubrum","0"
450,"basalarea","none","Nyssa_sylvatica","5"
450,"basalarea","none","Pinus_strobus","1"
450,"basalarea","none","Acer_rubrum","1"
450,"basalarea","none","Quercus_montana","1"
450,"snag","none","snag","10"
450,"basalarea_edge","none","nodata","0"
450,"small_woody_stems","north","Kalmia_latifolia","9"
450,"small_woody_stems","north","Pinus_strobus","1"
450,"small_woody_stems","north","Nyssa_sylvatica","0"
450,"small_woody_stems","north","Amelanchier_spp","0"
450,"small_woody_stems","north","Acer_rubrum","0"
450,"small_woody_stems","north","Gaylussacia_baccata","0"
450,"small_woody_stems","north","Vaccinium_pallidum","0"
450,"medium_woody_stems","north","Kalmia_latifolia","3"
450,"medium_woody_stems","north","Pinus_strobus","0"
450,"medium_woody_stems","north","Nyssa_sylvatica","0"
450,"medium_woody_stems","north","Amelanchier_spp","0"
450,"medium_woody_stems","north","Acer_rubrum","0"
450,"medium_woody_stems","north","Gaylussacia_baccata","0"
450,"medium_woody_stems","north","Vaccinium_pallidum","0"
450,"large_woody_stems","north","Kalmia_latifolia","10"
450,"large_woody_stems","north","Pinus_strobus","1"
450,"large_woody_stems","north","Nyssa_sylvatica","0"
450,"large_woody_stems","north","Amelanchier_spp","0"
450,"large_woody_stems","north","Acer_rubrum","0"
450,"large_woody_stems","north","Gaylussacia_baccata","0"
450,"large_woody_stems","north","Vaccinium_pallidum","0"
450,"small_woody_stems","south","Kalmia_latifolia","6"
450,"small_woody_stems","south","Pinus_strobus","0"
450,"small_woody_stems","south","Nyssa_sylvatica","0"
450,"small_woody_stems","south","Amelanchier_spp","1"
450,"small_woody_stems","south","Acer_rubrum","0"
450,"small_woody_stems","south","Gaylussacia_baccata","12"
450,"small_woody_stems","south","Vaccinium_pallidum","7"
450,"medium_woody_stems","south","Kalmia_latifolia","4"
450,"medium_woody_stems","south","Pinus_strobus","0"
450,"medium_woody_stems","south","Nyssa_sylvatica","0"
450,"medium_woody_stems","south","Amelanchier_spp","0"
450,"medium_woody_stems","south","Acer_rubrum","0"
450,"medium_woody_stems","south","Gaylussacia_baccata","15"
450,"medium_woody_stems","south","Vaccinium_pallidum","1"
450,"large_woody_stems","south","Kalmia_latifolia","6"
450,"large_woody_stems","south","Pinus_strobus","0"
450,"large_woody_stems","south","Nyssa_sylvatica","1"
450,"large_woody_stems","south","Amelanchier_spp","0"
450,"large_woody_stems","south","Acer_rubrum","1"
450,"large_woody_stems","south","Gaylussacia_baccata","0"
450,"large_woody_stems","south","Vaccinium_pallidum","0"
451,"basalarea","none","Nyssa_sylvatica","3"
451,"basalarea","none","Pinus_strobus","1"
451,"basalarea","none","Pinus_rigida","1"
451,"snag","none","snag","6"
451,"basalarea_edge","none","nodata","1"
451,"small_woody_stems","north","Kalmia_latifolia","6"
451,"small_woody_stems","north","Gaylussacia_baccata","32"
451,"small_woody_stems","north","Acer_rubrum","1"
451,"small_woody_stems","north","Vaccinium_pallidum","32"
451,"small_woody_stems","north","Smilax_rotundifolia","0"
451,"small_woody_stems","north","Amelanchier_spp","2"
451,"small_woody_stems","north","Pinus_rigida","1"
451,"medium_woody_stems","north","Kalmia_latifolia","10"
451,"medium_woody_stems","north","Gaylussacia_baccata","0"
451,"medium_woody_stems","north","Acer_rubrum","1"
451,"medium_woody_stems","north","Vaccinium_pallidum","1"
451,"medium_woody_stems","north","Smilax_rotundifolia","1"
451,"medium_woody_stems","north","Amelanchier_spp","0"
451,"medium_woody_stems","north","Pinus_rigida","0"
451,"large_woody_stems","north","Kalmia_latifolia","1"
451,"large_woody_stems","north","Gaylussacia_baccata","0"
451,"large_woody_stems","north","Acer_rubrum","0"
451,"large_woody_stems","north","Vaccinium_pallidum","0"
451,"large_woody_stems","north","Smilax_rotundifolia","0"
451,"large_woody_stems","north","Amelanchier_spp","0"
451,"large_woody_stems","north","Pinus_rigida","0"
451,"small_woody_stems","south","Kalmia_latifolia","9"
451,"small_woody_stems","south","Gaylussacia_baccata","6"
451,"small_woody_stems","south","Acer_rubrum","0"
451,"small_woody_stems","south","Vaccinium_pallidum","13"
451,"small_woody_stems","south","Smilax_rotundifolia","1"
451,"small_woody_stems","south","Amelanchier_spp","0"
451,"small_woody_stems","south","Pinus_rigida","0"
451,"medium_woody_stems","south","Kalmia_latifolia","6"
451,"medium_woody_stems","south","Gaylussacia_baccata","0"
451,"medium_woody_stems","south","Acer_rubrum","0"
451,"medium_woody_stems","south","Vaccinium_pallidum","0"
451,"medium_woody_stems","south","Smilax_rotundifolia","2"
451,"medium_woody_stems","south","Amelanchier_spp","0"
451,"medium_woody_stems","south","Pinus_rigida","0"
451,"large_woody_stems","south","Kalmia_latifolia","9"
451,"large_woody_stems","south","Gaylussacia_baccata","0"
451,"large_woody_stems","south","Acer_rubrum","0"
451,"large_woody_stems","south","Vaccinium_pallidum","0"
451,"large_woody_stems","south","Smilax_rotundifolia","2"
451,"large_woody_stems","south","Amelanchier_spp","0"
451,"large_woody_stems","south","Pinus_rigida","0"
452,"basalarea","none","Nyssa_sylvatica","9"
452,"basalarea","none","Quercus_montana","1"
452,"basalarea","none","Pinus_rigida","1"
452,"snag","none","snag","4"
452,"basalarea_edge","none","nodata","3"
452,"small_woody_stems","north","Kalmia_latifolia","5"
452,"small_woody_stems","north","Gaylussacia_baccata","2"
452,"small_woody_stems","north","Gaylussacia_frondosa","0"
452,"small_woody_stems","north","Vaccinium_pallidum","21"
452,"medium_woody_stems","north","Kalmia_latifolia","2"
452,"medium_woody_stems","north","Gaylussacia_baccata","1"
452,"medium_woody_stems","north","Gaylussacia_frondosa","0"
452,"medium_woody_stems","north","Vaccinium_pallidum","0"
452,"large_woody_stems","north","Kalmia_latifolia","7"
452,"large_woody_stems","north","Gaylussacia_baccata","0"
452,"large_woody_stems","north","Gaylussacia_frondosa","0"
452,"large_woody_stems","north","Vaccinium_pallidum","0"
452,"small_woody_stems","south","Kalmia_latifolia","3"
452,"small_woody_stems","south","Gaylussacia_baccata","2"
452,"small_woody_stems","south","Gaylussacia_frondosa","6"
452,"small_woody_stems","south","Vaccinium_pallidum","20"
452,"medium_woody_stems","south","Kalmia_latifolia","4"
452,"medium_woody_stems","south","Gaylussacia_baccata","1"
452,"medium_woody_stems","south","Gaylussacia_frondosa","3"
452,"medium_woody_stems","south","Vaccinium_pallidum","0"
452,"large_woody_stems","south","Kalmia_latifolia","1"
452,"large_woody_stems","south","Gaylussacia_baccata","0"
452,"large_woody_stems","south","Gaylussacia_frondosa","0"
452,"large_woody_stems","south","Vaccinium_pallidum","0"
453,"basalarea","none","Nyssa_sylvatica","1"
453,"basalarea","none","Acer_rubrum","1"
453,"snag","none","snag","6"
453,"basalarea_edge","none","nodata","0"
453,"small_woody_stems","north","Kalmia_latifolia","9"
453,"small_woody_stems","north","Gaylussacia_baccata","13"
453,"small_woody_stems","north","Smilax_rotundifolia","1"
453,"small_woody_stems","north","Vaccinium_pallidum","9"
453,"medium_woody_stems","north","Kalmia_latifolia","7"
453,"medium_woody_stems","north","Gaylussacia_baccata","0"
453,"medium_woody_stems","north","Smilax_rotundifolia","0"
453,"medium_woody_stems","north","Vaccinium_pallidum","0"
453,"large_woody_stems","north","Kalmia_latifolia","6"
453,"large_woody_stems","north","Gaylussacia_baccata","0"
453,"large_woody_stems","north","Smilax_rotundifolia","7"
453,"large_woody_stems","north","Vaccinium_pallidum","0"
453,"small_woody_stems","south","Kalmia_latifolia","7"
453,"small_woody_stems","south","Gaylussacia_baccata","6"
453,"small_woody_stems","south","Smilax_rotundifolia","0"
453,"small_woody_stems","south","Vaccinium_pallidum","0"
453,"medium_woody_stems","south","Kalmia_latifolia","3"
453,"medium_woody_stems","south","Gaylussacia_baccata","0"
453,"medium_woody_stems","south","Smilax_rotundifolia","0"
453,"medium_woody_stems","south","Vaccinium_pallidum","0"
453,"large_woody_stems","south","Kalmia_latifolia","13"
453,"large_woody_stems","south","Gaylussacia_baccata","0"
453,"large_woody_stems","south","Smilax_rotundifolia","0"
453,"large_woody_stems","south","Vaccinium_pallidum","0"
454,"basalarea","none","Nyssa_sylvatica","5"
454,"snag","none","snag","0"
454,"basalarea_edge","none","nodata","1"
454,"small_woody_stems","north","Gaylussacia_baccata","31"
454,"small_woody_stems","north","Kalmia_latifolia","4"
454,"small_woody_stems","north","Acer_rubrum","1"
454,"small_woody_stems","north","Quercus_ilicifolia","0"
454,"medium_woody_stems","north","Gaylussacia_baccata","20"
454,"medium_woody_stems","north","Kalmia_latifolia","8"
454,"medium_woody_stems","north","Acer_rubrum","0"
454,"medium_woody_stems","north","Quercus_ilicifolia","0"
454,"large_woody_stems","north","Gaylussacia_baccata","0"
454,"large_woody_stems","north","Kalmia_latifolia","3"
454,"large_woody_stems","north","Acer_rubrum","0"
454,"large_woody_stems","north","Quercus_ilicifolia","0"
454,"small_woody_stems","south","Gaylussacia_baccata","24"
454,"small_woody_stems","south","Kalmia_latifolia","8"
454,"small_woody_stems","south","Acer_rubrum","0"
454,"small_woody_stems","south","Quercus_ilicifolia","0"
454,"medium_woody_stems","south","Gaylussacia_baccata","15"
454,"medium_woody_stems","south","Kalmia_latifolia","6"
454,"medium_woody_stems","south","Acer_rubrum","0"
454,"medium_woody_stems","south","Quercus_ilicifolia","0"
454,"large_woody_stems","south","Gaylussacia_baccata","0"
454,"large_woody_stems","south","Kalmia_latifolia","6"
454,"large_woody_stems","south","Acer_rubrum","0"
454,"large_woody_stems","south","Quercus_ilicifolia","1"
455,"basalarea","none","Nyssa_sylvatica","5"
455,"basalarea","none","Pinus_rigida","5"
455,"snag","none","snag","0"
455,"basalarea_edge","none","nodata","10"
455,"small_woody_stems","north","Kalmia_latifolia","8"
455,"small_woody_stems","north","Vaccinium_pallidum","3"
455,"small_woody_stems","north","Gaylussacia_baccata","0"
455,"medium_woody_stems","north","Kalmia_latifolia","8"
455,"medium_woody_stems","north","Vaccinium_pallidum","0"
455,"medium_woody_stems","north","Gaylussacia_baccata","0"
455,"large_woody_stems","north","Kalmia_latifolia","6"
455,"large_woody_stems","north","Vaccinium_pallidum","0"
455,"large_woody_stems","north","Gaylussacia_baccata","0"
455,"small_woody_stems","south","Kalmia_latifolia","16"
455,"small_woody_stems","south","Vaccinium_pallidum","0"
455,"small_woody_stems","south","Gaylussacia_baccata","3"
455,"medium_woody_stems","south","Kalmia_latifolia","6"
455,"medium_woody_stems","south","Vaccinium_pallidum","0"
455,"medium_woody_stems","south","Gaylussacia_baccata","0"
455,"large_woody_stems","south","Kalmia_latifolia","6"
455,"large_woody_stems","south","Vaccinium_pallidum","0"
455,"large_woody_stems","south","Gaylussacia_baccata","0"
456,"basalarea","none","Quercus_montana","1"
456,"basalarea","none","Pinus_rigida","1"
456,"basalarea","none","Acer_rubrum","1"
456,"snag","none","snag","0"
456,"basalarea_edge","none","nodata","1"
456,"small_woody_stems","north","Gaylussacia_baccata","5"
456,"small_woody_stems","north","Kalmia_latifolia","0"
456,"small_woody_stems","north","Vaccinium_pallidum","3"
456,"small_woody_stems","north","Quercus_montana","0"
456,"small_woody_stems","north","Nyssa_sylvatica","0"
456,"small_woody_stems","north","Acer_rubrum","0"
456,"small_woody_stems","north","Pinus_rigida","0"
456,"small_woody_stems","north","Smilax_rotundifolia","0"
456,"small_woody_stems","north","Sassafras_albidum","0"
456,"medium_woody_stems","north","Gaylussacia_baccata","0"
456,"medium_woody_stems","north","Kalmia_latifolia","3"
456,"medium_woody_stems","north","Vaccinium_pallidum","0"
456,"medium_woody_stems","north","Quercus_montana","0"
456,"medium_woody_stems","north","Nyssa_sylvatica","0"
456,"medium_woody_stems","north","Acer_rubrum","0"
456,"medium_woody_stems","north","Pinus_rigida","0"
456,"medium_woody_stems","north","Smilax_rotundifolia","0"
456,"medium_woody_stems","north","Sassafras_albidum","0"
456,"large_woody_stems","north","Gaylussacia_baccata","0"
456,"large_woody_stems","north","Kalmia_latifolia","4"
456,"large_woody_stems","north","Vaccinium_pallidum","0"
456,"large_woody_stems","north","Quercus_montana","4"
456,"large_woody_stems","north","Nyssa_sylvatica","10"
456,"large_woody_stems","north","Acer_rubrum","3"
456,"large_woody_stems","north","Pinus_rigida","12"
456,"large_woody_stems","north","Smilax_rotundifolia","0"
456,"large_woody_stems","north","Sassafras_albidum","0"
456,"small_woody_stems","south","Gaylussacia_baccata","26"
456,"small_woody_stems","south","Kalmia_latifolia","1"
456,"small_woody_stems","south","Vaccinium_pallidum","0"
456,"small_woody_stems","south","Quercus_montana","0"
456,"small_woody_stems","south","Nyssa_sylvatica","0"
456,"small_woody_stems","south","Acer_rubrum","0"
456,"small_woody_stems","south","Pinus_rigida","0"
456,"small_woody_stems","south","Smilax_rotundifolia","1"
456,"small_woody_stems","south","Sassafras_albidum","0"
456,"medium_woody_stems","south","Gaylussacia_baccata","2"
456,"medium_woody_stems","south","Kalmia_latifolia","4"
456,"medium_woody_stems","south","Vaccinium_pallidum","0"
456,"medium_woody_stems","south","Quercus_montana","0"
456,"medium_woody_stems","south","Nyssa_sylvatica","0"
456,"medium_woody_stems","south","Acer_rubrum","0"
456,"medium_woody_stems","south","Pinus_rigida","0"
456,"medium_woody_stems","south","Smilax_rotundifolia","0"
456,"medium_woody_stems","south","Sassafras_albidum","0"
456,"large_woody_stems","south","Gaylussacia_baccata","0"
456,"large_woody_stems","south","Kalmia_latifolia","3"
456,"large_woody_stems","south","Vaccinium_pallidum","0"
456,"large_woody_stems","south","Quercus_montana","0"
456,"large_woody_stems","south","Nyssa_sylvatica","0"
456,"large_woody_stems","south","Acer_rubrum","0"
456,"large_woody_stems","south","Pinus_rigida","1"
456,"large_woody_stems","south","Smilax_rotundifolia","1"
456,"large_woody_stems","south","Sassafras_albidum","1"
457,"basalarea","none","Acer_rubrum","1"
457,"basalarea","none","Nyssa_sylvatica","1"
457,"basalarea","none","Quercus_montana","0"
457,"snag","none","snag","4"
457,"basalarea_edge","none","nodata","8"
457,"small_woody_stems","north","Kalmia_latifolia","7"
457,"small_woody_stems","north","Gaylussacia_baccata","10"
457,"small_woody_stems","north","Smilax_rotundifolia","0"
457,"small_woody_stems","north","Gaylussacia_frondosa","0"
457,"small_woody_stems","north","Vaccinium_pallidum","0"
457,"medium_woody_stems","north","Kalmia_latifolia","4"
457,"medium_woody_stems","north","Gaylussacia_baccata","2"
457,"medium_woody_stems","north","Smilax_rotundifolia","0"
457,"medium_woody_stems","north","Gaylussacia_frondosa","0"
457,"medium_woody_stems","north","Vaccinium_pallidum","0"
457,"large_woody_stems","north","Kalmia_latifolia","13"
457,"large_woody_stems","north","Gaylussacia_baccata","0"
457,"large_woody_stems","north","Smilax_rotundifolia","1"
457,"large_woody_stems","north","Gaylussacia_frondosa","0"
457,"large_woody_stems","north","Vaccinium_pallidum","0"
457,"small_woody_stems","south","Kalmia_latifolia","7"
457,"small_woody_stems","south","Gaylussacia_baccata","15"
457,"small_woody_stems","south","Smilax_rotundifolia","0"
457,"small_woody_stems","south","Gaylussacia_frondosa","11"
457,"small_woody_stems","south","Vaccinium_pallidum","4"
457,"medium_woody_stems","south","Kalmia_latifolia","4"
457,"medium_woody_stems","south","Gaylussacia_baccata","0"
457,"medium_woody_stems","south","Smilax_rotundifolia","0"
457,"medium_woody_stems","south","Gaylussacia_frondosa","1"
457,"medium_woody_stems","south","Vaccinium_pallidum","2"
457,"large_woody_stems","south","Kalmia_latifolia","11"
457,"large_woody_stems","south","Gaylussacia_baccata","0"
457,"large_woody_stems","south","Smilax_rotundifolia","0"
457,"large_woody_stems","south","Gaylussacia_frondosa","0"
457,"large_woody_stems","south","Vaccinium_pallidum","0"
458,"basalarea","none","Nyssa_sylvatica","2"
458,"basalarea","none","Pinus_rigida","9"
458,"basalarea","none","Acer_rubrum","1"
458,"snag","none","snag","1"
458,"basalarea_edge","none","nodata","3"
458,"small_woody_stems","north","Kalmia_latifolia","1"
458,"small_woody_stems","north","Gaylussacia_frondosa","18"
458,"small_woody_stems","north","Smilax_rotundifolia","1"
458,"small_woody_stems","north","Gaylussacia_baccata","1"
458,"small_woody_stems","north","Vaccinium_pallidum","1"
458,"medium_woody_stems","north","Kalmia_latifolia","2"
458,"medium_woody_stems","north","Gaylussacia_frondosa","12"
458,"medium_woody_stems","north","Smilax_rotundifolia","2"
458,"medium_woody_stems","north","Gaylussacia_baccata","0"
458,"medium_woody_stems","north","Vaccinium_pallidum","0"
458,"large_woody_stems","north","Kalmia_latifolia","6"
458,"large_woody_stems","north","Gaylussacia_frondosa","0"
458,"large_woody_stems","north","Smilax_rotundifolia","0"
458,"large_woody_stems","north","Gaylussacia_baccata","0"
458,"large_woody_stems","north","Vaccinium_pallidum","0"
458,"small_woody_stems","south","Kalmia_latifolia","2"
458,"small_woody_stems","south","Gaylussacia_frondosa","36"
458,"small_woody_stems","south","Smilax_rotundifolia","0"
458,"small_woody_stems","south","Gaylussacia_baccata","1"
458,"small_woody_stems","south","Vaccinium_pallidum","10"
458,"medium_woody_stems","south","Kalmia_latifolia","0"
458,"medium_woody_stems","south","Gaylussacia_frondosa","7"
458,"medium_woody_stems","south","Smilax_rotundifolia","0"
458,"medium_woody_stems","south","Gaylussacia_baccata","0"
458,"medium_woody_stems","south","Vaccinium_pallidum","0"
458,"large_woody_stems","south","Kalmia_latifolia","4"
458,"large_woody_stems","south","Gaylussacia_frondosa","0"
458,"large_woody_stems","south","Smilax_rotundifolia","0"
458,"large_woody_stems","south","Gaylussacia_baccata","0"
458,"large_woody_stems","south","Vaccinium_pallidum","0"
459,"basalarea","none","Acer_rubrum","1"
459,"basalarea","none","Pinus_strobus","1"
459,"basalarea","none","Nyssa_sylvatica","3"
459,"basalarea","none","Quercus_montana","2"
459,"snag","none","snag","4"
459,"basalarea_edge","none","nodata","5"
459,"small_woody_stems","north","Kalmia_latifolia","4"
459,"small_woody_stems","north","Acer_rubrum","0"
459,"small_woody_stems","north","Vaccinium_pallidum","10"
459,"small_woody_stems","north","Gaylussacia_baccata","4"
459,"small_woody_stems","north","Rubus_allegheniensis","2"
459,"small_woody_stems","north","Pinus_strobus","0"
459,"small_woody_stems","north","Smilax_rotundifolia","0"
459,"medium_woody_stems","north","Kalmia_latifolia","6"
459,"medium_woody_stems","north","Acer_rubrum","0"
459,"medium_woody_stems","north","Vaccinium_pallidum","0"
459,"medium_woody_stems","north","Gaylussacia_baccata","0"
459,"medium_woody_stems","north","Rubus_allegheniensis","0"
459,"medium_woody_stems","north","Pinus_strobus","0"
459,"medium_woody_stems","north","Smilax_rotundifolia","0"
459,"large_woody_stems","north","Kalmia_latifolia","7"
459,"large_woody_stems","north","Acer_rubrum","3"
459,"large_woody_stems","north","Vaccinium_pallidum","0"
459,"large_woody_stems","north","Gaylussacia_baccata","0"
459,"large_woody_stems","north","Rubus_allegheniensis","0"
459,"large_woody_stems","north","Pinus_strobus","0"
459,"large_woody_stems","north","Smilax_rotundifolia","0"
459,"small_woody_stems","south","Kalmia_latifolia","1"
459,"small_woody_stems","south","Acer_rubrum","0"
459,"small_woody_stems","south","Vaccinium_pallidum","6"
459,"small_woody_stems","south","Gaylussacia_baccata","0"
459,"small_woody_stems","south","Rubus_allegheniensis","0"
459,"small_woody_stems","south","Pinus_strobus","0"
459,"small_woody_stems","south","Smilax_rotundifolia","0"
459,"medium_woody_stems","south","Kalmia_latifolia","4"
459,"medium_woody_stems","south","Acer_rubrum","0"
459,"medium_woody_stems","south","Vaccinium_pallidum","0"
459,"medium_woody_stems","south","Gaylussacia_baccata","0"
459,"medium_woody_stems","south","Rubus_allegheniensis","0"
459,"medium_woody_stems","south","Pinus_strobus","1"
459,"medium_woody_stems","south","Smilax_rotundifolia","1"
459,"large_woody_stems","south","Kalmia_latifolia","6"
459,"large_woody_stems","south","Acer_rubrum","2"
459,"large_woody_stems","south","Vaccinium_pallidum","0"
459,"large_woody_stems","south","Gaylussacia_baccata","0"
459,"large_woody_stems","south","Rubus_allegheniensis","0"
459,"large_woody_stems","south","Pinus_strobus","0"
459,"large_woody_stems","south","Smilax_rotundifolia","4"
460,"basalarea","none","Acer_rubrum","3"
460,"basalarea","none","Nyssa_sylvatica","3"
460,"basalarea","none","Pinus_strobus","0"
460,"snag","none","snag","3"
460,"basalarea_edge","none","nodata","6"
460,"small_woody_stems","north","Kalmia_latifolia","2"
460,"small_woody_stems","north","Vaccinium_pallidum","5"
460,"small_woody_stems","north","Pinus_strobus","0"
460,"small_woody_stems","north","Smilax_rotundifolia","0"
460,"small_woody_stems","north","Gaylussacia_baccata","0"
460,"medium_woody_stems","north","Kalmia_latifolia","3"
460,"medium_woody_stems","north","Vaccinium_pallidum","0"
460,"medium_woody_stems","north","Pinus_strobus","1"
460,"medium_woody_stems","north","Smilax_rotundifolia","1"
460,"medium_woody_stems","north","Gaylussacia_baccata","0"
460,"large_woody_stems","north","Kalmia_latifolia","10"
460,"large_woody_stems","north","Vaccinium_pallidum","0"
460,"large_woody_stems","north","Pinus_strobus","0"
460,"large_woody_stems","north","Smilax_rotundifolia","0"
460,"large_woody_stems","north","Gaylussacia_baccata","0"
460,"small_woody_stems","south","Kalmia_latifolia","3"
460,"small_woody_stems","south","Vaccinium_pallidum","4"
460,"small_woody_stems","south","Pinus_strobus","0"
460,"small_woody_stems","south","Smilax_rotundifolia","0"
460,"small_woody_stems","south","Gaylussacia_baccata","18"
460,"medium_woody_stems","south","Kalmia_latifolia","3"
460,"medium_woody_stems","south","Vaccinium_pallidum","3"
460,"medium_woody_stems","south","Pinus_strobus","0"
460,"medium_woody_stems","south","Smilax_rotundifolia","0"
460,"medium_woody_stems","south","Gaylussacia_baccata","1"
460,"large_woody_stems","south","Kalmia_latifolia","10"
460,"large_woody_stems","south","Vaccinium_pallidum","0"
460,"large_woody_stems","south","Pinus_strobus","1"
460,"large_woody_stems","south","Smilax_rotundifolia","5"
460,"large_woody_stems","south","Gaylussacia_baccata","0"
461,"basalarea","none","Nyssa_sylvatica","4"
461,"basalarea","none","Acer_rubrum","2"
461,"snag","none","snag","4"
461,"basalarea_edge","none","nodata","6"
461,"small_woody_stems","north","Kalmia_latifolia","4"
461,"small_woody_stems","north","Gaylussacia_frondosa","17"
461,"small_woody_stems","north","Nyssa_sylvatica","0"
461,"medium_woody_stems","north","Kalmia_latifolia","7"
461,"medium_woody_stems","north","Gaylussacia_frondosa","11"
461,"medium_woody_stems","north","Nyssa_sylvatica","0"
461,"large_woody_stems","north","Kalmia_latifolia","10"
461,"large_woody_stems","north","Gaylussacia_frondosa","0"
461,"large_woody_stems","north","Nyssa_sylvatica","1"
461,"small_woody_stems","south","Kalmia_latifolia","9"
461,"small_woody_stems","south","Gaylussacia_frondosa","25"
461,"small_woody_stems","south","Nyssa_sylvatica","0"
461,"medium_woody_stems","south","Kalmia_latifolia","4"
461,"medium_woody_stems","south","Gaylussacia_frondosa","2"
461,"medium_woody_stems","south","Nyssa_sylvatica","0"
461,"large_woody_stems","south","Kalmia_latifolia","9"
461,"large_woody_stems","south","Gaylussacia_frondosa","0"
461,"large_woody_stems","south","Nyssa_sylvatica","0"
462,"basalarea","none","Nyssa_sylvatica","1"
462,"basalarea","none","Quercus_montana","0"
462,"snag","none","snag","2"
462,"basalarea_edge","none","nodata","9"
462,"small_woody_stems","north","Kalmia_latifolia","4"
462,"small_woody_stems","north","Gaylussacia_frondosa","45"
462,"small_woody_stems","north","Vaccinium_pallidum","9"
462,"small_woody_stems","north","Sassafras_albidum","1"
462,"small_woody_stems","north","Gaylussacia_baccata","0"
462,"medium_woody_stems","north","Kalmia_latifolia","4"
462,"medium_woody_stems","north","Gaylussacia_frondosa","29"
462,"medium_woody_stems","north","Vaccinium_pallidum","2"
462,"medium_woody_stems","north","Sassafras_albidum","0"
462,"medium_woody_stems","north","Gaylussacia_baccata","0"
462,"large_woody_stems","north","Kalmia_latifolia","5"
462,"large_woody_stems","north","Gaylussacia_frondosa","0"
462,"large_woody_stems","north","Vaccinium_pallidum","0"
462,"large_woody_stems","north","Sassafras_albidum","0"
462,"large_woody_stems","north","Gaylussacia_baccata","0"
462,"small_woody_stems","south","Kalmia_latifolia","4"
462,"small_woody_stems","south","Gaylussacia_frondosa","25"
462,"small_woody_stems","south","Vaccinium_pallidum","0"
462,"small_woody_stems","south","Sassafras_albidum","0"
462,"small_woody_stems","south","Gaylussacia_baccata","2"
462,"medium_woody_stems","south","Kalmia_latifolia","1"
462,"medium_woody_stems","south","Gaylussacia_frondosa","13"
462,"medium_woody_stems","south","Vaccinium_pallidum","0"
462,"medium_woody_stems","south","Sassafras_albidum","0"
462,"medium_woody_stems","south","Gaylussacia_baccata","0"
462,"large_woody_stems","south","Kalmia_latifolia","4"
462,"large_woody_stems","south","Gaylussacia_frondosa","0"
462,"large_woody_stems","south","Vaccinium_pallidum","0"
462,"large_woody_stems","south","Sassafras_albidum","0"
462,"large_woody_stems","south","Gaylussacia_baccata","0"
463,"basalarea","none","Quercus_rubra","3"
463,"basalarea","none","Nyssa_sylvatica","2"
463,"basalarea","none","Pinus_rigida","1"
463,"snag","none","snag","0"
463,"basalarea_edge","none","nodata","0"
463,"small_woody_stems","north","Kalmia_latifolia","8"
463,"small_woody_stems","north","Gaylussacia_baccata","42"
463,"small_woody_stems","north","Vaccinium_pallidum","16"
463,"small_woody_stems","north","Gaylussacia_frondosa","21"
463,"small_woody_stems","north","Berberis_thunbergii","2"
463,"medium_woody_stems","north","Kalmia_latifolia","2"
463,"medium_woody_stems","north","Gaylussacia_baccata","1"
463,"medium_woody_stems","north","Vaccinium_pallidum","0"
463,"medium_woody_stems","north","Gaylussacia_frondosa","3"
463,"medium_woody_stems","north","Berberis_thunbergii","0"
463,"large_woody_stems","north","Kalmia_latifolia","2"
463,"large_woody_stems","north","Gaylussacia_baccata","0"
463,"large_woody_stems","north","Vaccinium_pallidum","0"
463,"large_woody_stems","north","Gaylussacia_frondosa","0"
463,"large_woody_stems","north","Berberis_thunbergii","0"
463,"small_woody_stems","south","Kalmia_latifolia","3"
463,"small_woody_stems","south","Gaylussacia_baccata","22"
463,"small_woody_stems","south","Vaccinium_pallidum","5"
463,"small_woody_stems","south","Gaylussacia_frondosa","32"
463,"small_woody_stems","south","Berberis_thunbergii","0"
463,"medium_woody_stems","south","Kalmia_latifolia","6"
463,"medium_woody_stems","south","Gaylussacia_baccata","0"
463,"medium_woody_stems","south","Vaccinium_pallidum","0"
463,"medium_woody_stems","south","Gaylussacia_frondosa","11"
463,"medium_woody_stems","south","Berberis_thunbergii","0"
463,"large_woody_stems","south","Kalmia_latifolia","1"
463,"large_woody_stems","south","Gaylussacia_baccata","0"
463,"large_woody_stems","south","Vaccinium_pallidum","0"
463,"large_woody_stems","south","Gaylussacia_frondosa","0"
463,"large_woody_stems","south","Berberis_thunbergii","0"
464,"basalarea","none","Nyssa_sylvatica","3"
464,"basalarea","none","Quercus_montana","4"
464,"snag","none","snag","3"
464,"basalarea_edge","none","nodata","2"
464,"small_woody_stems","north","Kalmia_latifolia","5"
464,"small_woody_stems","north","Gaylussacia_baccata","25"
464,"small_woody_stems","north","Vaccinium_pallidum","2"
464,"small_woody_stems","north","Nyssa_sylvatica","0"
464,"small_woody_stems","north","Gaylussacia_frondosa","0"
464,"medium_woody_stems","north","Kalmia_latifolia","3"
464,"medium_woody_stems","north","Gaylussacia_baccata","0"
464,"medium_woody_stems","north","Vaccinium_pallidum","0"
464,"medium_woody_stems","north","Nyssa_sylvatica","0"
464,"medium_woody_stems","north","Gaylussacia_frondosa","0"
464,"large_woody_stems","north","Kalmia_latifolia","8"
464,"large_woody_stems","north","Gaylussacia_baccata","0"
464,"large_woody_stems","north","Vaccinium_pallidum","0"
464,"large_woody_stems","north","Nyssa_sylvatica","2"
464,"large_woody_stems","north","Gaylussacia_frondosa","0"
464,"small_woody_stems","south","Kalmia_latifolia","2"
464,"small_woody_stems","south","Gaylussacia_baccata","31"
464,"small_woody_stems","south","Vaccinium_pallidum","1"
464,"small_woody_stems","south","Nyssa_sylvatica","0"
464,"small_woody_stems","south","Gaylussacia_frondosa","17"
464,"medium_woody_stems","south","Kalmia_latifolia","3"
464,"medium_woody_stems","south","Gaylussacia_baccata","6"
464,"medium_woody_stems","south","Vaccinium_pallidum","0"
464,"medium_woody_stems","south","Nyssa_sylvatica","0"
464,"medium_woody_stems","south","Gaylussacia_frondosa","0"
464,"large_woody_stems","south","Kalmia_latifolia","1"
464,"large_woody_stems","south","Gaylussacia_baccata","0"
464,"large_woody_stems","south","Vaccinium_pallidum","0"
464,"large_woody_stems","south","Nyssa_sylvatica","1"
464,"large_woody_stems","south","Gaylussacia_frondosa","0"
465,"basalarea","none","Nyssa_sylvatica","1"
465,"basalarea","none","Pinus_rigida","2"
465,"snag","none","snag","4"
465,"basalarea_edge","none","nodata","4"
465,"small_woody_stems","north","Kalmia_latifolia","5"
465,"small_woody_stems","north","Gaylussacia_baccata","70"
465,"small_woody_stems","north","Gaylussacia_frondosa","30"
465,"small_woody_stems","north","Vaccinium_pallidum","9"
465,"small_woody_stems","north","Acer_rubrum","3"
465,"small_woody_stems","north","Smilax_rotundifolia","0"
465,"medium_woody_stems","north","Kalmia_latifolia","3"
465,"medium_woody_stems","north","Gaylussacia_baccata","2"
465,"medium_woody_stems","north","Gaylussacia_frondosa","2"
465,"medium_woody_stems","north","Vaccinium_pallidum","0"
465,"medium_woody_stems","north","Acer_rubrum","0"
465,"medium_woody_stems","north","Smilax_rotundifolia","0"
465,"large_woody_stems","north","Kalmia_latifolia","6"
465,"large_woody_stems","north","Gaylussacia_baccata","0"
465,"large_woody_stems","north","Gaylussacia_frondosa","0"
465,"large_woody_stems","north","Vaccinium_pallidum","0"
465,"large_woody_stems","north","Acer_rubrum","0"
465,"large_woody_stems","north","Smilax_rotundifolia","0"
465,"small_woody_stems","south","Kalmia_latifolia","4"
465,"small_woody_stems","south","Gaylussacia_baccata","55"
465,"small_woody_stems","south","Gaylussacia_frondosa","30"
465,"small_woody_stems","south","Vaccinium_pallidum","15"
465,"small_woody_stems","south","Acer_rubrum","2"
465,"small_woody_stems","south","Smilax_rotundifolia","2"
465,"medium_woody_stems","south","Kalmia_latifolia","2"
465,"medium_woody_stems","south","Gaylussacia_baccata","0"
465,"medium_woody_stems","south","Gaylussacia_frondosa","4"
465,"medium_woody_stems","south","Vaccinium_pallidum","2"
465,"medium_woody_stems","south","Acer_rubrum","0"
465,"medium_woody_stems","south","Smilax_rotundifolia","1"
465,"large_woody_stems","south","Kalmia_latifolia","2"
465,"large_woody_stems","south","Gaylussacia_baccata","0"
465,"large_woody_stems","south","Gaylussacia_frondosa","0"
465,"large_woody_stems","south","Vaccinium_pallidum","0"
465,"large_woody_stems","south","Acer_rubrum","0"
465,"large_woody_stems","south","Smilax_rotundifolia","5"
466,"basalarea","none","Nyssa_sylvatica","4"
466,"basalarea","none","Quercus_montana","1"
466,"snag","none","snag","6"
466,"basalarea_edge","none","nodata","9"
466,"small_woody_stems","north","Kalmia_latifolia","1"
466,"small_woody_stems","north","Gaylussacia_frondosa","2"
466,"small_woody_stems","north","Gaylussacia_baccata","0"
466,"small_woody_stems","north","Vaccinium_pallidum","0"
466,"small_woody_stems","north","Smilax_rotundifolia","0"
466,"small_woody_stems","north","Amelanchier_spp","0"
466,"medium_woody_stems","north","Kalmia_latifolia","4"
466,"medium_woody_stems","north","Gaylussacia_frondosa","0"
466,"medium_woody_stems","north","Gaylussacia_baccata","0"
466,"medium_woody_stems","north","Vaccinium_pallidum","0"
466,"medium_woody_stems","north","Smilax_rotundifolia","0"
466,"medium_woody_stems","north","Amelanchier_spp","0"
466,"large_woody_stems","north","Kalmia_latifolia","4"
466,"large_woody_stems","north","Gaylussacia_frondosa","0"
466,"large_woody_stems","north","Gaylussacia_baccata","0"
466,"large_woody_stems","north","Vaccinium_pallidum","0"
466,"large_woody_stems","north","Smilax_rotundifolia","0"
466,"large_woody_stems","north","Amelanchier_spp","0"
466,"small_woody_stems","south","Kalmia_latifolia","1"
466,"small_woody_stems","south","Gaylussacia_frondosa","7"
466,"small_woody_stems","south","Gaylussacia_baccata","38"
466,"small_woody_stems","south","Vaccinium_pallidum","3"
466,"small_woody_stems","south","Smilax_rotundifolia","3"
466,"small_woody_stems","south","Amelanchier_spp","1"
466,"medium_woody_stems","south","Kalmia_latifolia","1"
466,"medium_woody_stems","south","Gaylussacia_frondosa","0"
466,"medium_woody_stems","south","Gaylussacia_baccata","5"
466,"medium_woody_stems","south","Vaccinium_pallidum","0"
466,"medium_woody_stems","south","Smilax_rotundifolia","0"
466,"medium_woody_stems","south","Amelanchier_spp","0"
466,"large_woody_stems","south","Kalmia_latifolia","3"
466,"large_woody_stems","south","Gaylussacia_frondosa","0"
466,"large_woody_stems","south","Gaylussacia_baccata","0"
466,"large_woody_stems","south","Vaccinium_pallidum","0"
466,"large_woody_stems","south","Smilax_rotundifolia","0"
466,"large_woody_stems","south","Amelanchier_spp","0"
467,"basalarea","none","Sassafras_albidum","1"
467,"basalarea","none","Pinus_rigida","2"
467,"basalarea","none","Acer_rubrum","1"
467,"basalarea","none","Quercus_rubra","1"
467,"snag","none","snag","0"
467,"basalarea_edge","none","nodata","7"
467,"small_woody_stems","north","Kalmia_latifolia","4"
467,"small_woody_stems","north","Gaylussacia_baccata","21"
467,"small_woody_stems","north","Vaccinium_pallidum","16"
467,"small_woody_stems","north","Gaylussacia_frondosa","0"
467,"small_woody_stems","north","Sassafras_albidum","0"
467,"medium_woody_stems","north","Kalmia_latifolia","3"
467,"medium_woody_stems","north","Gaylussacia_baccata","0"
467,"medium_woody_stems","north","Vaccinium_pallidum","0"
467,"medium_woody_stems","north","Gaylussacia_frondosa","0"
467,"medium_woody_stems","north","Sassafras_albidum","0"
467,"large_woody_stems","north","Kalmia_latifolia","4"
467,"large_woody_stems","north","Gaylussacia_baccata","0"
467,"large_woody_stems","north","Vaccinium_pallidum","0"
467,"large_woody_stems","north","Gaylussacia_frondosa","0"
467,"large_woody_stems","north","Sassafras_albidum","0"
467,"small_woody_stems","south","Kalmia_latifolia","6"
467,"small_woody_stems","south","Gaylussacia_baccata","35"
467,"small_woody_stems","south","Vaccinium_pallidum","18"
467,"small_woody_stems","south","Gaylussacia_frondosa","6"
467,"small_woody_stems","south","Sassafras_albidum","4"
467,"medium_woody_stems","south","Kalmia_latifolia","2"
467,"medium_woody_stems","south","Gaylussacia_baccata","0"
467,"medium_woody_stems","south","Vaccinium_pallidum","0"
467,"medium_woody_stems","south","Gaylussacia_frondosa","1"
467,"medium_woody_stems","south","Sassafras_albidum","0"
467,"large_woody_stems","south","Kalmia_latifolia","8"
467,"large_woody_stems","south","Gaylussacia_baccata","0"
467,"large_woody_stems","south","Vaccinium_pallidum","0"
467,"large_woody_stems","south","Gaylussacia_frondosa","0"
467,"large_woody_stems","south","Sassafras_albidum","0"
468,"basalarea","none","Nyssa_sylvatica","3"
468,"basalarea","none","Quercus_montana","2"
468,"basalarea","none","Sassafras_albidum","1"
468,"basalarea","none","Pinus_rigida","0"
468,"snag","none","snag","1"
468,"basalarea_edge","none","nodata","11"
468,"small_woody_stems","north","Kalmia_latifolia","5"
468,"small_woody_stems","north","Gaylussacia_baccata","30"
468,"small_woody_stems","north","Gaylussacia_frondosa","2"
468,"small_woody_stems","north","Vaccinium_angustifolium","0"
468,"small_woody_stems","north","Vaccinium_pallidum","0"
468,"medium_woody_stems","north","Kalmia_latifolia","5"
468,"medium_woody_stems","north","Gaylussacia_baccata","0"
468,"medium_woody_stems","north","Gaylussacia_frondosa","0"
468,"medium_woody_stems","north","Vaccinium_angustifolium","0"
468,"medium_woody_stems","north","Vaccinium_pallidum","0"
468,"large_woody_stems","north","Kalmia_latifolia","4"
468,"large_woody_stems","north","Gaylussacia_baccata","0"
468,"large_woody_stems","north","Gaylussacia_frondosa","0"
468,"large_woody_stems","north","Vaccinium_angustifolium","0"
468,"large_woody_stems","north","Vaccinium_pallidum","0"
468,"small_woody_stems","south","Kalmia_latifolia","7"
468,"small_woody_stems","south","Gaylussacia_baccata","19"
468,"small_woody_stems","south","Gaylussacia_frondosa","4"
468,"small_woody_stems","south","Vaccinium_angustifolium","3"
468,"small_woody_stems","south","Vaccinium_pallidum","6"
468,"medium_woody_stems","south","Kalmia_latifolia","12"
468,"medium_woody_stems","south","Gaylussacia_baccata","0"
468,"medium_woody_stems","south","Gaylussacia_frondosa","0"
468,"medium_woody_stems","south","Vaccinium_angustifolium","0"
468,"medium_woody_stems","south","Vaccinium_pallidum","0"
468,"large_woody_stems","south","Kalmia_latifolia","7"
468,"large_woody_stems","south","Gaylussacia_baccata","0"
468,"large_woody_stems","south","Gaylussacia_frondosa","0"
468,"large_woody_stems","south","Vaccinium_angustifolium","0"
468,"large_woody_stems","south","Vaccinium_pallidum","0"
469,"basalarea","none","Quercus_montana","2"
469,"basalarea","none","Nyssa_sylvatica","1"
469,"basalarea","none","Sassafras_albidum","0"
469,"basalarea","none","Acer_rubrum","1"
469,"snag","none","snag","1"
469,"basalarea_edge","none","nodata","10"
469,"small_woody_stems","north","Kalmia_latifolia","2"
469,"small_woody_stems","north","Gaylussacia_baccata","32"
469,"small_woody_stems","north","Vaccinium_pallidum","5"
469,"small_woody_stems","north","Sassafras_albidum","0"
469,"small_woody_stems","north","Amelanchier_spp","3"
469,"medium_woody_stems","north","Kalmia_latifolia","3"
469,"medium_woody_stems","north","Gaylussacia_baccata","30"
469,"medium_woody_stems","north","Vaccinium_pallidum","0"
469,"medium_woody_stems","north","Sassafras_albidum","0"
469,"medium_woody_stems","north","Amelanchier_spp","1"
469,"large_woody_stems","north","Kalmia_latifolia","5"
469,"large_woody_stems","north","Gaylussacia_baccata","0"
469,"large_woody_stems","north","Vaccinium_pallidum","0"
469,"large_woody_stems","north","Sassafras_albidum","1"
469,"large_woody_stems","north","Amelanchier_spp","0"
469,"small_woody_stems","south","Kalmia_latifolia","13"
469,"small_woody_stems","south","Gaylussacia_baccata","18"
469,"small_woody_stems","south","Vaccinium_pallidum","3"
469,"small_woody_stems","south","Sassafras_albidum","1"
469,"small_woody_stems","south","Amelanchier_spp","0"
469,"medium_woody_stems","south","Kalmia_latifolia","6"
469,"medium_woody_stems","south","Gaylussacia_baccata","4"
469,"medium_woody_stems","south","Vaccinium_pallidum","0"
469,"medium_woody_stems","south","Sassafras_albidum","1"
469,"medium_woody_stems","south","Amelanchier_spp","0"
469,"large_woody_stems","south","Kalmia_latifolia","8"
469,"large_woody_stems","south","Gaylussacia_baccata","0"
469,"large_woody_stems","south","Vaccinium_pallidum","0"
469,"large_woody_stems","south","Sassafras_albidum","0"
469,"large_woody_stems","south","Amelanchier_spp","0"
470,"basalarea","none","Pinus_rigida","9"
470,"basalarea","none","Quercus_montana","0"
470,"snag","none","snag","0"
470,"basalarea_edge","none","nodata","2"
470,"small_woody_stems","north","Kalmia_latifolia","3"
470,"small_woody_stems","north","Gaylussacia_baccata","18"
470,"small_woody_stems","north","Vaccinium_pallidum","19"
470,"small_woody_stems","north","Quercus_ilicifolia","1"
470,"medium_woody_stems","north","Kalmia_latifolia","0"
470,"medium_woody_stems","north","Gaylussacia_baccata","0"
470,"medium_woody_stems","north","Vaccinium_pallidum","0"
470,"medium_woody_stems","north","Quercus_ilicifolia","0"
470,"large_woody_stems","north","Kalmia_latifolia","7"
470,"large_woody_stems","north","Gaylussacia_baccata","0"
470,"large_woody_stems","north","Vaccinium_pallidum","0"
470,"large_woody_stems","north","Quercus_ilicifolia","0"
470,"small_woody_stems","south","Kalmia_latifolia","2"
470,"small_woody_stems","south","Gaylussacia_baccata","6"
470,"small_woody_stems","south","Vaccinium_pallidum","17"
470,"small_woody_stems","south","Quercus_ilicifolia","3"
470,"medium_woody_stems","south","Kalmia_latifolia","1"
470,"medium_woody_stems","south","Gaylussacia_baccata","0"
470,"medium_woody_stems","south","Vaccinium_pallidum","5"
470,"medium_woody_stems","south","Quercus_ilicifolia","0"
470,"large_woody_stems","south","Kalmia_latifolia","11"
470,"large_woody_stems","south","Gaylussacia_baccata","0"
470,"large_woody_stems","south","Vaccinium_pallidum","0"
470,"large_woody_stems","south","Quercus_ilicifolia","3"
471,"basalarea","none","Pinus_rigida","2"
471,"basalarea","none","Nyssa_sylvatica","2"
471,"basalarea","none","Quercus_montana","1"
471,"snag","none","snag","1"
471,"basalarea_edge","none","nodata","4"
471,"small_woody_stems","north","Kalmia_latifolia","2"
471,"small_woody_stems","north","Gaylussacia_baccata","50"
471,"small_woody_stems","north","Amelanchier_spp","1"
471,"small_woody_stems","north","Vaccinium_pallidum","4"
471,"medium_woody_stems","north","Kalmia_latifolia","8"
471,"medium_woody_stems","north","Gaylussacia_baccata","0"
471,"medium_woody_stems","north","Amelanchier_spp","0"
471,"medium_woody_stems","north","Vaccinium_pallidum","0"
471,"large_woody_stems","north","Kalmia_latifolia","3"
471,"large_woody_stems","north","Gaylussacia_baccata","0"
471,"large_woody_stems","north","Amelanchier_spp","0"
471,"large_woody_stems","north","Vaccinium_pallidum","0"
471,"small_woody_stems","south","Kalmia_latifolia","3"
471,"small_woody_stems","south","Gaylussacia_baccata","65"
471,"small_woody_stems","south","Amelanchier_spp","2"
471,"small_woody_stems","south","Vaccinium_pallidum","7"
471,"medium_woody_stems","south","Kalmia_latifolia","4"
471,"medium_woody_stems","south","Gaylussacia_baccata","0"
471,"medium_woody_stems","south","Amelanchier_spp","0"
471,"medium_woody_stems","south","Vaccinium_pallidum","0"
471,"large_woody_stems","south","Kalmia_latifolia","8"
471,"large_woody_stems","south","Gaylussacia_baccata","0"
471,"large_woody_stems","south","Amelanchier_spp","0"
471,"large_woody_stems","south","Vaccinium_pallidum","0"
472,"basalarea","none","Pinus_rigida","3"
472,"basalarea","none","Acer_rubrum","0"
472,"snag","none","snag","0"
472,"basalarea_edge","none","nodata","3"
472,"small_woody_stems","north","Gaylussacia_baccata","30"
472,"small_woody_stems","north","Vaccinium_pallidum","3"
472,"small_woody_stems","north","Smilax_rotundifolia","3"
472,"small_woody_stems","north","Quercus_ilicifolia","0"
472,"small_woody_stems","north","Pinus_rigida","0"
472,"small_woody_stems","north","Gaylussacia_frondosa","0"
472,"small_woody_stems","north","Kalmia_latifolia","3"
472,"small_woody_stems","north","Comptonia_peregrina","25"
472,"medium_woody_stems","north","Gaylussacia_baccata","0"
472,"medium_woody_stems","north","Vaccinium_pallidum","0"
472,"medium_woody_stems","north","Smilax_rotundifolia","0"
472,"medium_woody_stems","north","Quercus_ilicifolia","0"
472,"medium_woody_stems","north","Pinus_rigida","0"
472,"medium_woody_stems","north","Gaylussacia_frondosa","0"
472,"medium_woody_stems","north","Kalmia_latifolia","0"
472,"medium_woody_stems","north","Comptonia_peregrina","2"
472,"large_woody_stems","north","Gaylussacia_baccata","0"
472,"large_woody_stems","north","Vaccinium_pallidum","0"
472,"large_woody_stems","north","Smilax_rotundifolia","0"
472,"large_woody_stems","north","Quercus_ilicifolia","2"
472,"large_woody_stems","north","Pinus_rigida","11"
472,"large_woody_stems","north","Gaylussacia_frondosa","0"
472,"large_woody_stems","north","Kalmia_latifolia","0"
472,"large_woody_stems","north","Comptonia_peregrina","0"
472,"small_woody_stems","south","Gaylussacia_baccata","9"
472,"small_woody_stems","south","Vaccinium_pallidum","0"
472,"small_woody_stems","south","Smilax_rotundifolia","0"
472,"small_woody_stems","south","Quercus_ilicifolia","0"
472,"small_woody_stems","south","Pinus_rigida","0"
472,"small_woody_stems","south","Gaylussacia_frondosa","20"
472,"small_woody_stems","south","Kalmia_latifolia","5"
472,"small_woody_stems","south","Comptonia_peregrina","6"
472,"medium_woody_stems","south","Gaylussacia_baccata","0"
472,"medium_woody_stems","south","Vaccinium_pallidum","0"
472,"medium_woody_stems","south","Smilax_rotundifolia","2"
472,"medium_woody_stems","south","Quercus_ilicifolia","2"
472,"medium_woody_stems","south","Pinus_rigida","2"
472,"medium_woody_stems","south","Gaylussacia_frondosa","17"
472,"medium_woody_stems","south","Kalmia_latifolia","5"
472,"medium_woody_stems","south","Comptonia_peregrina","3"
472,"large_woody_stems","south","Gaylussacia_baccata","0"
472,"large_woody_stems","south","Vaccinium_pallidum","0"
472,"large_woody_stems","south","Smilax_rotundifolia","0"
472,"large_woody_stems","south","Quercus_ilicifolia","0"
472,"large_woody_stems","south","Pinus_rigida","0"
472,"large_woody_stems","south","Gaylussacia_frondosa","0"
472,"large_woody_stems","south","Kalmia_latifolia","3"
472,"large_woody_stems","south","Comptonia_peregrina","0"
473,"basalarea","none","Nyssa_sylvatica","5"
473,"basalarea","none","Sassafras_albidum","2"
473,"basalarea","none","Quercus_montana","1"
473,"basalarea","none","Pinus_rigida","1"
473,"snag","none","snag","6"
473,"basalarea_edge","none","nodata","2"
473,"small_woody_stems","north","Kalmia_latifolia","9"
473,"small_woody_stems","north","Gaylussacia_baccata","35"
473,"small_woody_stems","north","Vaccinium_pallidum","9"
473,"small_woody_stems","north","Quercus_ilicifolia","0"
473,"medium_woody_stems","north","Kalmia_latifolia","6"
473,"medium_woody_stems","north","Gaylussacia_baccata","13"
473,"medium_woody_stems","north","Vaccinium_pallidum","0"
473,"medium_woody_stems","north","Quercus_ilicifolia","0"
473,"large_woody_stems","north","Kalmia_latifolia","10"
473,"large_woody_stems","north","Gaylussacia_baccata","0"
473,"large_woody_stems","north","Vaccinium_pallidum","0"
473,"large_woody_stems","north","Quercus_ilicifolia","1"
473,"small_woody_stems","south","Kalmia_latifolia","5"
473,"small_woody_stems","south","Gaylussacia_baccata","11"
473,"small_woody_stems","south","Vaccinium_pallidum","11"
473,"small_woody_stems","south","Quercus_ilicifolia","0"
473,"medium_woody_stems","south","Kalmia_latifolia","10"
473,"medium_woody_stems","south","Gaylussacia_baccata","0"
473,"medium_woody_stems","south","Vaccinium_pallidum","0"
473,"medium_woody_stems","south","Quercus_ilicifolia","0"
473,"large_woody_stems","south","Kalmia_latifolia","5"
473,"large_woody_stems","south","Gaylussacia_baccata","0"
473,"large_woody_stems","south","Vaccinium_pallidum","0"
473,"large_woody_stems","south","Quercus_ilicifolia","0"
474,"basalarea","none","Nyssa_sylvatica","5"
474,"basalarea","none","Pinus_rigida","1"
474,"snag","none","snag","7"
474,"basalarea_edge","none","nodata","0"
474,"small_woody_stems","north","Kalmia_latifolia","4"
474,"small_woody_stems","north","Gaylussacia_baccata","22"
474,"small_woody_stems","north","Vaccinium_pallidum","5"
474,"small_woody_stems","north","Acer_rubrum","1"
474,"small_woody_stems","north","Vaccinium_angustifolium","4"
474,"medium_woody_stems","north","Kalmia_latifolia","6"
474,"medium_woody_stems","north","Gaylussacia_baccata","0"
474,"medium_woody_stems","north","Vaccinium_pallidum","0"
474,"medium_woody_stems","north","Acer_rubrum","0"
474,"medium_woody_stems","north","Vaccinium_angustifolium","0"
474,"large_woody_stems","north","Kalmia_latifolia","12"
474,"large_woody_stems","north","Gaylussacia_baccata","0"
474,"large_woody_stems","north","Vaccinium_pallidum","0"
474,"large_woody_stems","north","Acer_rubrum","0"
474,"large_woody_stems","north","Vaccinium_angustifolium","0"
474,"small_woody_stems","south","Kalmia_latifolia","6"
474,"small_woody_stems","south","Gaylussacia_baccata","14"
474,"small_woody_stems","south","Vaccinium_pallidum","2"
474,"small_woody_stems","south","Acer_rubrum","0"
474,"small_woody_stems","south","Vaccinium_angustifolium","0"
474,"medium_woody_stems","south","Kalmia_latifolia","11"
474,"medium_woody_stems","south","Gaylussacia_baccata","3"
474,"medium_woody_stems","south","Vaccinium_pallidum","0"
474,"medium_woody_stems","south","Acer_rubrum","0"
474,"medium_woody_stems","south","Vaccinium_angustifolium","0"
474,"large_woody_stems","south","Kalmia_latifolia","9"
474,"large_woody_stems","south","Gaylussacia_baccata","0"
474,"large_woody_stems","south","Vaccinium_pallidum","0"
474,"large_woody_stems","south","Acer_rubrum","0"
474,"large_woody_stems","south","Vaccinium_angustifolium","0"
475,"basalarea","none","Nyssa_sylvatica","15"
475,"basalarea","none","Pinus_rigida","2"
475,"basalarea","none","Quercus_montana","1"
475,"snag","none","snag","0"
475,"basalarea_edge","none","nodata","1"
475,"small_woody_stems","north","Kalmia_latifolia","10"
475,"small_woody_stems","north","Smilax_rotundifolia","1"
475,"medium_woody_stems","north","Kalmia_latifolia","11"
475,"medium_woody_stems","north","Smilax_rotundifolia","0"
475,"large_woody_stems","north","Kalmia_latifolia","9"
475,"large_woody_stems","north","Smilax_rotundifolia","0"
475,"small_woody_stems","south","Kalmia_latifolia","11"
475,"small_woody_stems","south","Smilax_rotundifolia","0"
475,"medium_woody_stems","south","Kalmia_latifolia","7"
475,"medium_woody_stems","south","Smilax_rotundifolia","0"
475,"large_woody_stems","south","Kalmia_latifolia","12"
475,"large_woody_stems","south","Smilax_rotundifolia","0"
476,"basalarea","none","Nyssa_sylvatica","2"
476,"snag","none","snag","7"
476,"basalarea_edge","none","nodata","0"
476,"small_woody_stems","north","Kalmia_latifolia","9"
476,"small_woody_stems","north","Gaylussacia_baccata","19"
476,"small_woody_stems","north","Acer_rubrum","2"
476,"small_woody_stems","north","Vaccinium_pallidum","3"
476,"small_woody_stems","north","Amelanchier_spp","0"
476,"small_woody_stems","north","Smilax_rotundifolia","0"
476,"medium_woody_stems","north","Kalmia_latifolia","8"
476,"medium_woody_stems","north","Gaylussacia_baccata","2"
476,"medium_woody_stems","north","Acer_rubrum","0"
476,"medium_woody_stems","north","Vaccinium_pallidum","1"
476,"medium_woody_stems","north","Amelanchier_spp","0"
476,"medium_woody_stems","north","Smilax_rotundifolia","0"
476,"large_woody_stems","north","Kalmia_latifolia","15"
476,"large_woody_stems","north","Gaylussacia_baccata","0"
476,"large_woody_stems","north","Acer_rubrum","0"
476,"large_woody_stems","north","Vaccinium_pallidum","0"
476,"large_woody_stems","north","Amelanchier_spp","1"
476,"large_woody_stems","north","Smilax_rotundifolia","0"
476,"small_woody_stems","south","Kalmia_latifolia","2"
476,"small_woody_stems","south","Gaylussacia_baccata","29"
476,"small_woody_stems","south","Acer_rubrum","4"
476,"small_woody_stems","south","Vaccinium_pallidum","11"
476,"small_woody_stems","south","Amelanchier_spp","0"
476,"small_woody_stems","south","Smilax_rotundifolia","0"
476,"medium_woody_stems","south","Kalmia_latifolia","7"
476,"medium_woody_stems","south","Gaylussacia_baccata","4"
476,"medium_woody_stems","south","Acer_rubrum","2"
476,"medium_woody_stems","south","Vaccinium_pallidum","2"
476,"medium_woody_stems","south","Amelanchier_spp","0"
476,"medium_woody_stems","south","Smilax_rotundifolia","0"
476,"large_woody_stems","south","Kalmia_latifolia","27"
476,"large_woody_stems","south","Gaylussacia_baccata","0"
476,"large_woody_stems","south","Acer_rubrum","0"
476,"large_woody_stems","south","Vaccinium_pallidum","0"
476,"large_woody_stems","south","Amelanchier_spp","0"
476,"large_woody_stems","south","Smilax_rotundifolia","1"
477,"basalarea","none","Nyssa_sylvatica","2"
477,"basalarea","none","Quercus_montana","2"
477,"basalarea","none","Acer_rubrum","1"
477,"snag","none","snag","1"
477,"basalarea_edge","none","nodata","0"
477,"small_woody_stems","north","Kalmia_latifolia","5"
477,"small_woody_stems","north","Acer_rubrum","0"
477,"small_woody_stems","north","Quercus_montana","0"
477,"small_woody_stems","north","Sassafras_albidum","0"
477,"small_woody_stems","north","Amelanchier_spp","1"
477,"small_woody_stems","north","Vaccinium_pallidum","1"
477,"small_woody_stems","north","Gaylussacia_baccata","0"
477,"small_woody_stems","north","Smilax_rotundifolia","0"
477,"medium_woody_stems","north","Kalmia_latifolia","4"
477,"medium_woody_stems","north","Acer_rubrum","0"
477,"medium_woody_stems","north","Quercus_montana","0"
477,"medium_woody_stems","north","Sassafras_albidum","0"
477,"medium_woody_stems","north","Amelanchier_spp","1"
477,"medium_woody_stems","north","Vaccinium_pallidum","0"
477,"medium_woody_stems","north","Gaylussacia_baccata","0"
477,"medium_woody_stems","north","Smilax_rotundifolia","0"
477,"large_woody_stems","north","Kalmia_latifolia","8"
477,"large_woody_stems","north","Acer_rubrum","10"
477,"large_woody_stems","north","Quercus_montana","4"
477,"large_woody_stems","north","Sassafras_albidum","5"
477,"large_woody_stems","north","Amelanchier_spp","2"
477,"large_woody_stems","north","Vaccinium_pallidum","0"
477,"large_woody_stems","north","Gaylussacia_baccata","0"
477,"large_woody_stems","north","Smilax_rotundifolia","0"
477,"small_woody_stems","south","Kalmia_latifolia","6"
477,"small_woody_stems","south","Acer_rubrum","0"
477,"small_woody_stems","south","Quercus_montana","0"
477,"small_woody_stems","south","Sassafras_albidum","0"
477,"small_woody_stems","south","Amelanchier_spp","0"
477,"small_woody_stems","south","Vaccinium_pallidum","7"
477,"small_woody_stems","south","Gaylussacia_baccata","21"
477,"small_woody_stems","south","Smilax_rotundifolia","1"
477,"medium_woody_stems","south","Kalmia_latifolia","5"
477,"medium_woody_stems","south","Acer_rubrum","0"
477,"medium_woody_stems","south","Quercus_montana","0"
477,"medium_woody_stems","south","Sassafras_albidum","0"
477,"medium_woody_stems","south","Amelanchier_spp","0"
477,"medium_woody_stems","south","Vaccinium_pallidum","0"
477,"medium_woody_stems","south","Gaylussacia_baccata","7"
477,"medium_woody_stems","south","Smilax_rotundifolia","0"
477,"large_woody_stems","south","Kalmia_latifolia","11"
477,"large_woody_stems","south","Acer_rubrum","8"
477,"large_woody_stems","south","Quercus_montana","2"
477,"large_woody_stems","south","Sassafras_albidum","8"
477,"large_woody_stems","south","Amelanchier_spp","1"
477,"large_woody_stems","south","Vaccinium_pallidum","0"
477,"large_woody_stems","south","Gaylussacia_baccata","0"
477,"large_woody_stems","south","Smilax_rotundifolia","0"
478,"basalarea","none","Pinus_rigida","1"
478,"basalarea","none","Quercus_montana","1"
478,"basalarea","none","Nyssa_sylvatica","1"
478,"snag","none","snag","1"
478,"basalarea_edge","none","nodata","0"
478,"small_woody_stems","north","Kalmia_latifolia","1"
478,"small_woody_stems","north","Sassafras_albidum","0"
478,"small_woody_stems","north","Gaylussacia_frondosa","13"
478,"small_woody_stems","north","Smilax_rotundifolia","4"
478,"small_woody_stems","north","Vaccinium_pallidum","5"
478,"small_woody_stems","north","Acer_rubrum","0"
478,"small_woody_stems","north","Nyssa_sylvatica","0"
478,"small_woody_stems","north","Gaylussacia_baccata","1"
478,"small_woody_stems","north","Vaccinium_stamineum","0"
478,"small_woody_stems","north","Quercus_montana","0"
478,"medium_woody_stems","north","Kalmia_latifolia","7"
478,"medium_woody_stems","north","Sassafras_albidum","0"
478,"medium_woody_stems","north","Gaylussacia_frondosa","15"
478,"medium_woody_stems","north","Smilax_rotundifolia","2"
478,"medium_woody_stems","north","Vaccinium_pallidum","0"
478,"medium_woody_stems","north","Acer_rubrum","0"
478,"medium_woody_stems","north","Nyssa_sylvatica","0"
478,"medium_woody_stems","north","Gaylussacia_baccata","0"
478,"medium_woody_stems","north","Vaccinium_stamineum","0"
478,"medium_woody_stems","north","Quercus_montana","0"
478,"large_woody_stems","north","Kalmia_latifolia","7"
478,"large_woody_stems","north","Sassafras_albidum","6"
478,"large_woody_stems","north","Gaylussacia_frondosa","0"
478,"large_woody_stems","north","Smilax_rotundifolia","1"
478,"large_woody_stems","north","Vaccinium_pallidum","1"
478,"large_woody_stems","north","Acer_rubrum","1"
478,"large_woody_stems","north","Nyssa_sylvatica","1"
478,"large_woody_stems","north","Gaylussacia_baccata","0"
478,"large_woody_stems","north","Vaccinium_stamineum","0"
478,"large_woody_stems","north","Quercus_montana","0"
478,"small_woody_stems","south","Kalmia_latifolia","1"
478,"small_woody_stems","south","Sassafras_albidum","0"
478,"small_woody_stems","south","Gaylussacia_frondosa","0"
478,"small_woody_stems","south","Smilax_rotundifolia","0"
478,"small_woody_stems","south","Vaccinium_pallidum","5"
478,"small_woody_stems","south","Acer_rubrum","0"
478,"small_woody_stems","south","Nyssa_sylvatica","0"
478,"small_woody_stems","south","Gaylussacia_baccata","33"
478,"small_woody_stems","south","Vaccinium_stamineum","2"
478,"small_woody_stems","south","Quercus_montana","1"
478,"medium_woody_stems","south","Kalmia_latifolia","2"
478,"medium_woody_stems","south","Sassafras_albidum","0"
478,"medium_woody_stems","south","Gaylussacia_frondosa","0"
478,"medium_woody_stems","south","Smilax_rotundifolia","0"
478,"medium_woody_stems","south","Vaccinium_pallidum","2"
478,"medium_woody_stems","south","Acer_rubrum","0"
478,"medium_woody_stems","south","Nyssa_sylvatica","1"
478,"medium_woody_stems","south","Gaylussacia_baccata","33"
478,"medium_woody_stems","south","Vaccinium_stamineum","1"
478,"medium_woody_stems","south","Quercus_montana","1"
478,"large_woody_stems","south","Kalmia_latifolia","1"
478,"large_woody_stems","south","Sassafras_albidum","2"
478,"large_woody_stems","south","Gaylussacia_frondosa","0"
478,"large_woody_stems","south","Smilax_rotundifolia","0"
478,"large_woody_stems","south","Vaccinium_pallidum","0"
478,"large_woody_stems","south","Acer_rubrum","3"
478,"large_woody_stems","south","Nyssa_sylvatica","2"
478,"large_woody_stems","south","Gaylussacia_baccata","0"
478,"large_woody_stems","south","Vaccinium_stamineum","0"
478,"large_woody_stems","south","Quercus_montana","7"
479,"basalarea","none","Quercus_montana","1"
479,"snag","none","snag","1"
479,"basalarea_edge","none","nodata","0"
479,"small_woody_stems","north","Kalmia_latifolia","2"
479,"small_woody_stems","north","Gaylussacia_baccata","46"
479,"small_woody_stems","north","Vaccinium_pallidum","9"
479,"small_woody_stems","north","Acer_rubrum","0"
479,"small_woody_stems","north","Nyssa_sylvatica","0"
479,"small_woody_stems","north","Gaylussacia_frondosa","16"
479,"small_woody_stems","north","Sassafras_albidum","0"
479,"small_woody_stems","north","Quercus_montana","0"
479,"small_woody_stems","north","Vaccinium_stamineum","0"
479,"medium_woody_stems","north","Kalmia_latifolia","1"
479,"medium_woody_stems","north","Gaylussacia_baccata","0"
479,"medium_woody_stems","north","Vaccinium_pallidum","0"
479,"medium_woody_stems","north","Acer_rubrum","0"
479,"medium_woody_stems","north","Nyssa_sylvatica","0"
479,"medium_woody_stems","north","Gaylussacia_frondosa","2"
479,"medium_woody_stems","north","Sassafras_albidum","0"
479,"medium_woody_stems","north","Quercus_montana","0"
479,"medium_woody_stems","north","Vaccinium_stamineum","0"
479,"large_woody_stems","north","Kalmia_latifolia","6"
479,"large_woody_stems","north","Gaylussacia_baccata","0"
479,"large_woody_stems","north","Vaccinium_pallidum","0"
479,"large_woody_stems","north","Acer_rubrum","3"
479,"large_woody_stems","north","Nyssa_sylvatica","3"
479,"large_woody_stems","north","Gaylussacia_frondosa","0"
479,"large_woody_stems","north","Sassafras_albidum","2"
479,"large_woody_stems","north","Quercus_montana","3"
479,"large_woody_stems","north","Vaccinium_stamineum","0"
479,"small_woody_stems","south","Kalmia_latifolia","2"
479,"small_woody_stems","south","Gaylussacia_baccata","14"
479,"small_woody_stems","south","Vaccinium_pallidum","6"
479,"small_woody_stems","south","Acer_rubrum","0"
479,"small_woody_stems","south","Nyssa_sylvatica","0"
479,"small_woody_stems","south","Gaylussacia_frondosa","5"
479,"small_woody_stems","south","Sassafras_albidum","0"
479,"small_woody_stems","south","Quercus_montana","0"
479,"small_woody_stems","south","Vaccinium_stamineum","1"
479,"medium_woody_stems","south","Kalmia_latifolia","3"
479,"medium_woody_stems","south","Gaylussacia_baccata","0"
479,"medium_woody_stems","south","Vaccinium_pallidum","0"
479,"medium_woody_stems","south","Acer_rubrum","0"
479,"medium_woody_stems","south","Nyssa_sylvatica","0"
479,"medium_woody_stems","south","Gaylussacia_frondosa","5"
479,"medium_woody_stems","south","Sassafras_albidum","0"
479,"medium_woody_stems","south","Quercus_montana","0"
479,"medium_woody_stems","south","Vaccinium_stamineum","5"
479,"large_woody_stems","south","Kalmia_latifolia","0"
479,"large_woody_stems","south","Gaylussacia_baccata","0"
479,"large_woody_stems","south","Vaccinium_pallidum","0"
479,"large_woody_stems","south","Acer_rubrum","0"
479,"large_woody_stems","south","Nyssa_sylvatica","0"
479,"large_woody_stems","south","Gaylussacia_frondosa","0"
479,"large_woody_stems","south","Sassafras_albidum","1"
479,"large_woody_stems","south","Quercus_montana","2"
479,"large_woody_stems","south","Vaccinium_stamineum","1"
480,"basalarea","none","Nyssa_sylvatica","1"
480,"basalarea","none","Pinus_rigida","1"
480,"basalarea","none","Prunus_serotina","1"
480,"snag","none","snag","1"
480,"basalarea_edge","none","nodata","0"
480,"small_woody_stems","north","Kalmia_latifolia","4"
480,"small_woody_stems","north","Gaylussacia_baccata","0"
480,"small_woody_stems","north","Acer_rubrum","0"
480,"small_woody_stems","north","Nyssa_sylvatica","0"
480,"small_woody_stems","north","Sassafras_albidum","0"
480,"small_woody_stems","north","Gaylussacia_frondosa","2"
480,"small_woody_stems","north","Vaccinium_pallidum","0"
480,"small_woody_stems","north","Quercus_montana","0"
480,"small_woody_stems","north","Smilax_rotundifolia","0"
480,"small_woody_stems","north","Pinus_rigida","0"
480,"small_woody_stems","north","Prunus_serotina","0"
480,"medium_woody_stems","north","Kalmia_latifolia","4"
480,"medium_woody_stems","north","Gaylussacia_baccata","0"
480,"medium_woody_stems","north","Acer_rubrum","0"
480,"medium_woody_stems","north","Nyssa_sylvatica","0"
480,"medium_woody_stems","north","Sassafras_albidum","0"
480,"medium_woody_stems","north","Gaylussacia_frondosa","4"
480,"medium_woody_stems","north","Vaccinium_pallidum","0"
480,"medium_woody_stems","north","Quercus_montana","0"
480,"medium_woody_stems","north","Smilax_rotundifolia","1"
480,"medium_woody_stems","north","Pinus_rigida","0"
480,"medium_woody_stems","north","Prunus_serotina","0"
480,"large_woody_stems","north","Kalmia_latifolia","5"
480,"large_woody_stems","north","Gaylussacia_baccata","0"
480,"large_woody_stems","north","Acer_rubrum","6"
480,"large_woody_stems","north","Nyssa_sylvatica","2"
480,"large_woody_stems","north","Sassafras_albidum","0"
480,"large_woody_stems","north","Gaylussacia_frondosa","0"
480,"large_woody_stems","north","Vaccinium_pallidum","0"
480,"large_woody_stems","north","Quercus_montana","2"
480,"large_woody_stems","north","Smilax_rotundifolia","5"
480,"large_woody_stems","north","Pinus_rigida","1"
480,"large_woody_stems","north","Prunus_serotina","2"
480,"small_woody_stems","south","Kalmia_latifolia","1"
480,"small_woody_stems","south","Gaylussacia_baccata","32"
480,"small_woody_stems","south","Acer_rubrum","0"
480,"small_woody_stems","south","Nyssa_sylvatica","0"
480,"small_woody_stems","south","Sassafras_albidum","0"
480,"small_woody_stems","south","Gaylussacia_frondosa","9"
480,"small_woody_stems","south","Vaccinium_pallidum","8"
480,"small_woody_stems","south","Quercus_montana","0"
480,"small_woody_stems","south","Smilax_rotundifolia","0"
480,"small_woody_stems","south","Pinus_rigida","0"
480,"small_woody_stems","south","Prunus_serotina","0"
480,"medium_woody_stems","south","Kalmia_latifolia","5"
480,"medium_woody_stems","south","Gaylussacia_baccata","9"
480,"medium_woody_stems","south","Acer_rubrum","0"
480,"medium_woody_stems","south","Nyssa_sylvatica","0"
480,"medium_woody_stems","south","Sassafras_albidum","0"
480,"medium_woody_stems","south","Gaylussacia_frondosa","2"
480,"medium_woody_stems","south","Vaccinium_pallidum","0"
480,"medium_woody_stems","south","Quercus_montana","0"
480,"medium_woody_stems","south","Smilax_rotundifolia","0"
480,"medium_woody_stems","south","Pinus_rigida","0"
480,"medium_woody_stems","south","Prunus_serotina","0"
480,"large_woody_stems","south","Kalmia_latifolia","7"
480,"large_woody_stems","south","Gaylussacia_baccata","1"
480,"large_woody_stems","south","Acer_rubrum","3"
480,"large_woody_stems","south","Nyssa_sylvatica","3"
480,"large_woody_stems","south","Sassafras_albidum","3"
480,"large_woody_stems","south","Gaylussacia_frondosa","0"
480,"large_woody_stems","south","Vaccinium_pallidum","0"
480,"large_woody_stems","south","Quercus_montana","1"
480,"large_woody_stems","south","Smilax_rotundifolia","0"
480,"large_woody_stems","south","Pinus_rigida","0"
480,"large_woody_stems","south","Prunus_serotina","0"
481,"basalarea","none","Pinus_rigida","0"
481,"basalarea","none","Quercus_montana","1"
481,"snag","none","snag","0"
481,"basalarea_edge","none","nodata","1"
481,"small_woody_stems","north","Kalmia_latifolia","6"
481,"small_woody_stems","north","Quercus_montana","1"
481,"small_woody_stems","north","Nyssa_sylvatica","0"
481,"small_woody_stems","north","Amelanchier_spp","0"
481,"small_woody_stems","north","Quercus_coccinea","0"
481,"small_woody_stems","north","Gaylussacia_baccata","0"
481,"small_woody_stems","north","Acer_rubrum","0"
481,"medium_woody_stems","north","Kalmia_latifolia","12"
481,"medium_woody_stems","north","Quercus_montana","0"
481,"medium_woody_stems","north","Nyssa_sylvatica","0"
481,"medium_woody_stems","north","Amelanchier_spp","0"
481,"medium_woody_stems","north","Quercus_coccinea","0"
481,"medium_woody_stems","north","Gaylussacia_baccata","0"
481,"medium_woody_stems","north","Acer_rubrum","0"
481,"large_woody_stems","north","Kalmia_latifolia","0"
481,"large_woody_stems","north","Quercus_montana","6"
481,"large_woody_stems","north","Nyssa_sylvatica","8"
481,"large_woody_stems","north","Amelanchier_spp","3"
481,"large_woody_stems","north","Quercus_coccinea","1"
481,"large_woody_stems","north","Gaylussacia_baccata","0"
481,"large_woody_stems","north","Acer_rubrum","0"
481,"small_woody_stems","south","Kalmia_latifolia","4"
481,"small_woody_stems","south","Quercus_montana","0"
481,"small_woody_stems","south","Nyssa_sylvatica","0"
481,"small_woody_stems","south","Amelanchier_spp","0"
481,"small_woody_stems","south","Quercus_coccinea","0"
481,"small_woody_stems","south","Gaylussacia_baccata","5"
481,"small_woody_stems","south","Acer_rubrum","0"
481,"medium_woody_stems","south","Kalmia_latifolia","6"
481,"medium_woody_stems","south","Quercus_montana","0"
481,"medium_woody_stems","south","Nyssa_sylvatica","0"
481,"medium_woody_stems","south","Amelanchier_spp","0"
481,"medium_woody_stems","south","Quercus_coccinea","0"
481,"medium_woody_stems","south","Gaylussacia_baccata","2"
481,"medium_woody_stems","south","Acer_rubrum","0"
481,"large_woody_stems","south","Kalmia_latifolia","7"
481,"large_woody_stems","south","Quercus_montana","2"
481,"large_woody_stems","south","Nyssa_sylvatica","6"
481,"large_woody_stems","south","Amelanchier_spp","0"
481,"large_woody_stems","south","Quercus_coccinea","0"
481,"large_woody_stems","south","Gaylussacia_baccata","1"
481,"large_woody_stems","south","Acer_rubrum","9"
482,"basalarea","none","Nyssa_sylvatica","1"
482,"basalarea","none","Pinus_rigida","0"
482,"basalarea","none","Quercus_montana","1"
482,"snag","none","snag","0"
482,"basalarea_edge","none","nodata","1"
482,"small_woody_stems","north","Quercus_montana","0"
482,"small_woody_stems","north","Gaylussacia_frondosa","4"
482,"small_woody_stems","north","Smilax_rotundifolia","0"
482,"small_woody_stems","north","Sassafras_albidum","0"
482,"small_woody_stems","north","Gaylussacia_baccata","4"
482,"small_woody_stems","north","Kalmia_latifolia","4"
482,"small_woody_stems","north","Quercus_coccinea","0"
482,"small_woody_stems","north","Acer_rubrum","0"
482,"small_woody_stems","north","Nyssa_sylvatica","0"
482,"small_woody_stems","north","Vaccinium_pallidum","0"
482,"small_woody_stems","north","Amelanchier_spp","0"
482,"medium_woody_stems","north","Quercus_montana","0"
482,"medium_woody_stems","north","Gaylussacia_frondosa","14"
482,"medium_woody_stems","north","Smilax_rotundifolia","2"
482,"medium_woody_stems","north","Sassafras_albidum","0"
482,"medium_woody_stems","north","Gaylussacia_baccata","0"
482,"medium_woody_stems","north","Kalmia_latifolia","6"
482,"medium_woody_stems","north","Quercus_coccinea","0"
482,"medium_woody_stems","north","Acer_rubrum","0"
482,"medium_woody_stems","north","Nyssa_sylvatica","0"
482,"medium_woody_stems","north","Vaccinium_pallidum","0"
482,"medium_woody_stems","north","Amelanchier_spp","0"
482,"large_woody_stems","north","Quercus_montana","2"
482,"large_woody_stems","north","Gaylussacia_frondosa","0"
482,"large_woody_stems","north","Smilax_rotundifolia","0"
482,"large_woody_stems","north","Sassafras_albidum","14"
482,"large_woody_stems","north","Gaylussacia_baccata","0"
482,"large_woody_stems","north","Kalmia_latifolia","7"
482,"large_woody_stems","north","Quercus_coccinea","1"
482,"large_woody_stems","north","Acer_rubrum","7"
482,"large_woody_stems","north","Nyssa_sylvatica","1"
482,"large_woody_stems","north","Vaccinium_pallidum","0"
482,"large_woody_stems","north","Amelanchier_spp","0"
482,"small_woody_stems","south","Quercus_montana","2"
482,"small_woody_stems","south","Gaylussacia_frondosa","7"
482,"small_woody_stems","south","Smilax_rotundifolia","0"
482,"small_woody_stems","south","Sassafras_albidum","0"
482,"small_woody_stems","south","Gaylussacia_baccata","34"
482,"small_woody_stems","south","Kalmia_latifolia","0"
482,"small_woody_stems","south","Quercus_coccinea","0"
482,"small_woody_stems","south","Acer_rubrum","0"
482,"small_woody_stems","south","Nyssa_sylvatica","0"
482,"small_woody_stems","south","Vaccinium_pallidum","3"
482,"small_woody_stems","south","Amelanchier_spp","0"
482,"medium_woody_stems","south","Quercus_montana","0"
482,"medium_woody_stems","south","Gaylussacia_frondosa","13"
482,"medium_woody_stems","south","Smilax_rotundifolia","0"
482,"medium_woody_stems","south","Sassafras_albidum","0"
482,"medium_woody_stems","south","Gaylussacia_baccata","24"
482,"medium_woody_stems","south","Kalmia_latifolia","1"
482,"medium_woody_stems","south","Quercus_coccinea","0"
482,"medium_woody_stems","south","Acer_rubrum","1"
482,"medium_woody_stems","south","Nyssa_sylvatica","0"
482,"medium_woody_stems","south","Vaccinium_pallidum","2"
482,"medium_woody_stems","south","Amelanchier_spp","0"
482,"large_woody_stems","south","Quercus_montana","15"
482,"large_woody_stems","south","Gaylussacia_frondosa","1"
482,"large_woody_stems","south","Smilax_rotundifolia","0"
482,"large_woody_stems","south","Sassafras_albidum","5"
482,"large_woody_stems","south","Gaylussacia_baccata","10"
482,"large_woody_stems","south","Kalmia_latifolia","5"
482,"large_woody_stems","south","Quercus_coccinea","0"
482,"large_woody_stems","south","Acer_rubrum","3"
482,"large_woody_stems","south","Nyssa_sylvatica","1"
482,"large_woody_stems","south","Vaccinium_pallidum","0"
482,"large_woody_stems","south","Amelanchier_spp","1"
483,"basalarea","none","Pinus_strobus","1"
483,"basalarea","none","Nyssa_sylvatica","2"
483,"basalarea","none","Quercus_montana","4"
483,"snag","none","snag","7"
483,"basalarea_edge","none","nodata","1"
483,"small_woody_stems","north","Kalmia_latifolia","5"
483,"small_woody_stems","north","Gaylussacia_baccata","7"
483,"small_woody_stems","north","Smilax_rotundifolia","0"
483,"small_woody_stems","north","Pinus_strobus","1"
483,"small_woody_stems","north","Vaccinium_pallidum","0"
483,"medium_woody_stems","north","Kalmia_latifolia","4"
483,"medium_woody_stems","north","Gaylussacia_baccata","0"
483,"medium_woody_stems","north","Smilax_rotundifolia","0"
483,"medium_woody_stems","north","Pinus_strobus","0"
483,"medium_woody_stems","north","Vaccinium_pallidum","0"
483,"large_woody_stems","north","Kalmia_latifolia","8"
483,"large_woody_stems","north","Gaylussacia_baccata","0"
483,"large_woody_stems","north","Smilax_rotundifolia","2"
483,"large_woody_stems","north","Pinus_strobus","0"
483,"large_woody_stems","north","Vaccinium_pallidum","0"
483,"small_woody_stems","south","Kalmia_latifolia","11"
483,"small_woody_stems","south","Gaylussacia_baccata","0"
483,"small_woody_stems","south","Smilax_rotundifolia","0"
483,"small_woody_stems","south","Pinus_strobus","0"
483,"small_woody_stems","south","Vaccinium_pallidum","8"
483,"medium_woody_stems","south","Kalmia_latifolia","9"
483,"medium_woody_stems","south","Gaylussacia_baccata","0"
483,"medium_woody_stems","south","Smilax_rotundifolia","0"
483,"medium_woody_stems","south","Pinus_strobus","0"
483,"medium_woody_stems","south","Vaccinium_pallidum","0"
483,"large_woody_stems","south","Kalmia_latifolia","12"
483,"large_woody_stems","south","Gaylussacia_baccata","0"
483,"large_woody_stems","south","Smilax_rotundifolia","0"
483,"large_woody_stems","south","Pinus_strobus","0"
483,"large_woody_stems","south","Vaccinium_pallidum","0"
484,"basalarea","none","Nyssa_sylvatica","3"
484,"basalarea","none","Pinus_rigida","1"
484,"snag","none","snag","6"
484,"basalarea_edge","none","nodata","0"
484,"small_woody_stems","north","Kalmia_latifolia","2"
484,"small_woody_stems","north","Vaccinium_pallidum","13"
484,"small_woody_stems","north","Acer_rubrum","0"
484,"small_woody_stems","north","Amelanchier_spp","1"
484,"small_woody_stems","north","Smilax_rotundifolia","1"
484,"small_woody_stems","north","Nyssa_sylvatica","0"
484,"small_woody_stems","north","Gaylussacia_baccata","0"
484,"small_woody_stems","north","Pinus_strobus","0"
484,"medium_woody_stems","north","Kalmia_latifolia","8"
484,"medium_woody_stems","north","Vaccinium_pallidum","0"
484,"medium_woody_stems","north","Acer_rubrum","0"
484,"medium_woody_stems","north","Amelanchier_spp","0"
484,"medium_woody_stems","north","Smilax_rotundifolia","0"
484,"medium_woody_stems","north","Nyssa_sylvatica","0"
484,"medium_woody_stems","north","Gaylussacia_baccata","0"
484,"medium_woody_stems","north","Pinus_strobus","0"
484,"large_woody_stems","north","Kalmia_latifolia","7"
484,"large_woody_stems","north","Vaccinium_pallidum","0"
484,"large_woody_stems","north","Acer_rubrum","1"
484,"large_woody_stems","north","Amelanchier_spp","0"
484,"large_woody_stems","north","Smilax_rotundifolia","0"
484,"large_woody_stems","north","Nyssa_sylvatica","0"
484,"large_woody_stems","north","Gaylussacia_baccata","0"
484,"large_woody_stems","north","Pinus_strobus","0"
484,"small_woody_stems","south","Kalmia_latifolia","11"
484,"small_woody_stems","south","Vaccinium_pallidum","6"
484,"small_woody_stems","south","Acer_rubrum","0"
484,"small_woody_stems","south","Amelanchier_spp","1"
484,"small_woody_stems","south","Smilax_rotundifolia","0"
484,"small_woody_stems","south","Nyssa_sylvatica","0"
484,"small_woody_stems","south","Gaylussacia_baccata","2"
484,"small_woody_stems","south","Pinus_strobus","1"
484,"medium_woody_stems","south","Kalmia_latifolia","12"
484,"medium_woody_stems","south","Vaccinium_pallidum","0"
484,"medium_woody_stems","south","Acer_rubrum","0"
484,"medium_woody_stems","south","Amelanchier_spp","0"
484,"medium_woody_stems","south","Smilax_rotundifolia","0"
484,"medium_woody_stems","south","Nyssa_sylvatica","0"
484,"medium_woody_stems","south","Gaylussacia_baccata","0"
484,"medium_woody_stems","south","Pinus_strobus","0"
484,"large_woody_stems","south","Kalmia_latifolia","4"
484,"large_woody_stems","south","Vaccinium_pallidum","0"
484,"large_woody_stems","south","Acer_rubrum","0"
484,"large_woody_stems","south","Amelanchier_spp","0"
484,"large_woody_stems","south","Smilax_rotundifolia","0"
484,"large_woody_stems","south","Nyssa_sylvatica","1"
484,"large_woody_stems","south","Gaylussacia_baccata","0"
484,"large_woody_stems","south","Pinus_strobus","0"
485,"basalarea","none","Pinus_rigida","5"
485,"basalarea","none","Nyssa_sylvatica","6"
485,"snag","none","snag","1"
485,"basalarea_edge","none","nodata","3"
485,"small_woody_stems","north","Kalmia_latifolia","3"
485,"small_woody_stems","north","Gaylussacia_baccata","21"
485,"small_woody_stems","north","Acer_rubrum","3"
485,"small_woody_stems","north","Nyssa_sylvatica","0"
485,"small_woody_stems","north","Vaccinium_pallidum","0"
485,"medium_woody_stems","north","Kalmia_latifolia","7"
485,"medium_woody_stems","north","Gaylussacia_baccata","0"
485,"medium_woody_stems","north","Acer_rubrum","1"
485,"medium_woody_stems","north","Nyssa_sylvatica","0"
485,"medium_woody_stems","north","Vaccinium_pallidum","0"
485,"large_woody_stems","north","Kalmia_latifolia","8"
485,"large_woody_stems","north","Gaylussacia_baccata","0"
485,"large_woody_stems","north","Acer_rubrum","0"
485,"large_woody_stems","north","Nyssa_sylvatica","1"
485,"large_woody_stems","north","Vaccinium_pallidum","0"
485,"small_woody_stems","south","Kalmia_latifolia","4"
485,"small_woody_stems","south","Gaylussacia_baccata","16"
485,"small_woody_stems","south","Acer_rubrum","0"
485,"small_woody_stems","south","Nyssa_sylvatica","0"
485,"small_woody_stems","south","Vaccinium_pallidum","6"
485,"medium_woody_stems","south","Kalmia_latifolia","7"
485,"medium_woody_stems","south","Gaylussacia_baccata","3"
485,"medium_woody_stems","south","Acer_rubrum","0"
485,"medium_woody_stems","south","Nyssa_sylvatica","0"
485,"medium_woody_stems","south","Vaccinium_pallidum","0"
485,"large_woody_stems","south","Kalmia_latifolia","8"
485,"large_woody_stems","south","Gaylussacia_baccata","0"
485,"large_woody_stems","south","Acer_rubrum","0"
485,"large_woody_stems","south","Nyssa_sylvatica","2"
485,"large_woody_stems","south","Vaccinium_pallidum","0"
486,"basalarea","none","Pinus_rigida","3"
486,"basalarea","none","Nyssa_sylvatica","5"
486,"snag","none","snag","2"
486,"basalarea_edge","none","nodata","0"
486,"small_woody_stems","north","Kalmia_latifolia","4"
486,"small_woody_stems","north","Gaylussacia_baccata","6"
486,"small_woody_stems","north","Pinus_rigida","0"
486,"small_woody_stems","north","Smilax_rotundifolia","0"
486,"medium_woody_stems","north","Kalmia_latifolia","0"
486,"medium_woody_stems","north","Gaylussacia_baccata","0"
486,"medium_woody_stems","north","Pinus_rigida","1"
486,"medium_woody_stems","north","Smilax_rotundifolia","0"
486,"large_woody_stems","north","Kalmia_latifolia","1"
486,"large_woody_stems","north","Gaylussacia_baccata","0"
486,"large_woody_stems","north","Pinus_rigida","0"
486,"large_woody_stems","north","Smilax_rotundifolia","0"
486,"small_woody_stems","south","Kalmia_latifolia","9"
486,"small_woody_stems","south","Gaylussacia_baccata","9"
486,"small_woody_stems","south","Pinus_rigida","0"
486,"small_woody_stems","south","Smilax_rotundifolia","2"
486,"medium_woody_stems","south","Kalmia_latifolia","1"
486,"medium_woody_stems","south","Gaylussacia_baccata","0"
486,"medium_woody_stems","south","Pinus_rigida","2"
486,"medium_woody_stems","south","Smilax_rotundifolia","0"
486,"large_woody_stems","south","Kalmia_latifolia","1"
486,"large_woody_stems","south","Gaylussacia_baccata","0"
486,"large_woody_stems","south","Pinus_rigida","0"
486,"large_woody_stems","south","Smilax_rotundifolia","0"
487,"basalarea","none","Nyssa_sylvatica","4"
487,"snag","none","snag","8"
487,"basalarea_edge","none","nodata","0"
487,"small_woody_stems","north","Kalmia_latifolia","9"
487,"small_woody_stems","north","Vaccinium_pallidum","3"
487,"small_woody_stems","north","Acer_rubrum","0"
487,"small_woody_stems","north","Gaylussacia_baccata","5"
487,"small_woody_stems","north","Smilax_rotundifolia","1"
487,"small_woody_stems","north","Pinus_strobus","0"
487,"medium_woody_stems","north","Kalmia_latifolia","2"
487,"medium_woody_stems","north","Vaccinium_pallidum","0"
487,"medium_woody_stems","north","Acer_rubrum","0"
487,"medium_woody_stems","north","Gaylussacia_baccata","0"
487,"medium_woody_stems","north","Smilax_rotundifolia","0"
487,"medium_woody_stems","north","Pinus_strobus","0"
487,"large_woody_stems","north","Kalmia_latifolia","10"
487,"large_woody_stems","north","Vaccinium_pallidum","0"
487,"large_woody_stems","north","Acer_rubrum","4"
487,"large_woody_stems","north","Gaylussacia_baccata","0"
487,"large_woody_stems","north","Smilax_rotundifolia","0"
487,"large_woody_stems","north","Pinus_strobus","0"
487,"small_woody_stems","south","Kalmia_latifolia","3"
487,"small_woody_stems","south","Vaccinium_pallidum","10"
487,"small_woody_stems","south","Acer_rubrum","0"
487,"small_woody_stems","south","Gaylussacia_baccata","13"
487,"small_woody_stems","south","Smilax_rotundifolia","0"
487,"small_woody_stems","south","Pinus_strobus","0"
487,"medium_woody_stems","south","Kalmia_latifolia","7"
487,"medium_woody_stems","south","Vaccinium_pallidum","1"
487,"medium_woody_stems","south","Acer_rubrum","0"
487,"medium_woody_stems","south","Gaylussacia_baccata","1"
487,"medium_woody_stems","south","Smilax_rotundifolia","0"
487,"medium_woody_stems","south","Pinus_strobus","1"
487,"large_woody_stems","south","Kalmia_latifolia","6"
487,"large_woody_stems","south","Vaccinium_pallidum","0"
487,"large_woody_stems","south","Acer_rubrum","1"
487,"large_woody_stems","south","Gaylussacia_baccata","0"
487,"large_woody_stems","south","Smilax_rotundifolia","0"
487,"large_woody_stems","south","Pinus_strobus","0"
488,"basalarea","none","Nyssa_sylvatica","8"
488,"basalarea","none","Pinus_strobus","1"
488,"snag","none","snag","3"
488,"basalarea_edge","none","nodata","3"
488,"small_woody_stems","north","Kalmia_latifolia","0"
488,"small_woody_stems","north","Smilax_rotundifolia","1"
488,"small_woody_stems","north","Vaccinium_angustifolium","1"
488,"small_woody_stems","north","Vaccinium_pallidum","1"
488,"small_woody_stems","north","Pinus_strobus","0"
488,"small_woody_stems","north","Acer_rubrum","0"
488,"medium_woody_stems","north","Kalmia_latifolia","20"
488,"medium_woody_stems","north","Smilax_rotundifolia","0"
488,"medium_woody_stems","north","Vaccinium_angustifolium","0"
488,"medium_woody_stems","north","Vaccinium_pallidum","0"
488,"medium_woody_stems","north","Pinus_strobus","0"
488,"medium_woody_stems","north","Acer_rubrum","0"
488,"large_woody_stems","north","Kalmia_latifolia","8"
488,"large_woody_stems","north","Smilax_rotundifolia","0"
488,"large_woody_stems","north","Vaccinium_angustifolium","0"
488,"large_woody_stems","north","Vaccinium_pallidum","0"
488,"large_woody_stems","north","Pinus_strobus","0"
488,"large_woody_stems","north","Acer_rubrum","0"
488,"small_woody_stems","south","Kalmia_latifolia","8"
488,"small_woody_stems","south","Smilax_rotundifolia","0"
488,"small_woody_stems","south","Vaccinium_angustifolium","0"
488,"small_woody_stems","south","Vaccinium_pallidum","2"
488,"small_woody_stems","south","Pinus_strobus","1"
488,"small_woody_stems","south","Acer_rubrum","0"
488,"medium_woody_stems","south","Kalmia_latifolia","6"
488,"medium_woody_stems","south","Smilax_rotundifolia","3"
488,"medium_woody_stems","south","Vaccinium_angustifolium","0"
488,"medium_woody_stems","south","Vaccinium_pallidum","0"
488,"medium_woody_stems","south","Pinus_strobus","0"
488,"medium_woody_stems","south","Acer_rubrum","0"
488,"large_woody_stems","south","Kalmia_latifolia","7"
488,"large_woody_stems","south","Smilax_rotundifolia","3"
488,"large_woody_stems","south","Vaccinium_angustifolium","0"
488,"large_woody_stems","south","Vaccinium_pallidum","0"
488,"large_woody_stems","south","Pinus_strobus","0"
488,"large_woody_stems","south","Acer_rubrum","1"
489,"basalarea","none","Nyssa_sylvatica","1"
489,"basalarea","none","Quercus_montana","2"
489,"snag","none","snag","9"
489,"basalarea_edge","none","nodata","2"
489,"small_woody_stems","north","Kalmia_latifolia","3"
489,"small_woody_stems","north","Vaccinium_pallidum","3"
489,"small_woody_stems","north","Acer_rubrum","0"
489,"small_woody_stems","north","Gaylussacia_baccata","9"
489,"small_woody_stems","north","Pinus_strobus","0"
489,"medium_woody_stems","north","Kalmia_latifolia","9"
489,"medium_woody_stems","north","Vaccinium_pallidum","0"
489,"medium_woody_stems","north","Acer_rubrum","0"
489,"medium_woody_stems","north","Gaylussacia_baccata","0"
489,"medium_woody_stems","north","Pinus_strobus","0"
489,"large_woody_stems","north","Kalmia_latifolia","6"
489,"large_woody_stems","north","Vaccinium_pallidum","0"
489,"large_woody_stems","north","Acer_rubrum","2"
489,"large_woody_stems","north","Gaylussacia_baccata","0"
489,"large_woody_stems","north","Pinus_strobus","0"
489,"small_woody_stems","south","Kalmia_latifolia","2"
489,"small_woody_stems","south","Vaccinium_pallidum","8"
489,"small_woody_stems","south","Acer_rubrum","0"
489,"small_woody_stems","south","Gaylussacia_baccata","36"
489,"small_woody_stems","south","Pinus_strobus","0"
489,"medium_woody_stems","south","Kalmia_latifolia","2"
489,"medium_woody_stems","south","Vaccinium_pallidum","0"
489,"medium_woody_stems","south","Acer_rubrum","0"
489,"medium_woody_stems","south","Gaylussacia_baccata","2"
489,"medium_woody_stems","south","Pinus_strobus","1"
489,"large_woody_stems","south","Kalmia_latifolia","2"
489,"large_woody_stems","south","Vaccinium_pallidum","0"
489,"large_woody_stems","south","Acer_rubrum","0"
489,"large_woody_stems","south","Gaylussacia_baccata","0"
489,"large_woody_stems","south","Pinus_strobus","0"
490,"basalarea","none","Quercus_montana","2"
490,"basalarea","none","Nyssa_sylvatica","4"
490,"basalarea","none","Pinus_strobus","2"
490,"basalarea","none","Sassafras_albidum","1"
490,"snag","none","snag","6"
490,"basalarea_edge","none","nodata","0"
490,"small_woody_stems","north","Kalmia_latifolia","3"
490,"small_woody_stems","north","Gaylussacia_baccata","4"
490,"small_woody_stems","north","Smilax_rotundifolia","0"
490,"small_woody_stems","north","Vaccinium_pallidum","14"
490,"medium_woody_stems","north","Kalmia_latifolia","7"
490,"medium_woody_stems","north","Gaylussacia_baccata","1"
490,"medium_woody_stems","north","Smilax_rotundifolia","1"
490,"medium_woody_stems","north","Vaccinium_pallidum","0"
490,"large_woody_stems","north","Kalmia_latifolia","6"
490,"large_woody_stems","north","Gaylussacia_baccata","0"
490,"large_woody_stems","north","Smilax_rotundifolia","0"
490,"large_woody_stems","north","Vaccinium_pallidum","0"
490,"small_woody_stems","south","Kalmia_latifolia","8"
490,"small_woody_stems","south","Gaylussacia_baccata","14"
490,"small_woody_stems","south","Smilax_rotundifolia","0"
490,"small_woody_stems","south","Vaccinium_pallidum","0"
490,"medium_woody_stems","south","Kalmia_latifolia","7"
490,"medium_woody_stems","south","Gaylussacia_baccata","0"
490,"medium_woody_stems","south","Smilax_rotundifolia","0"
490,"medium_woody_stems","south","Vaccinium_pallidum","0"
490,"large_woody_stems","south","Kalmia_latifolia","0"
490,"large_woody_stems","south","Gaylussacia_baccata","0"
490,"large_woody_stems","south","Smilax_rotundifolia","0"
490,"large_woody_stems","south","Vaccinium_pallidum","0"
491,"basalarea","none","Nyssa_sylvatica","8"
491,"basalarea","none","Pinus_rigida","1"
491,"basalarea","none","Quercus_montana","1"
491,"snag","none","snag","0"
491,"basalarea_edge","none","nodata","0"
491,"small_woody_stems","north","Vaccinium_pallidum","14"
491,"small_woody_stems","north","Kalmia_latifolia","1"
491,"small_woody_stems","north","Gaylussacia_baccata","13"
491,"small_woody_stems","north","Sassafras_albidum","0"
491,"small_woody_stems","north","Pinus_rigida","0"
491,"small_woody_stems","north","Quercus_coccinea","0"
491,"small_woody_stems","north","Comptonia_peregrina","0"
491,"medium_woody_stems","north","Vaccinium_pallidum","2"
491,"medium_woody_stems","north","Kalmia_latifolia","7"
491,"medium_woody_stems","north","Gaylussacia_baccata","6"
491,"medium_woody_stems","north","Sassafras_albidum","0"
491,"medium_woody_stems","north","Pinus_rigida","0"
491,"medium_woody_stems","north","Quercus_coccinea","0"
491,"medium_woody_stems","north","Comptonia_peregrina","0"
491,"large_woody_stems","north","Vaccinium_pallidum","0"
491,"large_woody_stems","north","Kalmia_latifolia","6"
491,"large_woody_stems","north","Gaylussacia_baccata","0"
491,"large_woody_stems","north","Sassafras_albidum","0"
491,"large_woody_stems","north","Pinus_rigida","0"
491,"large_woody_stems","north","Quercus_coccinea","0"
491,"large_woody_stems","north","Comptonia_peregrina","0"
491,"small_woody_stems","south","Vaccinium_pallidum","12"
491,"small_woody_stems","south","Kalmia_latifolia","3"
491,"small_woody_stems","south","Gaylussacia_baccata","11"
491,"small_woody_stems","south","Sassafras_albidum","0"
491,"small_woody_stems","south","Pinus_rigida","0"
491,"small_woody_stems","south","Quercus_coccinea","0"
491,"small_woody_stems","south","Comptonia_peregrina","6"
491,"medium_woody_stems","south","Vaccinium_pallidum","0"
491,"medium_woody_stems","south","Kalmia_latifolia","2"
491,"medium_woody_stems","south","Gaylussacia_baccata","1"
491,"medium_woody_stems","south","Sassafras_albidum","0"
491,"medium_woody_stems","south","Pinus_rigida","1"
491,"medium_woody_stems","south","Quercus_coccinea","0"
491,"medium_woody_stems","south","Comptonia_peregrina","0"
491,"large_woody_stems","south","Vaccinium_pallidum","0"
491,"large_woody_stems","south","Kalmia_latifolia","2"
491,"large_woody_stems","south","Gaylussacia_baccata","0"
491,"large_woody_stems","south","Sassafras_albidum","2"
491,"large_woody_stems","south","Pinus_rigida","6"
491,"large_woody_stems","south","Quercus_coccinea","1"
491,"large_woody_stems","south","Comptonia_peregrina","0"
492,"basalarea","none","Nyssa_sylvatica","4"
492,"basalarea","none","Quercus_montana","4"
492,"basalarea","none","Pinus_rigida","1"
492,"snag","none","snag","1"
492,"basalarea_edge","none","nodata","1"
492,"small_woody_stems","north","Kalmia_latifolia","4"
492,"small_woody_stems","north","Gaylussacia_baccata","20"
492,"small_woody_stems","north","Vaccinium_pallidum","17"
492,"medium_woody_stems","north","Kalmia_latifolia","5"
492,"medium_woody_stems","north","Gaylussacia_baccata","4"
492,"medium_woody_stems","north","Vaccinium_pallidum","0"
492,"large_woody_stems","north","Kalmia_latifolia","4"
492,"large_woody_stems","north","Gaylussacia_baccata","0"
492,"large_woody_stems","north","Vaccinium_pallidum","0"
492,"small_woody_stems","south","Kalmia_latifolia","2"
492,"small_woody_stems","south","Gaylussacia_baccata","21"
492,"small_woody_stems","south","Vaccinium_pallidum","10"
492,"medium_woody_stems","south","Kalmia_latifolia","2"
492,"medium_woody_stems","south","Gaylussacia_baccata","0"
492,"medium_woody_stems","south","Vaccinium_pallidum","0"
492,"large_woody_stems","south","Kalmia_latifolia","4"
492,"large_woody_stems","south","Gaylussacia_baccata","0"
492,"large_woody_stems","south","Vaccinium_pallidum","0"
493,"snag","none","snag","0"
493,"basalarea_edge","none","nodata","0"
493,"small_woody_stems","north","Gaylussacia_baccata","40"
493,"small_woody_stems","north","Kalmia_latifolia","2"
493,"small_woody_stems","north","Smilax_rotundifolia","1"
493,"small_woody_stems","north","Gaylussacia_frondosa","14"
493,"small_woody_stems","north","Rubus_allegheniensis","0"
493,"small_woody_stems","north","Acer_rubrum","0"
493,"small_woody_stems","north","Quercus_coccinea","0"
493,"small_woody_stems","north","Amelanchier_spp","0"
493,"small_woody_stems","north","Quercus_ilicifolia","0"
493,"medium_woody_stems","north","Gaylussacia_baccata","0"
493,"medium_woody_stems","north","Kalmia_latifolia","2"
493,"medium_woody_stems","north","Smilax_rotundifolia","0"
493,"medium_woody_stems","north","Gaylussacia_frondosa","0"
493,"medium_woody_stems","north","Rubus_allegheniensis","0"
493,"medium_woody_stems","north","Acer_rubrum","0"
493,"medium_woody_stems","north","Quercus_coccinea","0"
493,"medium_woody_stems","north","Amelanchier_spp","0"
493,"medium_woody_stems","north","Quercus_ilicifolia","0"
493,"large_woody_stems","north","Gaylussacia_baccata","0"
493,"large_woody_stems","north","Kalmia_latifolia","1"
493,"large_woody_stems","north","Smilax_rotundifolia","0"
493,"large_woody_stems","north","Gaylussacia_frondosa","0"
493,"large_woody_stems","north","Rubus_allegheniensis","0"
493,"large_woody_stems","north","Acer_rubrum","0"
493,"large_woody_stems","north","Quercus_coccinea","0"
493,"large_woody_stems","north","Amelanchier_spp","0"
493,"large_woody_stems","north","Quercus_ilicifolia","0"
493,"small_woody_stems","south","Gaylussacia_baccata","5"
493,"small_woody_stems","south","Kalmia_latifolia","0"
493,"small_woody_stems","south","Smilax_rotundifolia","19"
493,"small_woody_stems","south","Gaylussacia_frondosa","55"
493,"small_woody_stems","south","Rubus_allegheniensis","11"
493,"small_woody_stems","south","Acer_rubrum","1"
493,"small_woody_stems","south","Quercus_coccinea","1"
493,"small_woody_stems","south","Amelanchier_spp","0"
493,"small_woody_stems","south","Quercus_ilicifolia","0"
493,"medium_woody_stems","south","Gaylussacia_baccata","0"
493,"medium_woody_stems","south","Kalmia_latifolia","0"
493,"medium_woody_stems","south","Smilax_rotundifolia","16"
493,"medium_woody_stems","south","Gaylussacia_frondosa","35"
493,"medium_woody_stems","south","Rubus_allegheniensis","2"
493,"medium_woody_stems","south","Acer_rubrum","1"
493,"medium_woody_stems","south","Quercus_coccinea","2"
493,"medium_woody_stems","south","Amelanchier_spp","0"
493,"medium_woody_stems","south","Quercus_ilicifolia","2"
493,"large_woody_stems","south","Gaylussacia_baccata","0"
493,"large_woody_stems","south","Kalmia_latifolia","0"
493,"large_woody_stems","south","Smilax_rotundifolia","1"
493,"large_woody_stems","south","Gaylussacia_frondosa","0"
493,"large_woody_stems","south","Rubus_allegheniensis","0"
493,"large_woody_stems","south","Acer_rubrum","0"
493,"large_woody_stems","south","Quercus_coccinea","0"
493,"large_woody_stems","south","Amelanchier_spp","2"
493,"large_woody_stems","south","Quercus_ilicifolia","0"
494,"basalarea","none","Nyssa_sylvatica","1"
494,"basalarea","none","Pinus_rigida","1"
494,"basalarea","none","Quercus_rubra","0"
494,"snag","none","snag","1"
494,"basalarea_edge","none","nodata","8"
494,"small_woody_stems","north","Kalmia_latifolia","3"
494,"small_woody_stems","north","Vaccinium_pallidum","52"
494,"small_woody_stems","north","Gaylussacia_baccata","23"
494,"small_woody_stems","north","Pinus_rigida","0"
494,"medium_woody_stems","north","Kalmia_latifolia","12"
494,"medium_woody_stems","north","Vaccinium_pallidum","0"
494,"medium_woody_stems","north","Gaylussacia_baccata","0"
494,"medium_woody_stems","north","Pinus_rigida","0"
494,"large_woody_stems","north","Kalmia_latifolia","7"
494,"large_woody_stems","north","Vaccinium_pallidum","0"
494,"large_woody_stems","north","Gaylussacia_baccata","0"
494,"large_woody_stems","north","Pinus_rigida","0"
494,"small_woody_stems","south","Kalmia_latifolia","4"
494,"small_woody_stems","south","Vaccinium_pallidum","36"
494,"small_woody_stems","south","Gaylussacia_baccata","14"
494,"small_woody_stems","south","Pinus_rigida","0"
494,"medium_woody_stems","south","Kalmia_latifolia","7"
494,"medium_woody_stems","south","Vaccinium_pallidum","10"
494,"medium_woody_stems","south","Gaylussacia_baccata","0"
494,"medium_woody_stems","south","Pinus_rigida","1"
494,"large_woody_stems","south","Kalmia_latifolia","14"
494,"large_woody_stems","south","Vaccinium_pallidum","0"
494,"large_woody_stems","south","Gaylussacia_baccata","0"
494,"large_woody_stems","south","Pinus_rigida","1"
495,"basalarea","none","Pinus_rigida","3"
495,"snag","none","snag","0"
495,"basalarea_edge","none","nodata","0"
495,"small_woody_stems","north","Kalmia_latifolia","1"
495,"small_woody_stems","north","Amelanchier_spp","0"
495,"small_woody_stems","north","Pinus_rigida","0"
495,"small_woody_stems","north","Acer_rubrum","0"
495,"small_woody_stems","north","Sassafras_albidum","0"
495,"small_woody_stems","north","Populus_grandidentata","0"
495,"small_woody_stems","north","Smilax_rotundifolia","0"
495,"small_woody_stems","north","Nyssa_sylvatica","0"
495,"small_woody_stems","north","Quercus_velutina","0"
495,"medium_woody_stems","north","Kalmia_latifolia","6"
495,"medium_woody_stems","north","Amelanchier_spp","0"
495,"medium_woody_stems","north","Pinus_rigida","0"
495,"medium_woody_stems","north","Acer_rubrum","0"
495,"medium_woody_stems","north","Sassafras_albidum","1"
495,"medium_woody_stems","north","Populus_grandidentata","0"
495,"medium_woody_stems","north","Smilax_rotundifolia","0"
495,"medium_woody_stems","north","Nyssa_sylvatica","0"
495,"medium_woody_stems","north","Quercus_velutina","0"
495,"large_woody_stems","north","Kalmia_latifolia","3"
495,"large_woody_stems","north","Amelanchier_spp","2"
495,"large_woody_stems","north","Pinus_rigida","13"
495,"large_woody_stems","north","Acer_rubrum","1"
495,"large_woody_stems","north","Sassafras_albidum","1"
495,"large_woody_stems","north","Populus_grandidentata","1"
495,"large_woody_stems","north","Smilax_rotundifolia","0"
495,"large_woody_stems","north","Nyssa_sylvatica","0"
495,"large_woody_stems","north","Quercus_velutina","0"
495,"small_woody_stems","south","Kalmia_latifolia","0"
495,"small_woody_stems","south","Amelanchier_spp","0"
495,"small_woody_stems","south","Pinus_rigida","0"
495,"small_woody_stems","south","Acer_rubrum","0"
495,"small_woody_stems","south","Sassafras_albidum","0"
495,"small_woody_stems","south","Populus_grandidentata","0"
495,"small_woody_stems","south","Smilax_rotundifolia","0"
495,"small_woody_stems","south","Nyssa_sylvatica","0"
495,"small_woody_stems","south","Quercus_velutina","0"
495,"medium_woody_stems","south","Kalmia_latifolia","2"
495,"medium_woody_stems","south","Amelanchier_spp","0"
495,"medium_woody_stems","south","Pinus_rigida","0"
495,"medium_woody_stems","south","Acer_rubrum","0"
495,"medium_woody_stems","south","Sassafras_albidum","0"
495,"medium_woody_stems","south","Populus_grandidentata","0"
495,"medium_woody_stems","south","Smilax_rotundifolia","0"
495,"medium_woody_stems","south","Nyssa_sylvatica","0"
495,"medium_woody_stems","south","Quercus_velutina","0"
495,"large_woody_stems","south","Kalmia_latifolia","6"
495,"large_woody_stems","south","Amelanchier_spp","0"
495,"large_woody_stems","south","Pinus_rigida","8"
495,"large_woody_stems","south","Acer_rubrum","7"
495,"large_woody_stems","south","Sassafras_albidum","2"
495,"large_woody_stems","south","Populus_grandidentata","0"
495,"large_woody_stems","south","Smilax_rotundifolia","6"
495,"large_woody_stems","south","Nyssa_sylvatica","2"
495,"large_woody_stems","south","Quercus_velutina","1"
496,"basalarea","none","Pinus_rigida","1"
496,"snag","none","snag","0"
496,"basalarea_edge","none","nodata","1"
496,"small_woody_stems","north","Kalmia_latifolia","3"
496,"small_woody_stems","north","Gaylussacia_baccata","66"
496,"small_woody_stems","north","Nyssa_sylvatica","0"
496,"small_woody_stems","north","Pinus_rigida","0"
496,"small_woody_stems","north","Sassafras_albidum","0"
496,"small_woody_stems","north","Vaccinium_pallidum","0"
496,"medium_woody_stems","north","Kalmia_latifolia","1"
496,"medium_woody_stems","north","Gaylussacia_baccata","0"
496,"medium_woody_stems","north","Nyssa_sylvatica","0"
496,"medium_woody_stems","north","Pinus_rigida","0"
496,"medium_woody_stems","north","Sassafras_albidum","0"
496,"medium_woody_stems","north","Vaccinium_pallidum","0"
496,"large_woody_stems","north","Kalmia_latifolia","1"
496,"large_woody_stems","north","Gaylussacia_baccata","0"
496,"large_woody_stems","north","Nyssa_sylvatica","2"
496,"large_woody_stems","north","Pinus_rigida","2"
496,"large_woody_stems","north","Sassafras_albidum","0"
496,"large_woody_stems","north","Vaccinium_pallidum","0"
496,"small_woody_stems","south","Kalmia_latifolia","3"
496,"small_woody_stems","south","Gaylussacia_baccata","37"
496,"small_woody_stems","south","Nyssa_sylvatica","0"
496,"small_woody_stems","south","Pinus_rigida","0"
496,"small_woody_stems","south","Sassafras_albidum","0"
496,"small_woody_stems","south","Vaccinium_pallidum","1"
496,"medium_woody_stems","south","Kalmia_latifolia","7"
496,"medium_woody_stems","south","Gaylussacia_baccata","5"
496,"medium_woody_stems","south","Nyssa_sylvatica","0"
496,"medium_woody_stems","south","Pinus_rigida","0"
496,"medium_woody_stems","south","Sassafras_albidum","0"
496,"medium_woody_stems","south","Vaccinium_pallidum","0"
496,"large_woody_stems","south","Kalmia_latifolia","7"
496,"large_woody_stems","south","Gaylussacia_baccata","0"
496,"large_woody_stems","south","Nyssa_sylvatica","11"
496,"large_woody_stems","south","Pinus_rigida","0"
496,"large_woody_stems","south","Sassafras_albidum","1"
496,"large_woody_stems","south","Vaccinium_pallidum","0"
497,"basalarea","none","Quercus_montana","1"
497,"basalarea","none","Nyssa_sylvatica","5"
497,"snag","none","snag","1"
497,"basalarea_edge","none","nodata","9"
497,"small_woody_stems","north","Kalmia_latifolia","16"
497,"small_woody_stems","north","Gaylussacia_baccata","2"
497,"small_woody_stems","north","Acer_rubrum","1"
497,"small_woody_stems","north","Pinus_strobus","1"
497,"small_woody_stems","north","Vaccinium_pallidum","0"
497,"small_woody_stems","north","Vaccinium_angustifolium","0"
497,"medium_woody_stems","north","Kalmia_latifolia","11"
497,"medium_woody_stems","north","Gaylussacia_baccata","1"
497,"medium_woody_stems","north","Acer_rubrum","0"
497,"medium_woody_stems","north","Pinus_strobus","0"
497,"medium_woody_stems","north","Vaccinium_pallidum","0"
497,"medium_woody_stems","north","Vaccinium_angustifolium","0"
497,"large_woody_stems","north","Kalmia_latifolia","12"
497,"large_woody_stems","north","Gaylussacia_baccata","0"
497,"large_woody_stems","north","Acer_rubrum","0"
497,"large_woody_stems","north","Pinus_strobus","0"
497,"large_woody_stems","north","Vaccinium_pallidum","0"
497,"large_woody_stems","north","Vaccinium_angustifolium","0"
497,"small_woody_stems","south","Kalmia_latifolia","7"
497,"small_woody_stems","south","Gaylussacia_baccata","13"
497,"small_woody_stems","south","Acer_rubrum","0"
497,"small_woody_stems","south","Pinus_strobus","0"
497,"small_woody_stems","south","Vaccinium_pallidum","7"
497,"small_woody_stems","south","Vaccinium_angustifolium","1"
497,"medium_woody_stems","south","Kalmia_latifolia","4"
497,"medium_woody_stems","south","Gaylussacia_baccata","0"
497,"medium_woody_stems","south","Acer_rubrum","0"
497,"medium_woody_stems","south","Pinus_strobus","0"
497,"medium_woody_stems","south","Vaccinium_pallidum","0"
497,"medium_woody_stems","south","Vaccinium_angustifolium","0"
497,"large_woody_stems","south","Kalmia_latifolia","8"
497,"large_woody_stems","south","Gaylussacia_baccata","0"
497,"large_woody_stems","south","Acer_rubrum","0"
497,"large_woody_stems","south","Pinus_strobus","0"
497,"large_woody_stems","south","Vaccinium_pallidum","0"
497,"large_woody_stems","south","Vaccinium_angustifolium","0"
498,"basalarea","none","Pinus_rigida","2"
498,"basalarea","none","Quercus_montana","1"
498,"snag","none","snag","0"
498,"basalarea_edge","none","nodata","2"
498,"small_woody_stems","north","Kalmia_latifolia","4"
498,"small_woody_stems","north","Gaylussacia_baccata","45"
498,"small_woody_stems","north","Nyssa_sylvatica","0"
498,"small_woody_stems","north","Pinus_rigida","0"
498,"small_woody_stems","north","Sassafras_albidum","0"
498,"small_woody_stems","north","Vaccinium_pallidum","2"
498,"small_woody_stems","north","Acer_rubrum","0"
498,"small_woody_stems","north","Smilax_rotundifolia","0"
498,"medium_woody_stems","north","Kalmia_latifolia","6"
498,"medium_woody_stems","north","Gaylussacia_baccata","0"
498,"medium_woody_stems","north","Nyssa_sylvatica","0"
498,"medium_woody_stems","north","Pinus_rigida","0"
498,"medium_woody_stems","north","Sassafras_albidum","0"
498,"medium_woody_stems","north","Vaccinium_pallidum","0"
498,"medium_woody_stems","north","Acer_rubrum","0"
498,"medium_woody_stems","north","Smilax_rotundifolia","0"
498,"large_woody_stems","north","Kalmia_latifolia","0"
498,"large_woody_stems","north","Gaylussacia_baccata","0"
498,"large_woody_stems","north","Nyssa_sylvatica","2"
498,"large_woody_stems","north","Pinus_rigida","2"
498,"large_woody_stems","north","Sassafras_albidum","3"
498,"large_woody_stems","north","Vaccinium_pallidum","0"
498,"large_woody_stems","north","Acer_rubrum","0"
498,"large_woody_stems","north","Smilax_rotundifolia","0"
498,"small_woody_stems","south","Kalmia_latifolia","6"
498,"small_woody_stems","south","Gaylussacia_baccata","27"
498,"small_woody_stems","south","Nyssa_sylvatica","0"
498,"small_woody_stems","south","Pinus_rigida","0"
498,"small_woody_stems","south","Sassafras_albidum","0"
498,"small_woody_stems","south","Vaccinium_pallidum","1"
498,"small_woody_stems","south","Acer_rubrum","0"
498,"small_woody_stems","south","Smilax_rotundifolia","3"
498,"medium_woody_stems","south","Kalmia_latifolia","4"
498,"medium_woody_stems","south","Gaylussacia_baccata","7"
498,"medium_woody_stems","south","Nyssa_sylvatica","0"
498,"medium_woody_stems","south","Pinus_rigida","0"
498,"medium_woody_stems","south","Sassafras_albidum","0"
498,"medium_woody_stems","south","Vaccinium_pallidum","0"
498,"medium_woody_stems","south","Acer_rubrum","0"
498,"medium_woody_stems","south","Smilax_rotundifolia","0"
498,"large_woody_stems","south","Kalmia_latifolia","3"
498,"large_woody_stems","south","Gaylussacia_baccata","0"
498,"large_woody_stems","south","Nyssa_sylvatica","11"
498,"large_woody_stems","south","Pinus_rigida","0"
498,"large_woody_stems","south","Sassafras_albidum","0"
498,"large_woody_stems","south","Vaccinium_pallidum","0"
498,"large_woody_stems","south","Acer_rubrum","2"
498,"large_woody_stems","south","Smilax_rotundifolia","0"
499,"snag","none","snag","0"
499,"basalarea_edge","none","nodata","0"
499,"small_woody_stems","north","Comptonia_peregrina","16"
499,"small_woody_stems","north","Gaylussacia_baccata","47"
499,"small_woody_stems","north","Kalmia_latifolia","0"
499,"small_woody_stems","north","Robinia_pseudoacaia","0"
499,"medium_woody_stems","north","Comptonia_peregrina","0"
499,"medium_woody_stems","north","Gaylussacia_baccata","0"
499,"medium_woody_stems","north","Kalmia_latifolia","0"
499,"medium_woody_stems","north","Robinia_pseudoacaia","0"
499,"large_woody_stems","north","Comptonia_peregrina","0"
499,"large_woody_stems","north","Gaylussacia_baccata","0"
499,"large_woody_stems","north","Kalmia_latifolia","0"
499,"large_woody_stems","north","Robinia_pseudoacaia","0"
499,"small_woody_stems","south","Comptonia_peregrina","50"
499,"small_woody_stems","south","Gaylussacia_baccata","0"
499,"small_woody_stems","south","Kalmia_latifolia","1"
499,"small_woody_stems","south","Robinia_pseudoacaia","11"
499,"medium_woody_stems","south","Comptonia_peregrina","0"
499,"medium_woody_stems","south","Gaylussacia_baccata","0"
499,"medium_woody_stems","south","Kalmia_latifolia","0"
499,"medium_woody_stems","south","Robinia_pseudoacaia","2"
499,"large_woody_stems","south","Comptonia_peregrina","0"
499,"large_woody_stems","south","Gaylussacia_baccata","0"
499,"large_woody_stems","south","Kalmia_latifolia","0"
499,"large_woody_stems","south","Robinia_pseudoacaia","0"
500,"basalarea","none","Nyssa_sylvatica","3"
500,"basalarea","none","Pinus_strobus","0"
500,"basalarea","none","Acer_rubrum","0"
500,"snag","none","snag","5"
500,"basalarea_edge","none","nodata","8"
500,"small_woody_stems","north","Kalmia_latifolia","3"
500,"small_woody_stems","north","Gaylussacia_baccata","70"
500,"small_woody_stems","north","Vaccinium_pallidum","12"
500,"small_woody_stems","north","Vaccinium_angustifolium","2"
500,"small_woody_stems","north","Smilax_rotundifolia","0"
500,"medium_woody_stems","north","Kalmia_latifolia","1"
500,"medium_woody_stems","north","Gaylussacia_baccata","15"
500,"medium_woody_stems","north","Vaccinium_pallidum","0"
500,"medium_woody_stems","north","Vaccinium_angustifolium","0"
500,"medium_woody_stems","north","Smilax_rotundifolia","0"
500,"large_woody_stems","north","Kalmia_latifolia","2"
500,"large_woody_stems","north","Gaylussacia_baccata","0"
500,"large_woody_stems","north","Vaccinium_pallidum","0"
500,"large_woody_stems","north","Vaccinium_angustifolium","0"
500,"large_woody_stems","north","Smilax_rotundifolia","0"
500,"small_woody_stems","south","Kalmia_latifolia","3"
500,"small_woody_stems","south","Gaylussacia_baccata","70"
500,"small_woody_stems","south","Vaccinium_pallidum","17"
500,"small_woody_stems","south","Vaccinium_angustifolium","0"
500,"small_woody_stems","south","Smilax_rotundifolia","0"
500,"medium_woody_stems","south","Kalmia_latifolia","5"
500,"medium_woody_stems","south","Gaylussacia_baccata","20"
500,"medium_woody_stems","south","Vaccinium_pallidum","1"
500,"medium_woody_stems","south","Vaccinium_angustifolium","0"
500,"medium_woody_stems","south","Smilax_rotundifolia","1"
500,"large_woody_stems","south","Kalmia_latifolia","7"
500,"large_woody_stems","south","Gaylussacia_baccata","0"
500,"large_woody_stems","south","Vaccinium_pallidum","0"
500,"large_woody_stems","south","Vaccinium_angustifolium","0"
500,"large_woody_stems","south","Smilax_rotundifolia","0"
501,"basalarea","none","Nyssa_sylvatica","1"
501,"basalarea","none","Pinus_rigida","3"
501,"snag","none","snag","0"
501,"basalarea_edge","none","nodata","2"
501,"small_woody_stems","north","Kalmia_latifolia","0"
501,"small_woody_stems","north","Vaccinium_pallidum","7"
501,"small_woody_stems","north","Sassafras_albidum","0"
501,"small_woody_stems","north","Nyssa_sylvatica","0"
501,"small_woody_stems","north","Acer_rubrum","0"
501,"small_woody_stems","north","Gaylussacia_baccata","0"
501,"small_woody_stems","north","Pinus_rigida","0"
501,"medium_woody_stems","north","Kalmia_latifolia","0"
501,"medium_woody_stems","north","Vaccinium_pallidum","0"
501,"medium_woody_stems","north","Sassafras_albidum","0"
501,"medium_woody_stems","north","Nyssa_sylvatica","0"
501,"medium_woody_stems","north","Acer_rubrum","0"
501,"medium_woody_stems","north","Gaylussacia_baccata","0"
501,"medium_woody_stems","north","Pinus_rigida","0"
501,"large_woody_stems","north","Kalmia_latifolia","4"
501,"large_woody_stems","north","Vaccinium_pallidum","0"
501,"large_woody_stems","north","Sassafras_albidum","1"
501,"large_woody_stems","north","Nyssa_sylvatica","5"
501,"large_woody_stems","north","Acer_rubrum","11"
501,"large_woody_stems","north","Gaylussacia_baccata","0"
501,"large_woody_stems","north","Pinus_rigida","1"
501,"small_woody_stems","south","Kalmia_latifolia","1"
501,"small_woody_stems","south","Vaccinium_pallidum","7"
501,"small_woody_stems","south","Sassafras_albidum","0"
501,"small_woody_stems","south","Nyssa_sylvatica","0"
501,"small_woody_stems","south","Acer_rubrum","0"
501,"small_woody_stems","south","Gaylussacia_baccata","9"
501,"small_woody_stems","south","Pinus_rigida","0"
501,"medium_woody_stems","south","Kalmia_latifolia","7"
501,"medium_woody_stems","south","Vaccinium_pallidum","0"
501,"medium_woody_stems","south","Sassafras_albidum","0"
501,"medium_woody_stems","south","Nyssa_sylvatica","0"
501,"medium_woody_stems","south","Acer_rubrum","0"
501,"medium_woody_stems","south","Gaylussacia_baccata","0"
501,"medium_woody_stems","south","Pinus_rigida","0"
501,"large_woody_stems","south","Kalmia_latifolia","15"
501,"large_woody_stems","south","Vaccinium_pallidum","0"
501,"large_woody_stems","south","Sassafras_albidum","0"
501,"large_woody_stems","south","Nyssa_sylvatica","6"
501,"large_woody_stems","south","Acer_rubrum","2"
501,"large_woody_stems","south","Gaylussacia_baccata","0"
501,"large_woody_stems","south","Pinus_rigida","0"
502,"basalarea","none","Pinus_rigida","3"
502,"snag","none","snag","0"
502,"basalarea_edge","none","nodata","1"
502,"small_woody_stems","north","Kalmia_latifolia","3"
502,"small_woody_stems","north","Gaylussacia_baccata","31"
502,"small_woody_stems","north","Nyssa_sylvatica","0"
502,"small_woody_stems","north","Sassafras_albidum","0"
502,"small_woody_stems","north","Acer_rubrum","0"
502,"small_woody_stems","north","Vaccinium_pallidum","0"
502,"small_woody_stems","north","Vaccinium_angustifolium","0"
502,"small_woody_stems","north","Smilax_rotundifolia","2"
502,"small_woody_stems","north","Quercus_montana","0"
502,"medium_woody_stems","north","Kalmia_latifolia","6"
502,"medium_woody_stems","north","Gaylussacia_baccata","9"
502,"medium_woody_stems","north","Nyssa_sylvatica","0"
502,"medium_woody_stems","north","Sassafras_albidum","0"
502,"medium_woody_stems","north","Acer_rubrum","0"
502,"medium_woody_stems","north","Vaccinium_pallidum","0"
502,"medium_woody_stems","north","Vaccinium_angustifolium","0"
502,"medium_woody_stems","north","Smilax_rotundifolia","0"
502,"medium_woody_stems","north","Quercus_montana","0"
502,"large_woody_stems","north","Kalmia_latifolia","11"
502,"large_woody_stems","north","Gaylussacia_baccata","0"
502,"large_woody_stems","north","Nyssa_sylvatica","9"
502,"large_woody_stems","north","Sassafras_albidum","1"
502,"large_woody_stems","north","Acer_rubrum","1"
502,"large_woody_stems","north","Vaccinium_pallidum","0"
502,"large_woody_stems","north","Vaccinium_angustifolium","0"
502,"large_woody_stems","north","Smilax_rotundifolia","0"
502,"large_woody_stems","north","Quercus_montana","0"
502,"small_woody_stems","south","Kalmia_latifolia","3"
502,"small_woody_stems","south","Gaylussacia_baccata","43"
502,"small_woody_stems","south","Nyssa_sylvatica","1"
502,"small_woody_stems","south","Sassafras_albidum","0"
502,"small_woody_stems","south","Acer_rubrum","0"
502,"small_woody_stems","south","Vaccinium_pallidum","2"
502,"small_woody_stems","south","Vaccinium_angustifolium","3"
502,"small_woody_stems","south","Smilax_rotundifolia","0"
502,"small_woody_stems","south","Quercus_montana","0"
502,"medium_woody_stems","south","Kalmia_latifolia","12"
502,"medium_woody_stems","south","Gaylussacia_baccata","18"
502,"medium_woody_stems","south","Nyssa_sylvatica","0"
502,"medium_woody_stems","south","Sassafras_albidum","0"
502,"medium_woody_stems","south","Acer_rubrum","0"
502,"medium_woody_stems","south","Vaccinium_pallidum","0"
502,"medium_woody_stems","south","Vaccinium_angustifolium","0"
502,"medium_woody_stems","south","Smilax_rotundifolia","0"
502,"medium_woody_stems","south","Quercus_montana","0"
502,"large_woody_stems","south","Kalmia_latifolia","8"
502,"large_woody_stems","south","Gaylussacia_baccata","0"
502,"large_woody_stems","south","Nyssa_sylvatica","2"
502,"large_woody_stems","south","Sassafras_albidum","0"
502,"large_woody_stems","south","Acer_rubrum","0"
502,"large_woody_stems","south","Vaccinium_pallidum","0"
502,"large_woody_stems","south","Vaccinium_angustifolium","0"
502,"large_woody_stems","south","Smilax_rotundifolia","0"
502,"large_woody_stems","south","Quercus_montana","2"
503,"basalarea","none","Pinus_rigida","3"
503,"basalarea","none","Acer_rubrum","1"
503,"snag","none","snag","0"
503,"basalarea_edge","none","nodata","0"
503,"small_woody_stems","north","Kalmia_latifolia","2"
503,"small_woody_stems","north","Pinus_rigida","0"
503,"small_woody_stems","north","Acer_rubrum","0"
503,"small_woody_stems","north","Nyssa_sylvatica","0"
503,"small_woody_stems","north","Populus_grandidentata","0"
503,"small_woody_stems","north","Sassafras_albidum","0"
503,"small_woody_stems","north","Smilax_rotundifolia","0"
503,"small_woody_stems","north","Amelanchier_spp","0"
503,"small_woody_stems","north","Gaylussacia_frondosa","0"
503,"small_woody_stems","north","Gaylussacia_baccata","0"
503,"medium_woody_stems","north","Kalmia_latifolia","0"
503,"medium_woody_stems","north","Pinus_rigida","0"
503,"medium_woody_stems","north","Acer_rubrum","0"
503,"medium_woody_stems","north","Nyssa_sylvatica","0"
503,"medium_woody_stems","north","Populus_grandidentata","0"
503,"medium_woody_stems","north","Sassafras_albidum","0"
503,"medium_woody_stems","north","Smilax_rotundifolia","0"
503,"medium_woody_stems","north","Amelanchier_spp","0"
503,"medium_woody_stems","north","Gaylussacia_frondosa","0"
503,"medium_woody_stems","north","Gaylussacia_baccata","0"
503,"large_woody_stems","north","Kalmia_latifolia","0"
503,"large_woody_stems","north","Pinus_rigida","4"
503,"large_woody_stems","north","Acer_rubrum","4"
503,"large_woody_stems","north","Nyssa_sylvatica","1"
503,"large_woody_stems","north","Populus_grandidentata","1"
503,"large_woody_stems","north","Sassafras_albidum","0"
503,"large_woody_stems","north","Smilax_rotundifolia","2"
503,"large_woody_stems","north","Amelanchier_spp","1"
503,"large_woody_stems","north","Gaylussacia_frondosa","0"
503,"large_woody_stems","north","Gaylussacia_baccata","0"
503,"small_woody_stems","south","Kalmia_latifolia","0"
503,"small_woody_stems","south","Pinus_rigida","0"
503,"small_woody_stems","south","Acer_rubrum","0"
503,"small_woody_stems","south","Nyssa_sylvatica","0"
503,"small_woody_stems","south","Populus_grandidentata","0"
503,"small_woody_stems","south","Sassafras_albidum","0"
503,"small_woody_stems","south","Smilax_rotundifolia","0"
503,"small_woody_stems","south","Amelanchier_spp","0"
503,"small_woody_stems","south","Gaylussacia_frondosa","5"
503,"small_woody_stems","south","Gaylussacia_baccata","3"
503,"medium_woody_stems","south","Kalmia_latifolia","0"
503,"medium_woody_stems","south","Pinus_rigida","0"
503,"medium_woody_stems","south","Acer_rubrum","0"
503,"medium_woody_stems","south","Nyssa_sylvatica","0"
503,"medium_woody_stems","south","Populus_grandidentata","0"
503,"medium_woody_stems","south","Sassafras_albidum","0"
503,"medium_woody_stems","south","Smilax_rotundifolia","0"
503,"medium_woody_stems","south","Amelanchier_spp","0"
503,"medium_woody_stems","south","Gaylussacia_frondosa","0"
503,"medium_woody_stems","south","Gaylussacia_baccata","0"
503,"large_woody_stems","south","Kalmia_latifolia","3"
503,"large_woody_stems","south","Pinus_rigida","2"
503,"large_woody_stems","south","Acer_rubrum","6"
503,"large_woody_stems","south","Nyssa_sylvatica","8"
503,"large_woody_stems","south","Populus_grandidentata","0"
503,"large_woody_stems","south","Sassafras_albidum","1"
503,"large_woody_stems","south","Smilax_rotundifolia","0"
503,"large_woody_stems","south","Amelanchier_spp","0"
503,"large_woody_stems","south","Gaylussacia_frondosa","0"
503,"large_woody_stems","south","Gaylussacia_baccata","0"
504,"basalarea","none","Nyssa_sylvatica","3"
504,"snag","none","snag","3"
504,"basalarea_edge","none","nodata","0"
504,"small_woody_stems","north","Kalmia_latifolia","3"
504,"small_woody_stems","north","Gaylussacia_baccata","59"
504,"small_woody_stems","north","Amelanchier_spp","1"
504,"small_woody_stems","north","Vaccinium_pallidum","8"
504,"small_woody_stems","north","Acer_rubrum","2"
504,"small_woody_stems","north","Nyssa_sylvatica","0"
504,"medium_woody_stems","north","Kalmia_latifolia","6"
504,"medium_woody_stems","north","Gaylussacia_baccata","3"
504,"medium_woody_stems","north","Amelanchier_spp","0"
504,"medium_woody_stems","north","Vaccinium_pallidum","0"
504,"medium_woody_stems","north","Acer_rubrum","0"
504,"medium_woody_stems","north","Nyssa_sylvatica","0"
504,"large_woody_stems","north","Kalmia_latifolia","6"
504,"large_woody_stems","north","Gaylussacia_baccata","0"
504,"large_woody_stems","north","Amelanchier_spp","0"
504,"large_woody_stems","north","Vaccinium_pallidum","0"
504,"large_woody_stems","north","Acer_rubrum","0"
504,"large_woody_stems","north","Nyssa_sylvatica","0"
504,"small_woody_stems","south","Kalmia_latifolia","10"
504,"small_woody_stems","south","Gaylussacia_baccata","25"
504,"small_woody_stems","south","Amelanchier_spp","0"
504,"small_woody_stems","south","Vaccinium_pallidum","3"
504,"small_woody_stems","south","Acer_rubrum","0"
504,"small_woody_stems","south","Nyssa_sylvatica","0"
504,"medium_woody_stems","south","Kalmia_latifolia","4"
504,"medium_woody_stems","south","Gaylussacia_baccata","5"
504,"medium_woody_stems","south","Amelanchier_spp","0"
504,"medium_woody_stems","south","Vaccinium_pallidum","0"
504,"medium_woody_stems","south","Acer_rubrum","0"
504,"medium_woody_stems","south","Nyssa_sylvatica","0"
504,"large_woody_stems","south","Kalmia_latifolia","15"
504,"large_woody_stems","south","Gaylussacia_baccata","0"
504,"large_woody_stems","south","Amelanchier_spp","0"
504,"large_woody_stems","south","Vaccinium_pallidum","0"
504,"large_woody_stems","south","Acer_rubrum","0"
504,"large_woody_stems","south","Nyssa_sylvatica","1"
505,"basalarea","none","Nyssa_sylvatica","3"
505,"basalarea","none","Quercus_montana","1"
505,"basalarea","none","Pinus_rigida","0"
505,"basalarea","none","Pinus_strobus","1"
505,"basalarea","none","Quercus_coccinea","1"
505,"basalarea","none","Amelanchier_spp","1"
505,"snag","none","snag","1"
505,"basalarea_edge","none","nodata","1"
505,"small_woody_stems","north","Kalmia_latifolia","9"
505,"small_woody_stems","north","Gaylussacia_baccata","19"
505,"small_woody_stems","north","Vaccinium_pallidum","9"
505,"small_woody_stems","north","Pinus_rigida","1"
505,"small_woody_stems","north","Nyssa_sylvatica","0"
505,"small_woody_stems","north","Acer_rubrum","0"
505,"small_woody_stems","north","Pinus_strobus","0"
505,"medium_woody_stems","north","Kalmia_latifolia","0"
505,"medium_woody_stems","north","Gaylussacia_baccata","0"
505,"medium_woody_stems","north","Vaccinium_pallidum","0"
505,"medium_woody_stems","north","Pinus_rigida","0"
505,"medium_woody_stems","north","Nyssa_sylvatica","0"
505,"medium_woody_stems","north","Acer_rubrum","0"
505,"medium_woody_stems","north","Pinus_strobus","0"
505,"large_woody_stems","north","Kalmia_latifolia","0"
505,"large_woody_stems","north","Gaylussacia_baccata","0"
505,"large_woody_stems","north","Vaccinium_pallidum","0"
505,"large_woody_stems","north","Pinus_rigida","0"
505,"large_woody_stems","north","Nyssa_sylvatica","0"
505,"large_woody_stems","north","Acer_rubrum","0"
505,"large_woody_stems","north","Pinus_strobus","0"
505,"small_woody_stems","south","Kalmia_latifolia","10"
505,"small_woody_stems","south","Gaylussacia_baccata","0"
505,"small_woody_stems","south","Vaccinium_pallidum","33"
505,"small_woody_stems","south","Pinus_rigida","3"
505,"small_woody_stems","south","Nyssa_sylvatica","1"
505,"small_woody_stems","south","Acer_rubrum","4"
505,"small_woody_stems","south","Pinus_strobus","2"
505,"medium_woody_stems","south","Kalmia_latifolia","1"
505,"medium_woody_stems","south","Gaylussacia_baccata","0"
505,"medium_woody_stems","south","Vaccinium_pallidum","0"
505,"medium_woody_stems","south","Pinus_rigida","2"
505,"medium_woody_stems","south","Nyssa_sylvatica","0"
505,"medium_woody_stems","south","Acer_rubrum","0"
505,"medium_woody_stems","south","Pinus_strobus","0"
505,"large_woody_stems","south","Kalmia_latifolia","1"
505,"large_woody_stems","south","Gaylussacia_baccata","0"
505,"large_woody_stems","south","Vaccinium_pallidum","0"
505,"large_woody_stems","south","Pinus_rigida","0"
505,"large_woody_stems","south","Nyssa_sylvatica","0"
505,"large_woody_stems","south","Acer_rubrum","0"
505,"large_woody_stems","south","Pinus_strobus","0"
506,"basalarea","none","Nyssa_sylvatica","6"
506,"snag","none","snag","5"
506,"basalarea_edge","none","nodata","6"
506,"small_woody_stems","north","Gaylussacia_frondosa","6"
506,"small_woody_stems","north","Vaccinium_pallidum","9"
506,"small_woody_stems","north","Kalmia_latifolia","4"
506,"small_woody_stems","north","Gaylussacia_baccata","57"
506,"small_woody_stems","north","Nyssa_sylvatica","0"
506,"medium_woody_stems","north","Gaylussacia_frondosa","1"
506,"medium_woody_stems","north","Vaccinium_pallidum","1"
506,"medium_woody_stems","north","Kalmia_latifolia","6"
506,"medium_woody_stems","north","Gaylussacia_baccata","17"
506,"medium_woody_stems","north","Nyssa_sylvatica","0"
506,"large_woody_stems","north","Gaylussacia_frondosa","0"
506,"large_woody_stems","north","Vaccinium_pallidum","0"
506,"large_woody_stems","north","Kalmia_latifolia","8"
506,"large_woody_stems","north","Gaylussacia_baccata","0"
506,"large_woody_stems","north","Nyssa_sylvatica","0"
506,"small_woody_stems","south","Gaylussacia_frondosa","50"
506,"small_woody_stems","south","Vaccinium_pallidum","49"
506,"small_woody_stems","south","Kalmia_latifolia","2"
506,"small_woody_stems","south","Gaylussacia_baccata","7"
506,"small_woody_stems","south","Nyssa_sylvatica","0"
506,"medium_woody_stems","south","Gaylussacia_frondosa","15"
506,"medium_woody_stems","south","Vaccinium_pallidum","0"
506,"medium_woody_stems","south","Kalmia_latifolia","2"
506,"medium_woody_stems","south","Gaylussacia_baccata","0"
506,"medium_woody_stems","south","Nyssa_sylvatica","0"
506,"large_woody_stems","south","Gaylussacia_frondosa","0"
506,"large_woody_stems","south","Vaccinium_pallidum","0"
506,"large_woody_stems","south","Kalmia_latifolia","0"
506,"large_woody_stems","south","Gaylussacia_baccata","0"
506,"large_woody_stems","south","Nyssa_sylvatica","1"
507,"basalarea","none","Acer_rubrum","1"
507,"basalarea","none","Nyssa_sylvatica","3"
507,"snag","none","snag","5"
507,"basalarea_edge","none","nodata","7"
507,"small_woody_stems","north","Kalmia_latifolia","14"
507,"small_woody_stems","north","Vaccinium_pallidum","14"
507,"small_woody_stems","north","Acer_rubrum","3"
507,"small_woody_stems","north","Pinus_strobus","0"
507,"small_woody_stems","north","Smilax_rotundifolia","1"
507,"small_woody_stems","north","Amelanchier_spp","0"
507,"small_woody_stems","north","Pinus_rigida","0"
507,"medium_woody_stems","north","Kalmia_latifolia","12"
507,"medium_woody_stems","north","Vaccinium_pallidum","0"
507,"medium_woody_stems","north","Acer_rubrum","0"
507,"medium_woody_stems","north","Pinus_strobus","1"
507,"medium_woody_stems","north","Smilax_rotundifolia","0"
507,"medium_woody_stems","north","Amelanchier_spp","0"
507,"medium_woody_stems","north","Pinus_rigida","0"
507,"large_woody_stems","north","Kalmia_latifolia","3"
507,"large_woody_stems","north","Vaccinium_pallidum","0"
507,"large_woody_stems","north","Acer_rubrum","0"
507,"large_woody_stems","north","Pinus_strobus","0"
507,"large_woody_stems","north","Smilax_rotundifolia","0"
507,"large_woody_stems","north","Amelanchier_spp","0"
507,"large_woody_stems","north","Pinus_rigida","0"
507,"small_woody_stems","south","Kalmia_latifolia","13"
507,"small_woody_stems","south","Vaccinium_pallidum","8"
507,"small_woody_stems","south","Acer_rubrum","0"
507,"small_woody_stems","south","Pinus_strobus","2"
507,"small_woody_stems","south","Smilax_rotundifolia","0"
507,"small_woody_stems","south","Amelanchier_spp","3"
507,"small_woody_stems","south","Pinus_rigida","1"
507,"medium_woody_stems","south","Kalmia_latifolia","8"
507,"medium_woody_stems","south","Vaccinium_pallidum","0"
507,"medium_woody_stems","south","Acer_rubrum","0"
507,"medium_woody_stems","south","Pinus_strobus","0"
507,"medium_woody_stems","south","Smilax_rotundifolia","0"
507,"medium_woody_stems","south","Amelanchier_spp","0"
507,"medium_woody_stems","south","Pinus_rigida","0"
507,"large_woody_stems","south","Kalmia_latifolia","6"
507,"large_woody_stems","south","Vaccinium_pallidum","0"
507,"large_woody_stems","south","Acer_rubrum","0"
507,"large_woody_stems","south","Pinus_strobus","0"
507,"large_woody_stems","south","Smilax_rotundifolia","0"
507,"large_woody_stems","south","Amelanchier_spp","0"
507,"large_woody_stems","south","Pinus_rigida","0"
508,"basalarea","none","Pinus_rigida","0"
508,"basalarea","none","Pinus_strobus","1"
508,"basalarea","none","Nyssa_sylvatica","1"
508,"snag","none","snag","4"
508,"basalarea_edge","none","nodata","3"
508,"small_woody_stems","north","Kalmia_latifolia","7"
508,"small_woody_stems","north","Vaccinium_pallidum","37"
508,"small_woody_stems","north","Gaylussacia_baccata","23"
508,"small_woody_stems","north","Vaccinium_angustifolium","2"
508,"small_woody_stems","north","Amelanchier_spp","0"
508,"small_woody_stems","north","Pinus_rigida","0"
508,"medium_woody_stems","north","Kalmia_latifolia","5"
508,"medium_woody_stems","north","Vaccinium_pallidum","0"
508,"medium_woody_stems","north","Gaylussacia_baccata","0"
508,"medium_woody_stems","north","Vaccinium_angustifolium","0"
508,"medium_woody_stems","north","Amelanchier_spp","0"
508,"medium_woody_stems","north","Pinus_rigida","0"
508,"large_woody_stems","north","Kalmia_latifolia","8"
508,"large_woody_stems","north","Vaccinium_pallidum","0"
508,"large_woody_stems","north","Gaylussacia_baccata","0"
508,"large_woody_stems","north","Vaccinium_angustifolium","0"
508,"large_woody_stems","north","Amelanchier_spp","0"
508,"large_woody_stems","north","Pinus_rigida","0"
508,"small_woody_stems","south","Kalmia_latifolia","9"
508,"small_woody_stems","south","Vaccinium_pallidum","12"
508,"small_woody_stems","south","Gaylussacia_baccata","53"
508,"small_woody_stems","south","Vaccinium_angustifolium","0"
508,"small_woody_stems","south","Amelanchier_spp","1"
508,"small_woody_stems","south","Pinus_rigida","0"
508,"medium_woody_stems","south","Kalmia_latifolia","5"
508,"medium_woody_stems","south","Vaccinium_pallidum","0"
508,"medium_woody_stems","south","Gaylussacia_baccata","0"
508,"medium_woody_stems","south","Vaccinium_angustifolium","0"
508,"medium_woody_stems","south","Amelanchier_spp","0"
508,"medium_woody_stems","south","Pinus_rigida","1"
508,"large_woody_stems","south","Kalmia_latifolia","3"
508,"large_woody_stems","south","Vaccinium_pallidum","0"
508,"large_woody_stems","south","Gaylussacia_baccata","0"
508,"large_woody_stems","south","Vaccinium_angustifolium","0"
508,"large_woody_stems","south","Amelanchier_spp","0"
508,"large_woody_stems","south","Pinus_rigida","0"
509,"basalarea","none","Pinus_rigida","2"
509,"basalarea","none","Nyssa_sylvatica","3"
509,"snag","none","snag","1"
509,"basalarea_edge","none","nodata","4"
509,"small_woody_stems","north","Kalmia_latifolia","13"
509,"small_woody_stems","north","Vaccinium_pallidum","8"
509,"small_woody_stems","north","Gaylussacia_baccata","6"
509,"small_woody_stems","north","Nyssa_sylvatica","0"
509,"medium_woody_stems","north","Kalmia_latifolia","4"
509,"medium_woody_stems","north","Vaccinium_pallidum","0"
509,"medium_woody_stems","north","Gaylussacia_baccata","0"
509,"medium_woody_stems","north","Nyssa_sylvatica","0"
509,"large_woody_stems","north","Kalmia_latifolia","9"
509,"large_woody_stems","north","Vaccinium_pallidum","0"
509,"large_woody_stems","north","Gaylussacia_baccata","0"
509,"large_woody_stems","north","Nyssa_sylvatica","3"
509,"small_woody_stems","south","Kalmia_latifolia","5"
509,"small_woody_stems","south","Vaccinium_pallidum","11"
509,"small_woody_stems","south","Gaylussacia_baccata","14"
509,"small_woody_stems","south","Nyssa_sylvatica","0"
509,"medium_woody_stems","south","Kalmia_latifolia","7"
509,"medium_woody_stems","south","Vaccinium_pallidum","0"
509,"medium_woody_stems","south","Gaylussacia_baccata","0"
509,"medium_woody_stems","south","Nyssa_sylvatica","0"
509,"large_woody_stems","south","Kalmia_latifolia","5"
509,"large_woody_stems","south","Vaccinium_pallidum","0"
509,"large_woody_stems","south","Gaylussacia_baccata","0"
509,"large_woody_stems","south","Nyssa_sylvatica","0"
510,"basalarea","none","Nyssa_sylvatica","3"
510,"snag","none","snag","0"
510,"basalarea_edge","none","nodata","0"
510,"small_woody_stems","north","Sassafras_albidum","0"
510,"small_woody_stems","north","Vaccinium_pallidum","31"
510,"small_woody_stems","north","Vaccinium_stamineum","0"
510,"small_woody_stems","north","Quercus_montana","2"
510,"small_woody_stems","north","Acer_rubrum","12"
510,"small_woody_stems","north","Pinus_rigida","0"
510,"small_woody_stems","north","Nyssa_sylvatica","0"
510,"small_woody_stems","north","Quercus_coccinea","0"
510,"small_woody_stems","north","Smilax_rotundifolia","1"
510,"small_woody_stems","north","Gaylussacia_baccata","0"
510,"small_woody_stems","north","Gaylussacia_frondosa","0"
510,"medium_woody_stems","north","Sassafras_albidum","1"
510,"medium_woody_stems","north","Vaccinium_pallidum","0"
510,"medium_woody_stems","north","Vaccinium_stamineum","1"
510,"medium_woody_stems","north","Quercus_montana","1"
510,"medium_woody_stems","north","Acer_rubrum","2"
510,"medium_woody_stems","north","Pinus_rigida","0"
510,"medium_woody_stems","north","Nyssa_sylvatica","2"
510,"medium_woody_stems","north","Quercus_coccinea","0"
510,"medium_woody_stems","north","Smilax_rotundifolia","1"
510,"medium_woody_stems","north","Gaylussacia_baccata","0"
510,"medium_woody_stems","north","Gaylussacia_frondosa","0"
510,"large_woody_stems","north","Sassafras_albidum","3"
510,"large_woody_stems","north","Vaccinium_pallidum","0"
510,"large_woody_stems","north","Vaccinium_stamineum","1"
510,"large_woody_stems","north","Quercus_montana","4"
510,"large_woody_stems","north","Acer_rubrum","2"
510,"large_woody_stems","north","Pinus_rigida","1"
510,"large_woody_stems","north","Nyssa_sylvatica","2"
510,"large_woody_stems","north","Quercus_coccinea","1"
510,"large_woody_stems","north","Smilax_rotundifolia","0"
510,"large_woody_stems","north","Gaylussacia_baccata","0"
510,"large_woody_stems","north","Gaylussacia_frondosa","0"
510,"small_woody_stems","south","Sassafras_albidum","1"
510,"small_woody_stems","south","Vaccinium_pallidum","25"
510,"small_woody_stems","south","Vaccinium_stamineum","3"
510,"small_woody_stems","south","Quercus_montana","0"
510,"small_woody_stems","south","Acer_rubrum","3"
510,"small_woody_stems","south","Pinus_rigida","0"
510,"small_woody_stems","south","Nyssa_sylvatica","0"
510,"small_woody_stems","south","Quercus_coccinea","0"
510,"small_woody_stems","south","Smilax_rotundifolia","3"
510,"small_woody_stems","south","Gaylussacia_baccata","33"
510,"small_woody_stems","south","Gaylussacia_frondosa","5"
510,"medium_woody_stems","south","Sassafras_albidum","4"
510,"medium_woody_stems","south","Vaccinium_pallidum","0"
510,"medium_woody_stems","south","Vaccinium_stamineum","2"
510,"medium_woody_stems","south","Quercus_montana","1"
510,"medium_woody_stems","south","Acer_rubrum","3"
510,"medium_woody_stems","south","Pinus_rigida","0"
510,"medium_woody_stems","south","Nyssa_sylvatica","1"
510,"medium_woody_stems","south","Quercus_coccinea","0"
510,"medium_woody_stems","south","Smilax_rotundifolia","1"
510,"medium_woody_stems","south","Gaylussacia_baccata","1"
510,"medium_woody_stems","south","Gaylussacia_frondosa","0"
510,"large_woody_stems","south","Sassafras_albidum","0"
510,"large_woody_stems","south","Vaccinium_pallidum","0"
510,"large_woody_stems","south","Vaccinium_stamineum","0"
510,"large_woody_stems","south","Quercus_montana","0"
510,"large_woody_stems","south","Acer_rubrum","18"
510,"large_woody_stems","south","Pinus_rigida","0"
510,"large_woody_stems","south","Nyssa_sylvatica","1"
510,"large_woody_stems","south","Quercus_coccinea","0"
510,"large_woody_stems","south","Smilax_rotundifolia","1"
510,"large_woody_stems","south","Gaylussacia_baccata","0"
510,"large_woody_stems","south","Gaylussacia_frondosa","0"
511,"basalarea","none","Quercus_montana","1"
511,"snag","none","snag","11"
511,"basalarea_edge","none","nodata","1"
511,"small_woody_stems","north","Gaylussacia_baccata","2"
511,"small_woody_stems","north","Vaccinium_pallidum","7"
511,"small_woody_stems","north","Vaccinium_angustifolium","34"
511,"small_woody_stems","north","Acer_rubrum","0"
511,"small_woody_stems","north","Pinus_rigida","1"
511,"medium_woody_stems","north","Gaylussacia_baccata","0"
511,"medium_woody_stems","north","Vaccinium_pallidum","0"
511,"medium_woody_stems","north","Vaccinium_angustifolium","0"
511,"medium_woody_stems","north","Acer_rubrum","0"
511,"medium_woody_stems","north","Pinus_rigida","0"
511,"large_woody_stems","north","Gaylussacia_baccata","0"
511,"large_woody_stems","north","Vaccinium_pallidum","0"
511,"large_woody_stems","north","Vaccinium_angustifolium","0"
511,"large_woody_stems","north","Acer_rubrum","1"
511,"large_woody_stems","north","Pinus_rigida","0"
511,"small_woody_stems","south","Gaylussacia_baccata","0"
511,"small_woody_stems","south","Vaccinium_pallidum","22"
511,"small_woody_stems","south","Vaccinium_angustifolium","2"
511,"small_woody_stems","south","Acer_rubrum","2"
511,"small_woody_stems","south","Pinus_rigida","2"
511,"medium_woody_stems","south","Gaylussacia_baccata","0"
511,"medium_woody_stems","south","Vaccinium_pallidum","0"
511,"medium_woody_stems","south","Vaccinium_angustifolium","0"
511,"medium_woody_stems","south","Acer_rubrum","0"
511,"medium_woody_stems","south","Pinus_rigida","2"
511,"large_woody_stems","south","Gaylussacia_baccata","0"
511,"large_woody_stems","south","Vaccinium_pallidum","0"
511,"large_woody_stems","south","Vaccinium_angustifolium","0"
511,"large_woody_stems","south","Acer_rubrum","1"
511,"large_woody_stems","south","Pinus_rigida","1"
512,"basalarea","none","Acer_rubrum","1"
512,"basalarea","none","Quercus_montana","7"
512,"snag","none","snag","0"
512,"basalarea_edge","none","nodata","1"
512,"small_woody_stems","north","Kalmia_latifolia","1"
512,"small_woody_stems","north","Gaylussacia_baccata","33"
512,"small_woody_stems","north","Vaccinium_pallidum","5"
512,"small_woody_stems","north","Gaylussacia_frondosa","3"
512,"small_woody_stems","north","Acer_rubrum","0"
512,"small_woody_stems","north","Smilax_rotundifolia","0"
512,"medium_woody_stems","north","Kalmia_latifolia","4"
512,"medium_woody_stems","north","Gaylussacia_baccata","2"
512,"medium_woody_stems","north","Vaccinium_pallidum","0"
512,"medium_woody_stems","north","Gaylussacia_frondosa","0"
512,"medium_woody_stems","north","Acer_rubrum","0"
512,"medium_woody_stems","north","Smilax_rotundifolia","0"
512,"large_woody_stems","north","Kalmia_latifolia","2"
512,"large_woody_stems","north","Gaylussacia_baccata","0"
512,"large_woody_stems","north","Vaccinium_pallidum","0"
512,"large_woody_stems","north","Gaylussacia_frondosa","0"
512,"large_woody_stems","north","Acer_rubrum","0"
512,"large_woody_stems","north","Smilax_rotundifolia","0"
512,"small_woody_stems","south","Kalmia_latifolia","1"
512,"small_woody_stems","south","Gaylussacia_baccata","43"
512,"small_woody_stems","south","Vaccinium_pallidum","5"
512,"small_woody_stems","south","Gaylussacia_frondosa","5"
512,"small_woody_stems","south","Acer_rubrum","0"
512,"small_woody_stems","south","Smilax_rotundifolia","1"
512,"medium_woody_stems","south","Kalmia_latifolia","1"
512,"medium_woody_stems","south","Gaylussacia_baccata","1"
512,"medium_woody_stems","south","Vaccinium_pallidum","0"
512,"medium_woody_stems","south","Gaylussacia_frondosa","3"
512,"medium_woody_stems","south","Acer_rubrum","0"
512,"medium_woody_stems","south","Smilax_rotundifolia","0"
512,"large_woody_stems","south","Kalmia_latifolia","1"
512,"large_woody_stems","south","Gaylussacia_baccata","0"
512,"large_woody_stems","south","Vaccinium_pallidum","0"
512,"large_woody_stems","south","Gaylussacia_frondosa","1"
512,"large_woody_stems","south","Acer_rubrum","1"
512,"large_woody_stems","south","Smilax_rotundifolia","0"
513,"basalarea","none","Acer_rubrum","1"
513,"basalarea","none","Quercus_montana","2"
513,"basalarea","none","Nyssa_sylvatica","2"
513,"basalarea","none","Quercus_coccinea","2"
513,"snag","none","snag","3"
513,"basalarea_edge","none","nodata","4"
513,"small_woody_stems","north","Kalmia_latifolia","1"
513,"small_woody_stems","north","Gaylussacia_baccata","30"
513,"small_woody_stems","north","Vaccinium_pallidum","11"
513,"small_woody_stems","north","Acer_rubrum","0"
513,"medium_woody_stems","north","Kalmia_latifolia","3"
513,"medium_woody_stems","north","Gaylussacia_baccata","0"
513,"medium_woody_stems","north","Vaccinium_pallidum","0"
513,"medium_woody_stems","north","Acer_rubrum","0"
513,"large_woody_stems","north","Kalmia_latifolia","1"
513,"large_woody_stems","north","Gaylussacia_baccata","0"
513,"large_woody_stems","north","Vaccinium_pallidum","0"
513,"large_woody_stems","north","Acer_rubrum","2"
513,"small_woody_stems","south","Kalmia_latifolia","0"
513,"small_woody_stems","south","Gaylussacia_baccata","3"
513,"small_woody_stems","south","Vaccinium_pallidum","5"
513,"small_woody_stems","south","Acer_rubrum","0"
513,"medium_woody_stems","south","Kalmia_latifolia","1"
513,"medium_woody_stems","south","Gaylussacia_baccata","0"
513,"medium_woody_stems","south","Vaccinium_pallidum","0"
513,"medium_woody_stems","south","Acer_rubrum","0"
513,"large_woody_stems","south","Kalmia_latifolia","0"
513,"large_woody_stems","south","Gaylussacia_baccata","0"
513,"large_woody_stems","south","Vaccinium_pallidum","0"
513,"large_woody_stems","south","Acer_rubrum","3"
514,"basalarea","none","Quercus_montana","2"
514,"basalarea","none","Nyssa_sylvatica","3"
514,"snag","none","snag","6"
514,"basalarea_edge","none","nodata","1"
514,"small_woody_stems","north","Kalmia_latifolia","5"
514,"small_woody_stems","north","Acer_rubrum","4"
514,"small_woody_stems","north","Vaccinium_pallidum","0"
514,"small_woody_stems","north","Vaccinium_angustifolium","4"
514,"small_woody_stems","north","Gaylussacia_baccata","0"
514,"medium_woody_stems","north","Kalmia_latifolia","4"
514,"medium_woody_stems","north","Acer_rubrum","2"
514,"medium_woody_stems","north","Vaccinium_pallidum","0"
514,"medium_woody_stems","north","Vaccinium_angustifolium","0"
514,"medium_woody_stems","north","Gaylussacia_baccata","0"
514,"large_woody_stems","north","Kalmia_latifolia","6"
514,"large_woody_stems","north","Acer_rubrum","1"
514,"large_woody_stems","north","Vaccinium_pallidum","0"
514,"large_woody_stems","north","Vaccinium_angustifolium","0"
514,"large_woody_stems","north","Gaylussacia_baccata","0"
514,"small_woody_stems","south","Kalmia_latifolia","5"
514,"small_woody_stems","south","Acer_rubrum","0"
514,"small_woody_stems","south","Vaccinium_pallidum","5"
514,"small_woody_stems","south","Vaccinium_angustifolium","2"
514,"small_woody_stems","south","Gaylussacia_baccata","3"
514,"medium_woody_stems","south","Kalmia_latifolia","8"
514,"medium_woody_stems","south","Acer_rubrum","0"
514,"medium_woody_stems","south","Vaccinium_pallidum","0"
514,"medium_woody_stems","south","Vaccinium_angustifolium","0"
514,"medium_woody_stems","south","Gaylussacia_baccata","0"
514,"large_woody_stems","south","Kalmia_latifolia","7"
514,"large_woody_stems","south","Acer_rubrum","0"
514,"large_woody_stems","south","Vaccinium_pallidum","0"
514,"large_woody_stems","south","Vaccinium_angustifolium","0"
514,"large_woody_stems","south","Gaylussacia_baccata","0"
515,"basalarea","none","Pinus_rigida","6"
515,"basalarea","none","Quercus_montana","2"
515,"basalarea","none","Acer_rubrum","2"
515,"basalarea","none","Nyssa_sylvatica","1"
515,"snag","none","snag","1"
515,"basalarea_edge","none","nodata","0"
515,"small_woody_stems","north","Kalmia_latifolia","0"
515,"small_woody_stems","north","Gaylussacia_baccata","11"
515,"small_woody_stems","north","Vaccinium_pallidum","6"
515,"small_woody_stems","north","Quercus_ilicifolia","0"
515,"medium_woody_stems","north","Kalmia_latifolia","4"
515,"medium_woody_stems","north","Gaylussacia_baccata","0"
515,"medium_woody_stems","north","Vaccinium_pallidum","1"
515,"medium_woody_stems","north","Quercus_ilicifolia","0"
515,"large_woody_stems","north","Kalmia_latifolia","6"
515,"large_woody_stems","north","Gaylussacia_baccata","0"
515,"large_woody_stems","north","Vaccinium_pallidum","0"
515,"large_woody_stems","north","Quercus_ilicifolia","0"
515,"small_woody_stems","south","Kalmia_latifolia","2"
515,"small_woody_stems","south","Gaylussacia_baccata","23"
515,"small_woody_stems","south","Vaccinium_pallidum","8"
515,"small_woody_stems","south","Quercus_ilicifolia","1"
515,"medium_woody_stems","south","Kalmia_latifolia","2"
515,"medium_woody_stems","south","Gaylussacia_baccata","0"
515,"medium_woody_stems","south","Vaccinium_pallidum","2"
515,"medium_woody_stems","south","Quercus_ilicifolia","0"
515,"large_woody_stems","south","Kalmia_latifolia","6"
515,"large_woody_stems","south","Gaylussacia_baccata","0"
515,"large_woody_stems","south","Vaccinium_pallidum","0"
515,"large_woody_stems","south","Quercus_ilicifolia","0"
516,"basalarea","none","Quercus_montana","2"
516,"basalarea","none","Pinus_rigida","3"
516,"basalarea","none","Pinus_rigida","1"
516,"basalarea","none","Amelanchier_spp","0"
516,"snag","none","snag","1"
516,"basalarea_edge","none","nodata","5"
516,"small_woody_stems","north","Kalmia_latifolia","14"
516,"small_woody_stems","north","Gaylussacia_baccata","45"
516,"small_woody_stems","north","Vaccinium_pallidum","5"
516,"small_woody_stems","north","Acer_rubrum","1"
516,"small_woody_stems","north","Smilax_rotundifolia","0"
516,"medium_woody_stems","north","Kalmia_latifolia","5"
516,"medium_woody_stems","north","Gaylussacia_baccata","0"
516,"medium_woody_stems","north","Vaccinium_pallidum","0"
516,"medium_woody_stems","north","Acer_rubrum","1"
516,"medium_woody_stems","north","Smilax_rotundifolia","0"
516,"large_woody_stems","north","Kalmia_latifolia","6"
516,"large_woody_stems","north","Gaylussacia_baccata","0"
516,"large_woody_stems","north","Vaccinium_pallidum","0"
516,"large_woody_stems","north","Acer_rubrum","0"
516,"large_woody_stems","north","Smilax_rotundifolia","0"
516,"small_woody_stems","south","Kalmia_latifolia","5"
516,"small_woody_stems","south","Gaylussacia_baccata","68"
516,"small_woody_stems","south","Vaccinium_pallidum","6"
516,"small_woody_stems","south","Acer_rubrum","0"
516,"small_woody_stems","south","Smilax_rotundifolia","1"
516,"medium_woody_stems","south","Kalmia_latifolia","5"
516,"medium_woody_stems","south","Gaylussacia_baccata","0"
516,"medium_woody_stems","south","Vaccinium_pallidum","0"
516,"medium_woody_stems","south","Acer_rubrum","0"
516,"medium_woody_stems","south","Smilax_rotundifolia","0"
516,"large_woody_stems","south","Kalmia_latifolia","3"
516,"large_woody_stems","south","Gaylussacia_baccata","0"
516,"large_woody_stems","south","Vaccinium_pallidum","0"
516,"large_woody_stems","south","Acer_rubrum","0"
516,"large_woody_stems","south","Smilax_rotundifolia","0"
517,"basalarea","none","Pinus_rigida","2"
517,"basalarea","none","Quercus_montana","2"
517,"basalarea","none","Nyssa_sylvatica","6"
517,"snag","none","snag","1"
517,"basalarea_edge","none","nodata","5"
517,"small_woody_stems","north","Kalmia_latifolia","8"
517,"small_woody_stems","north","Gaylussacia_baccata","35"
517,"small_woody_stems","north","Vaccinium_pallidum","8"
517,"medium_woody_stems","north","Kalmia_latifolia","7"
517,"medium_woody_stems","north","Gaylussacia_baccata","0"
517,"medium_woody_stems","north","Vaccinium_pallidum","1"
517,"large_woody_stems","north","Kalmia_latifolia","7"
517,"large_woody_stems","north","Gaylussacia_baccata","0"
517,"large_woody_stems","north","Vaccinium_pallidum","0"
517,"small_woody_stems","south","Kalmia_latifolia","8"
517,"small_woody_stems","south","Gaylussacia_baccata","17"
517,"small_woody_stems","south","Vaccinium_pallidum","5"
517,"medium_woody_stems","south","Kalmia_latifolia","3"
517,"medium_woody_stems","south","Gaylussacia_baccata","0"
517,"medium_woody_stems","south","Vaccinium_pallidum","0"
517,"large_woody_stems","south","Kalmia_latifolia","4"
517,"large_woody_stems","south","Gaylussacia_baccata","0"
517,"large_woody_stems","south","Vaccinium_pallidum","0"
518,"basalarea","none","Nyssa_sylvatica","2"
518,"snag","none","snag","6"
518,"basalarea_edge","none","nodata","2"
518,"small_woody_stems","north","Kalmia_latifolia","8"
518,"small_woody_stems","north","Gaylussacia_baccata","50"
518,"small_woody_stems","north","Vaccinium_pallidum","6"
518,"small_woody_stems","north","Nyssa_sylvatica","0"
518,"medium_woody_stems","north","Kalmia_latifolia","7"
518,"medium_woody_stems","north","Gaylussacia_baccata","8"
518,"medium_woody_stems","north","Vaccinium_pallidum","0"
518,"medium_woody_stems","north","Nyssa_sylvatica","0"
518,"large_woody_stems","north","Kalmia_latifolia","5"
518,"large_woody_stems","north","Gaylussacia_baccata","0"
518,"large_woody_stems","north","Vaccinium_pallidum","0"
518,"large_woody_stems","north","Nyssa_sylvatica","0"
518,"small_woody_stems","south","Kalmia_latifolia","6"
518,"small_woody_stems","south","Gaylussacia_baccata","13"
518,"small_woody_stems","south","Vaccinium_pallidum","5"
518,"small_woody_stems","south","Nyssa_sylvatica","0"
518,"medium_woody_stems","south","Kalmia_latifolia","3"
518,"medium_woody_stems","south","Gaylussacia_baccata","2"
518,"medium_woody_stems","south","Vaccinium_pallidum","0"
518,"medium_woody_stems","south","Nyssa_sylvatica","0"
518,"large_woody_stems","south","Kalmia_latifolia","15"
518,"large_woody_stems","south","Gaylussacia_baccata","0"
518,"large_woody_stems","south","Vaccinium_pallidum","0"
518,"large_woody_stems","south","Nyssa_sylvatica","1"
519,"basalarea","none","Nyssa_sylvatica","3"
519,"basalarea","none","Quercus_montana","1"
519,"snag","none","snag","6"
519,"basalarea_edge","none","nodata","1"
519,"small_woody_stems","north","Kalmia_latifolia","1"
519,"small_woody_stems","north","Gaylussacia_baccata","10"
519,"small_woody_stems","north","Vaccinium_pallidum","34"
519,"small_woody_stems","north","Nyssa_sylvatica","0"
519,"small_woody_stems","north","Acer_rubrum","0"
519,"medium_woody_stems","north","Kalmia_latifolia","3"
519,"medium_woody_stems","north","Gaylussacia_baccata","0"
519,"medium_woody_stems","north","Vaccinium_pallidum","10"
519,"medium_woody_stems","north","Nyssa_sylvatica","0"
519,"medium_woody_stems","north","Acer_rubrum","0"
519,"large_woody_stems","north","Kalmia_latifolia","7"
519,"large_woody_stems","north","Gaylussacia_baccata","6"
519,"large_woody_stems","north","Vaccinium_pallidum","0"
519,"large_woody_stems","north","Nyssa_sylvatica","3"
519,"large_woody_stems","north","Acer_rubrum","0"
519,"small_woody_stems","south","Kalmia_latifolia","5"
519,"small_woody_stems","south","Gaylussacia_baccata","43"
519,"small_woody_stems","south","Vaccinium_pallidum","2"
519,"small_woody_stems","south","Nyssa_sylvatica","0"
519,"small_woody_stems","south","Acer_rubrum","1"
519,"medium_woody_stems","south","Kalmia_latifolia","4"
519,"medium_woody_stems","south","Gaylussacia_baccata","6"
519,"medium_woody_stems","south","Vaccinium_pallidum","0"
519,"medium_woody_stems","south","Nyssa_sylvatica","0"
519,"medium_woody_stems","south","Acer_rubrum","0"
519,"large_woody_stems","south","Kalmia_latifolia","4"
519,"large_woody_stems","south","Gaylussacia_baccata","0"
519,"large_woody_stems","south","Vaccinium_pallidum","0"
519,"large_woody_stems","south","Nyssa_sylvatica","1"
519,"large_woody_stems","south","Acer_rubrum","0"
520,"basalarea","none","Nyssa_sylvatica","1"
520,"basalarea","none","Sassafras_albidum","1"
520,"snag","none","snag","3"
520,"basalarea_edge","none","nodata","5"
520,"small_woody_stems","north","Gaylussacia_baccata","4"
520,"small_woody_stems","north","Vaccinium_pallidum","3"
520,"small_woody_stems","north","Kalmia_latifolia","7"
520,"small_woody_stems","north","Nyssa_sylvatica","0"
520,"medium_woody_stems","north","Gaylussacia_baccata","0"
520,"medium_woody_stems","north","Vaccinium_pallidum","0"
520,"medium_woody_stems","north","Kalmia_latifolia","4"
520,"medium_woody_stems","north","Nyssa_sylvatica","0"
520,"large_woody_stems","north","Gaylussacia_baccata","0"
520,"large_woody_stems","north","Vaccinium_pallidum","0"
520,"large_woody_stems","north","Kalmia_latifolia","11"
520,"large_woody_stems","north","Nyssa_sylvatica","1"
520,"small_woody_stems","south","Gaylussacia_baccata","23"
520,"small_woody_stems","south","Vaccinium_pallidum","31"
520,"small_woody_stems","south","Kalmia_latifolia","6"
520,"small_woody_stems","south","Nyssa_sylvatica","0"
520,"medium_woody_stems","south","Gaylussacia_baccata","0"
520,"medium_woody_stems","south","Vaccinium_pallidum","6"
520,"medium_woody_stems","south","Kalmia_latifolia","5"
520,"medium_woody_stems","south","Nyssa_sylvatica","0"
520,"large_woody_stems","south","Gaylussacia_baccata","0"
520,"large_woody_stems","south","Vaccinium_pallidum","0"
520,"large_woody_stems","south","Kalmia_latifolia","9"
520,"large_woody_stems","south","Nyssa_sylvatica","0"
521,"basalarea","none","Quercus_montana","0"
521,"basalarea","none","Nyssa_sylvatica","1"
521,"snag","none","snag","7"
521,"basalarea_edge","none","nodata","2"
521,"small_woody_stems","north","Kalmia_latifolia","11"
521,"small_woody_stems","north","Vaccinium_pallidum","10"
521,"small_woody_stems","north","Gaylussacia_baccata","5"
521,"small_woody_stems","north","Acer_rubrum","11"
521,"medium_woody_stems","north","Kalmia_latifolia","7"
521,"medium_woody_stems","north","Vaccinium_pallidum","0"
521,"medium_woody_stems","north","Gaylussacia_baccata","0"
521,"medium_woody_stems","north","Acer_rubrum","0"
521,"large_woody_stems","north","Kalmia_latifolia","8"
521,"large_woody_stems","north","Vaccinium_pallidum","0"
521,"large_woody_stems","north","Gaylussacia_baccata","0"
521,"large_woody_stems","north","Acer_rubrum","0"
521,"small_woody_stems","south","Kalmia_latifolia","2"
521,"small_woody_stems","south","Vaccinium_pallidum","18"
521,"small_woody_stems","south","Gaylussacia_baccata","4"
521,"small_woody_stems","south","Acer_rubrum","15"
521,"medium_woody_stems","south","Kalmia_latifolia","7"
521,"medium_woody_stems","south","Vaccinium_pallidum","0"
521,"medium_woody_stems","south","Gaylussacia_baccata","0"
521,"medium_woody_stems","south","Acer_rubrum","0"
521,"large_woody_stems","south","Kalmia_latifolia","15"
521,"large_woody_stems","south","Vaccinium_pallidum","0"
521,"large_woody_stems","south","Gaylussacia_baccata","0"
521,"large_woody_stems","south","Acer_rubrum","0"
522,"basalarea","none","Acer_rubrum","1"
522,"basalarea","none","Nyssa_sylvatica","2"
522,"snag","none","snag","1"
522,"basalarea_edge","none","nodata","0"
522,"small_woody_stems","north","Kalmia_latifolia","4"
522,"small_woody_stems","north","Gaylussacia_frondosa","32"
522,"small_woody_stems","north","Vaccinium_pallidum","0"
522,"small_woody_stems","north","Quercus_ilicifolia","0"
522,"medium_woody_stems","north","Kalmia_latifolia","5"
522,"medium_woody_stems","north","Gaylussacia_frondosa","6"
522,"medium_woody_stems","north","Vaccinium_pallidum","0"
522,"medium_woody_stems","north","Quercus_ilicifolia","0"
522,"large_woody_stems","north","Kalmia_latifolia","10"
522,"large_woody_stems","north","Gaylussacia_frondosa","0"
522,"large_woody_stems","north","Vaccinium_pallidum","0"
522,"large_woody_stems","north","Quercus_ilicifolia","0"
522,"small_woody_stems","south","Kalmia_latifolia","2"
522,"small_woody_stems","south","Gaylussacia_frondosa","9"
522,"small_woody_stems","south","Vaccinium_pallidum","2"
522,"small_woody_stems","south","Quercus_ilicifolia","0"
522,"medium_woody_stems","south","Kalmia_latifolia","2"
522,"medium_woody_stems","south","Gaylussacia_frondosa","9"
522,"medium_woody_stems","south","Vaccinium_pallidum","0"
522,"medium_woody_stems","south","Quercus_ilicifolia","0"
522,"large_woody_stems","south","Kalmia_latifolia","4"
522,"large_woody_stems","south","Gaylussacia_frondosa","1"
522,"large_woody_stems","south","Vaccinium_pallidum","0"
522,"large_woody_stems","south","Quercus_ilicifolia","1"
523,"basalarea","none","Nyssa_sylvatica","1"
523,"basalarea","none","Quercus_coccinea","1"
523,"snag","none","snag","6"
523,"basalarea_edge","none","nodata","0"
523,"small_woody_stems","north","Kalmia_latifolia","3"
523,"small_woody_stems","north","Vaccinium_pallidum","23"
523,"small_woody_stems","north","Gaylussacia_baccata","0"
523,"small_woody_stems","north","Vaccinium_angustifolium","0"
523,"small_woody_stems","north","Acer_rubrum","0"
523,"medium_woody_stems","north","Kalmia_latifolia","2"
523,"medium_woody_stems","north","Vaccinium_pallidum","0"
523,"medium_woody_stems","north","Gaylussacia_baccata","0"
523,"medium_woody_stems","north","Vaccinium_angustifolium","0"
523,"medium_woody_stems","north","Acer_rubrum","0"
523,"large_woody_stems","north","Kalmia_latifolia","1"
523,"large_woody_stems","north","Vaccinium_pallidum","0"
523,"large_woody_stems","north","Gaylussacia_baccata","0"
523,"large_woody_stems","north","Vaccinium_angustifolium","0"
523,"large_woody_stems","north","Acer_rubrum","3"
523,"small_woody_stems","south","Kalmia_latifolia","7"
523,"small_woody_stems","south","Vaccinium_pallidum","3"
523,"small_woody_stems","south","Gaylussacia_baccata","5"
523,"small_woody_stems","south","Vaccinium_angustifolium","3"
523,"small_woody_stems","south","Acer_rubrum","0"
523,"medium_woody_stems","south","Kalmia_latifolia","2"
523,"medium_woody_stems","south","Vaccinium_pallidum","0"
523,"medium_woody_stems","south","Gaylussacia_baccata","0"
523,"medium_woody_stems","south","Vaccinium_angustifolium","0"
523,"medium_woody_stems","south","Acer_rubrum","0"
523,"large_woody_stems","south","Kalmia_latifolia","7"
523,"large_woody_stems","south","Vaccinium_pallidum","0"
523,"large_woody_stems","south","Gaylussacia_baccata","0"
523,"large_woody_stems","south","Vaccinium_angustifolium","0"
523,"large_woody_stems","south","Acer_rubrum","4"
524,"basalarea","none","Acer_rubrum","2"
524,"basalarea","none","Quercus_montana","4"
524,"snag","none","snag","8"
524,"basalarea_edge","none","nodata","0"
524,"small_woody_stems","north","Gaylussacia_baccata","17"
524,"small_woody_stems","north","Kalmia_latifolia","1"
524,"small_woody_stems","north","Acer_rubrum","0"
524,"medium_woody_stems","north","Gaylussacia_baccata","0"
524,"medium_woody_stems","north","Kalmia_latifolia","4"
524,"medium_woody_stems","north","Acer_rubrum","0"
524,"large_woody_stems","north","Gaylussacia_baccata","0"
524,"large_woody_stems","north","Kalmia_latifolia","6"
524,"large_woody_stems","north","Acer_rubrum","1"
524,"small_woody_stems","south","Gaylussacia_baccata","42"
524,"small_woody_stems","south","Kalmia_latifolia","1"
524,"small_woody_stems","south","Acer_rubrum","0"
524,"medium_woody_stems","south","Gaylussacia_baccata","1"
524,"medium_woody_stems","south","Kalmia_latifolia","2"
524,"medium_woody_stems","south","Acer_rubrum","0"
524,"large_woody_stems","south","Gaylussacia_baccata","0"
524,"large_woody_stems","south","Kalmia_latifolia","0"
524,"large_woody_stems","south","Acer_rubrum","0"
525,"basalarea","none","Quercus_montana","9"
525,"basalarea","none","Nyssa_sylvatica","1"
525,"snag","none","snag","2"
525,"basalarea_edge","none","nodata","0"
525,"small_woody_stems","north","Kalmia_latifolia","0"
525,"small_woody_stems","north","Vaccinium_pallidum","3"
525,"small_woody_stems","north","Gaylussacia_baccata","18"
525,"medium_woody_stems","north","Kalmia_latifolia","0"
525,"medium_woody_stems","north","Vaccinium_pallidum","0"
525,"medium_woody_stems","north","Gaylussacia_baccata","4"
525,"large_woody_stems","north","Kalmia_latifolia","0"
525,"large_woody_stems","north","Vaccinium_pallidum","0"
525,"large_woody_stems","north","Gaylussacia_baccata","7"
525,"small_woody_stems","south","Kalmia_latifolia","4"
525,"small_woody_stems","south","Vaccinium_pallidum","0"
525,"small_woody_stems","south","Gaylussacia_baccata","9"
525,"medium_woody_stems","south","Kalmia_latifolia","4"
525,"medium_woody_stems","south","Vaccinium_pallidum","0"
525,"medium_woody_stems","south","Gaylussacia_baccata","0"
525,"large_woody_stems","south","Kalmia_latifolia","6"
525,"large_woody_stems","south","Vaccinium_pallidum","0"
525,"large_woody_stems","south","Gaylussacia_baccata","0"
526,"basalarea","none","Acer_rubrum","1"
526,"basalarea","none","Quercus_montana","4"
526,"snag","none","snag","7"
526,"basalarea_edge","none","nodata","0"
526,"small_woody_stems","north","Gaylussacia_baccata","7"
526,"small_woody_stems","north","Kalmia_latifolia","3"
526,"small_woody_stems","north","Smilax_rotundifolia","0"
526,"small_woody_stems","north","Vaccinium_pallidum","6"
526,"small_woody_stems","north","Vaccinium_angustifolium","4"
526,"medium_woody_stems","north","Gaylussacia_baccata","0"
526,"medium_woody_stems","north","Kalmia_latifolia","6"
526,"medium_woody_stems","north","Smilax_rotundifolia","2"
526,"medium_woody_stems","north","Vaccinium_pallidum","2"
526,"medium_woody_stems","north","Vaccinium_angustifolium","0"
526,"large_woody_stems","north","Gaylussacia_baccata","0"
526,"large_woody_stems","north","Kalmia_latifolia","2"
526,"large_woody_stems","north","Smilax_rotundifolia","1"
526,"large_woody_stems","north","Vaccinium_pallidum","1"
526,"large_woody_stems","north","Vaccinium_angustifolium","0"
526,"small_woody_stems","south","Gaylussacia_baccata","21"
526,"small_woody_stems","south","Kalmia_latifolia","1"
526,"small_woody_stems","south","Smilax_rotundifolia","0"
526,"small_woody_stems","south","Vaccinium_pallidum","18"
526,"small_woody_stems","south","Vaccinium_angustifolium","0"
526,"medium_woody_stems","south","Gaylussacia_baccata","0"
526,"medium_woody_stems","south","Kalmia_latifolia","1"
526,"medium_woody_stems","south","Smilax_rotundifolia","0"
526,"medium_woody_stems","south","Vaccinium_pallidum","0"
526,"medium_woody_stems","south","Vaccinium_angustifolium","0"
526,"large_woody_stems","south","Gaylussacia_baccata","0"
526,"large_woody_stems","south","Kalmia_latifolia","2"
526,"large_woody_stems","south","Smilax_rotundifolia","0"
526,"large_woody_stems","south","Vaccinium_pallidum","0"
526,"large_woody_stems","south","Vaccinium_angustifolium","0"
527,"basalarea","none","Pinus_rigida","4"
527,"basalarea","none","Quercus_ilicifolia","1"
527,"snag","none","snag","1"
527,"basalarea_edge","none","nodata","0"
527,"small_woody_stems","north","Gaylussacia_baccata","8"
527,"small_woody_stems","north","Vaccinium_pallidum","4"
527,"small_woody_stems","north","Kalmia_latifolia","3"
527,"small_woody_stems","north","Smilax_rotundifolia","0"
527,"small_woody_stems","north","Gaylussacia_frondosa","3"
527,"small_woody_stems","north","Aronia_melanocarpa","0"
527,"small_woody_stems","north","Quercus_ilicifolia","0"
527,"medium_woody_stems","north","Gaylussacia_baccata","0"
527,"medium_woody_stems","north","Vaccinium_pallidum","0"
527,"medium_woody_stems","north","Kalmia_latifolia","3"
527,"medium_woody_stems","north","Smilax_rotundifolia","0"
527,"medium_woody_stems","north","Gaylussacia_frondosa","0"
527,"medium_woody_stems","north","Aronia_melanocarpa","0"
527,"medium_woody_stems","north","Quercus_ilicifolia","0"
527,"large_woody_stems","north","Gaylussacia_baccata","0"
527,"large_woody_stems","north","Vaccinium_pallidum","0"
527,"large_woody_stems","north","Kalmia_latifolia","6"
527,"large_woody_stems","north","Smilax_rotundifolia","0"
527,"large_woody_stems","north","Gaylussacia_frondosa","0"
527,"large_woody_stems","north","Aronia_melanocarpa","0"
527,"large_woody_stems","north","Quercus_ilicifolia","0"
527,"small_woody_stems","south","Gaylussacia_baccata","15"
527,"small_woody_stems","south","Vaccinium_pallidum","2"
527,"small_woody_stems","south","Kalmia_latifolia","1"
527,"small_woody_stems","south","Smilax_rotundifolia","1"
527,"small_woody_stems","south","Gaylussacia_frondosa","5"
527,"small_woody_stems","south","Aronia_melanocarpa","0"
527,"small_woody_stems","south","Quercus_ilicifolia","0"
527,"medium_woody_stems","south","Gaylussacia_baccata","0"
527,"medium_woody_stems","south","Vaccinium_pallidum","0"
527,"medium_woody_stems","south","Kalmia_latifolia","7"
527,"medium_woody_stems","south","Smilax_rotundifolia","0"
527,"medium_woody_stems","south","Gaylussacia_frondosa","7"
527,"medium_woody_stems","south","Aronia_melanocarpa","1"
527,"medium_woody_stems","south","Quercus_ilicifolia","0"
527,"large_woody_stems","south","Gaylussacia_baccata","0"
527,"large_woody_stems","south","Vaccinium_pallidum","0"
527,"large_woody_stems","south","Kalmia_latifolia","3"
527,"large_woody_stems","south","Smilax_rotundifolia","0"
527,"large_woody_stems","south","Gaylussacia_frondosa","0"
527,"large_woody_stems","south","Aronia_melanocarpa","0"
527,"large_woody_stems","south","Quercus_ilicifolia","2"
528,"basalarea","none","Nyssa_sylvatica","10"
528,"basalarea","none","Pinus_rigida","1"
528,"basalarea","none","Quercus_montana","2"
528,"snag","none","snag","5"
528,"basalarea_edge","none","nodata","0"
528,"small_woody_stems","north","Kalmia_latifolia","6"
528,"small_woody_stems","north","Gaylussacia_frondosa","5"
528,"small_woody_stems","north","Gaylussacia_baccata","2"
528,"small_woody_stems","north","Vaccinium_pallidum","5"
528,"medium_woody_stems","north","Kalmia_latifolia","1"
528,"medium_woody_stems","north","Gaylussacia_frondosa","0"
528,"medium_woody_stems","north","Gaylussacia_baccata","0"
528,"medium_woody_stems","north","Vaccinium_pallidum","0"
528,"large_woody_stems","north","Kalmia_latifolia","2"
528,"large_woody_stems","north","Gaylussacia_frondosa","0"
528,"large_woody_stems","north","Gaylussacia_baccata","0"
528,"large_woody_stems","north","Vaccinium_pallidum","0"
528,"small_woody_stems","south","Kalmia_latifolia","7"
528,"small_woody_stems","south","Gaylussacia_frondosa","0"
528,"small_woody_stems","south","Gaylussacia_baccata","0"
528,"small_woody_stems","south","Vaccinium_pallidum","0"
528,"medium_woody_stems","south","Kalmia_latifolia","2"
528,"medium_woody_stems","south","Gaylussacia_frondosa","0"
528,"medium_woody_stems","south","Gaylussacia_baccata","0"
528,"medium_woody_stems","south","Vaccinium_pallidum","0"
528,"large_woody_stems","south","Kalmia_latifolia","2"
528,"large_woody_stems","south","Gaylussacia_frondosa","0"
528,"large_woody_stems","south","Gaylussacia_baccata","0"
528,"large_woody_stems","south","Vaccinium_pallidum","0"
529,"basalarea","none","Nyssa_sylvatica","8"
529,"basalarea","none","Pinus_rigida","1"
529,"snag","none","snag","4"
529,"basalarea_edge","none","nodata","3"
529,"small_woody_stems","north","Kalmia_latifolia","10"
529,"small_woody_stems","north","Gaylussacia_baccata","19"
529,"small_woody_stems","north","Vaccinium_pallidum","3"
529,"small_woody_stems","north","Acer_rubrum","1"
529,"medium_woody_stems","north","Kalmia_latifolia","11"
529,"medium_woody_stems","north","Gaylussacia_baccata","0"
529,"medium_woody_stems","north","Vaccinium_pallidum","0"
529,"medium_woody_stems","north","Acer_rubrum","0"
529,"large_woody_stems","north","Kalmia_latifolia","8"
529,"large_woody_stems","north","Gaylussacia_baccata","0"
529,"large_woody_stems","north","Vaccinium_pallidum","0"
529,"large_woody_stems","north","Acer_rubrum","0"
529,"small_woody_stems","south","Kalmia_latifolia","5"
529,"small_woody_stems","south","Gaylussacia_baccata","6"
529,"small_woody_stems","south","Vaccinium_pallidum","10"
529,"small_woody_stems","south","Acer_rubrum","3"
529,"medium_woody_stems","south","Kalmia_latifolia","8"
529,"medium_woody_stems","south","Gaylussacia_baccata","0"
529,"medium_woody_stems","south","Vaccinium_pallidum","0"
529,"medium_woody_stems","south","Acer_rubrum","0"
529,"large_woody_stems","south","Kalmia_latifolia","6"
529,"large_woody_stems","south","Gaylussacia_baccata","0"
529,"large_woody_stems","south","Vaccinium_pallidum","0"
529,"large_woody_stems","south","Acer_rubrum","0"
530,"basalarea","none","Nyssa_sylvatica","1"
530,"basalarea","none","Acer_rubrum","1"
530,"snag","none","snag","7"
530,"basalarea_edge","none","nodata","0"
530,"small_woody_stems","north","Kalmia_latifolia","7"
530,"small_woody_stems","north","Vaccinium_pallidum","2"
530,"small_woody_stems","north","Gaylussacia_baccata","3"
530,"small_woody_stems","north","Gaylussacia_frondosa","5"
530,"small_woody_stems","north","Acer_rubrum","0"
530,"small_woody_stems","north","Smilax_rotundifolia","0"
530,"medium_woody_stems","north","Kalmia_latifolia","6"
530,"medium_woody_stems","north","Vaccinium_pallidum","0"
530,"medium_woody_stems","north","Gaylussacia_baccata","2"
530,"medium_woody_stems","north","Gaylussacia_frondosa","3"
530,"medium_woody_stems","north","Acer_rubrum","0"
530,"medium_woody_stems","north","Smilax_rotundifolia","0"
530,"large_woody_stems","north","Kalmia_latifolia","11"
530,"large_woody_stems","north","Vaccinium_pallidum","0"
530,"large_woody_stems","north","Gaylussacia_baccata","0"
530,"large_woody_stems","north","Gaylussacia_frondosa","0"
530,"large_woody_stems","north","Acer_rubrum","0"
530,"large_woody_stems","north","Smilax_rotundifolia","0"
530,"small_woody_stems","south","Kalmia_latifolia","5"
530,"small_woody_stems","south","Vaccinium_pallidum","12"
530,"small_woody_stems","south","Gaylussacia_baccata","40"
530,"small_woody_stems","south","Gaylussacia_frondosa","1"
530,"small_woody_stems","south","Acer_rubrum","1"
530,"small_woody_stems","south","Smilax_rotundifolia","1"
530,"medium_woody_stems","south","Kalmia_latifolia","5"
530,"medium_woody_stems","south","Vaccinium_pallidum","0"
530,"medium_woody_stems","south","Gaylussacia_baccata","3"
530,"medium_woody_stems","south","Gaylussacia_frondosa","0"
530,"medium_woody_stems","south","Acer_rubrum","0"
530,"medium_woody_stems","south","Smilax_rotundifolia","0"
530,"large_woody_stems","south","Kalmia_latifolia","7"
530,"large_woody_stems","south","Vaccinium_pallidum","0"
530,"large_woody_stems","south","Gaylussacia_baccata","0"
530,"large_woody_stems","south","Gaylussacia_frondosa","0"
530,"large_woody_stems","south","Acer_rubrum","0"
530,"large_woody_stems","south","Smilax_rotundifolia","0"
531,"basalarea","none","Pinus_rigida","1"
531,"basalarea","none","Quercus_montana","2"
531,"snag","none","snag","0"
531,"basalarea_edge","none","nodata","0"
531,"small_woody_stems","north","Kalmia_latifolia","2"
531,"small_woody_stems","north","Gaylussacia_baccata","3"
531,"small_woody_stems","north","Vaccinium_pallidum","7"
531,"small_woody_stems","north","Smilax_rotundifolia","0"
531,"small_woody_stems","north","Nyssa_sylvatica","0"
531,"small_woody_stems","north","Acer_rubrum","0"
531,"small_woody_stems","north","Gaylussacia_frondosa","4"
531,"small_woody_stems","north","Quercus_montana","0"
531,"small_woody_stems","north","Quercus_ilicifolia","0"
531,"small_woody_stems","north","Amelanchier_spp","0"
531,"small_woody_stems","north","Betula_lenta","0"
531,"small_woody_stems","north","Sassafras_albidum","0"
531,"medium_woody_stems","north","Kalmia_latifolia","4"
531,"medium_woody_stems","north","Gaylussacia_baccata","0"
531,"medium_woody_stems","north","Vaccinium_pallidum","0"
531,"medium_woody_stems","north","Smilax_rotundifolia","0"
531,"medium_woody_stems","north","Nyssa_sylvatica","0"
531,"medium_woody_stems","north","Acer_rubrum","0"
531,"medium_woody_stems","north","Gaylussacia_frondosa","10"
531,"medium_woody_stems","north","Quercus_montana","1"
531,"medium_woody_stems","north","Quercus_ilicifolia","0"
531,"medium_woody_stems","north","Amelanchier_spp","0"
531,"medium_woody_stems","north","Betula_lenta","0"
531,"medium_woody_stems","north","Sassafras_albidum","0"
531,"large_woody_stems","north","Kalmia_latifolia","5"
531,"large_woody_stems","north","Gaylussacia_baccata","0"
531,"large_woody_stems","north","Vaccinium_pallidum","0"
531,"large_woody_stems","north","Smilax_rotundifolia","0"
531,"large_woody_stems","north","Nyssa_sylvatica","2"
531,"large_woody_stems","north","Acer_rubrum","8"
531,"large_woody_stems","north","Gaylussacia_frondosa","0"
531,"large_woody_stems","north","Quercus_montana","7"
531,"large_woody_stems","north","Quercus_ilicifolia","1"
531,"large_woody_stems","north","Amelanchier_spp","1"
531,"large_woody_stems","north","Betula_lenta","1"
531,"large_woody_stems","north","Sassafras_albidum","1"
531,"small_woody_stems","south","Kalmia_latifolia","2"
531,"small_woody_stems","south","Gaylussacia_baccata","5"
531,"small_woody_stems","south","Vaccinium_pallidum","5"
531,"small_woody_stems","south","Smilax_rotundifolia","0"
531,"small_woody_stems","south","Nyssa_sylvatica","0"
531,"small_woody_stems","south","Acer_rubrum","0"
531,"small_woody_stems","south","Gaylussacia_frondosa","10"
531,"small_woody_stems","south","Quercus_montana","0"
531,"small_woody_stems","south","Quercus_ilicifolia","0"
531,"small_woody_stems","south","Amelanchier_spp","0"
531,"small_woody_stems","south","Betula_lenta","0"
531,"small_woody_stems","south","Sassafras_albidum","0"
531,"medium_woody_stems","south","Kalmia_latifolia","1"
531,"medium_woody_stems","south","Gaylussacia_baccata","0"
531,"medium_woody_stems","south","Vaccinium_pallidum","1"
531,"medium_woody_stems","south","Smilax_rotundifolia","0"
531,"medium_woody_stems","south","Nyssa_sylvatica","0"
531,"medium_woody_stems","south","Acer_rubrum","0"
531,"medium_woody_stems","south","Gaylussacia_frondosa","4"
531,"medium_woody_stems","south","Quercus_montana","0"
531,"medium_woody_stems","south","Quercus_ilicifolia","0"
531,"medium_woody_stems","south","Amelanchier_spp","0"
531,"medium_woody_stems","south","Betula_lenta","0"
531,"medium_woody_stems","south","Sassafras_albidum","0"
531,"large_woody_stems","south","Kalmia_latifolia","10"
531,"large_woody_stems","south","Gaylussacia_baccata","0"
531,"large_woody_stems","south","Vaccinium_pallidum","0"
531,"large_woody_stems","south","Smilax_rotundifolia","5"
531,"large_woody_stems","south","Nyssa_sylvatica","8"
531,"large_woody_stems","south","Acer_rubrum","3"
531,"large_woody_stems","south","Gaylussacia_frondosa","5"
531,"large_woody_stems","south","Quercus_montana","0"
531,"large_woody_stems","south","Quercus_ilicifolia","0"
531,"large_woody_stems","south","Amelanchier_spp","0"
531,"large_woody_stems","south","Betula_lenta","0"
531,"large_woody_stems","south","Sassafras_albidum","0"
532,"basalarea","none","Pinus_rigida","1"
532,"basalarea","none","Nyssa_sylvatica","1"
532,"snag","none","snag","3"
532,"basalarea_edge","none","nodata","0"
532,"small_woody_stems","north","Acer_rubrum","1"
532,"small_woody_stems","north","Sassafras_albidum","0"
532,"small_woody_stems","north","Kalmia_latifolia","1"
532,"small_woody_stems","north","Smilax_rotundifolia","2"
532,"small_woody_stems","north","Gaylussacia_frondosa","5"
532,"small_woody_stems","north","Gaylussacia_frondosa","2"
532,"small_woody_stems","north","Vaccinium_pallidum","0"
532,"small_woody_stems","north","Quercus_montana","0"
532,"small_woody_stems","north","Pinus_rigida","0"
532,"medium_woody_stems","north","Acer_rubrum","0"
532,"medium_woody_stems","north","Sassafras_albidum","0"
532,"medium_woody_stems","north","Kalmia_latifolia","5"
532,"medium_woody_stems","north","Smilax_rotundifolia","1"
532,"medium_woody_stems","north","Gaylussacia_frondosa","10"
532,"medium_woody_stems","north","Gaylussacia_frondosa","0"
532,"medium_woody_stems","north","Vaccinium_pallidum","0"
532,"medium_woody_stems","north","Quercus_montana","0"
532,"medium_woody_stems","north","Pinus_rigida","0"
532,"large_woody_stems","north","Acer_rubrum","5"
532,"large_woody_stems","north","Sassafras_albidum","1"
532,"large_woody_stems","north","Kalmia_latifolia","14"
532,"large_woody_stems","north","Smilax_rotundifolia","4"
532,"large_woody_stems","north","Gaylussacia_frondosa","2"
532,"large_woody_stems","north","Gaylussacia_frondosa","0"
532,"large_woody_stems","north","Vaccinium_pallidum","0"
532,"large_woody_stems","north","Quercus_montana","0"
532,"large_woody_stems","north","Pinus_rigida","0"
532,"small_woody_stems","south","Acer_rubrum","0"
532,"small_woody_stems","south","Sassafras_albidum","0"
532,"small_woody_stems","south","Kalmia_latifolia","3"
532,"small_woody_stems","south","Smilax_rotundifolia","3"
532,"small_woody_stems","south","Gaylussacia_frondosa","43"
532,"small_woody_stems","south","Gaylussacia_frondosa","0"
532,"small_woody_stems","south","Vaccinium_pallidum","2"
532,"small_woody_stems","south","Quercus_montana","0"
532,"small_woody_stems","south","Pinus_rigida","0"
532,"medium_woody_stems","south","Acer_rubrum","0"
532,"medium_woody_stems","south","Sassafras_albidum","0"
532,"medium_woody_stems","south","Kalmia_latifolia","7"
532,"medium_woody_stems","south","Smilax_rotundifolia","2"
532,"medium_woody_stems","south","Gaylussacia_frondosa","12"
532,"medium_woody_stems","south","Gaylussacia_frondosa","0"
532,"medium_woody_stems","south","Vaccinium_pallidum","1"
532,"medium_woody_stems","south","Quercus_montana","1"
532,"medium_woody_stems","south","Pinus_rigida","0"
532,"large_woody_stems","south","Acer_rubrum","4"
532,"large_woody_stems","south","Sassafras_albidum","0"
532,"large_woody_stems","south","Kalmia_latifolia","12"
532,"large_woody_stems","south","Smilax_rotundifolia","5"
532,"large_woody_stems","south","Gaylussacia_frondosa","2"
532,"large_woody_stems","south","Gaylussacia_frondosa","0"
532,"large_woody_stems","south","Vaccinium_pallidum","0"
532,"large_woody_stems","south","Quercus_montana","3"
532,"large_woody_stems","south","Pinus_rigida","2"
533,"basalarea","none","Pinus_rigida","1"
533,"basalarea","none","Betula_lenta","1"
533,"snag","none","snag","0"
533,"basalarea_edge","none","nodata","0"
533,"small_woody_stems","north","Gaylussacia_baccata","7"
533,"small_woody_stems","north","Kalmia_latifolia","5"
533,"small_woody_stems","north","Acer_rubrum","0"
533,"small_woody_stems","north","Smilax_rotundifolia","1"
533,"small_woody_stems","north","Gaylussacia_frondosa","2"
533,"small_woody_stems","north","Sassafras_albidum","0"
533,"small_woody_stems","north","Quercus_montana","0"
533,"small_woody_stems","north","Nyssa_sylvatica","0"
533,"medium_woody_stems","north","Gaylussacia_baccata","6"
533,"medium_woody_stems","north","Kalmia_latifolia","1"
533,"medium_woody_stems","north","Acer_rubrum","1"
533,"medium_woody_stems","north","Smilax_rotundifolia","0"
533,"medium_woody_stems","north","Gaylussacia_frondosa","0"
533,"medium_woody_stems","north","Sassafras_albidum","0"
533,"medium_woody_stems","north","Quercus_montana","0"
533,"medium_woody_stems","north","Nyssa_sylvatica","0"
533,"large_woody_stems","north","Gaylussacia_baccata","0"
533,"large_woody_stems","north","Kalmia_latifolia","0"
533,"large_woody_stems","north","Acer_rubrum","1"
533,"large_woody_stems","north","Smilax_rotundifolia","2"
533,"large_woody_stems","north","Gaylussacia_frondosa","0"
533,"large_woody_stems","north","Sassafras_albidum","2"
533,"large_woody_stems","north","Quercus_montana","4"
533,"large_woody_stems","north","Nyssa_sylvatica","3"
533,"small_woody_stems","south","Gaylussacia_baccata","0"
533,"small_woody_stems","south","Kalmia_latifolia","2"
533,"small_woody_stems","south","Acer_rubrum","0"
533,"small_woody_stems","south","Smilax_rotundifolia","2"
533,"small_woody_stems","south","Gaylussacia_frondosa","0"
533,"small_woody_stems","south","Sassafras_albidum","0"
533,"small_woody_stems","south","Quercus_montana","0"
533,"small_woody_stems","south","Nyssa_sylvatica","0"
533,"medium_woody_stems","south","Gaylussacia_baccata","0"
533,"medium_woody_stems","south","Kalmia_latifolia","3"
533,"medium_woody_stems","south","Acer_rubrum","0"
533,"medium_woody_stems","south","Smilax_rotundifolia","1"
533,"medium_woody_stems","south","Gaylussacia_frondosa","0"
533,"medium_woody_stems","south","Sassafras_albidum","0"
533,"medium_woody_stems","south","Quercus_montana","0"
533,"medium_woody_stems","south","Nyssa_sylvatica","0"
533,"large_woody_stems","south","Gaylussacia_baccata","0"
533,"large_woody_stems","south","Kalmia_latifolia","1"
533,"large_woody_stems","south","Acer_rubrum","8"
533,"large_woody_stems","south","Smilax_rotundifolia","9"
533,"large_woody_stems","south","Gaylussacia_frondosa","0"
533,"large_woody_stems","south","Sassafras_albidum","3"
533,"large_woody_stems","south","Quercus_montana","6"
533,"large_woody_stems","south","Nyssa_sylvatica","4"
534,"basalarea","none","Nyssa_sylvatica","5"
534,"snag","none","snag","3"
534,"basalarea_edge","none","nodata","0"
534,"small_woody_stems","north","Kalmia_latifolia","6"
534,"small_woody_stems","north","Gaylussacia_baccata","53"
534,"small_woody_stems","north","Vaccinium_pallidum","15"
534,"small_woody_stems","north","Vaccinium_angustifolium","0"
534,"medium_woody_stems","north","Kalmia_latifolia","13"
534,"medium_woody_stems","north","Gaylussacia_baccata","6"
534,"medium_woody_stems","north","Vaccinium_pallidum","0"
534,"medium_woody_stems","north","Vaccinium_angustifolium","0"
534,"large_woody_stems","north","Kalmia_latifolia","9"
534,"large_woody_stems","north","Gaylussacia_baccata","5"
534,"large_woody_stems","north","Vaccinium_pallidum","0"
534,"large_woody_stems","north","Vaccinium_angustifolium","0"
534,"small_woody_stems","south","Kalmia_latifolia","2"
534,"small_woody_stems","south","Gaylussacia_baccata","23"
534,"small_woody_stems","south","Vaccinium_pallidum","9"
534,"small_woody_stems","south","Vaccinium_angustifolium","5"
534,"medium_woody_stems","south","Kalmia_latifolia","7"
534,"medium_woody_stems","south","Gaylussacia_baccata","2"
534,"medium_woody_stems","south","Vaccinium_pallidum","0"
534,"medium_woody_stems","south","Vaccinium_angustifolium","0"
534,"large_woody_stems","south","Kalmia_latifolia","6"
534,"large_woody_stems","south","Gaylussacia_baccata","0"
534,"large_woody_stems","south","Vaccinium_pallidum","0"
534,"large_woody_stems","south","Vaccinium_angustifolium","0"
535,"basalarea","none","Pinus_strobus","2"
535,"basalarea","none","Pinus_rigida","4"
535,"basalarea","none","Nyssa_sylvatica","1"
535,"basalarea","none","Quercus_rubra","0"
535,"snag","none","snag","0"
535,"basalarea_edge","none","nodata","4"
535,"small_woody_stems","north","Kalmia_latifolia","7"
535,"small_woody_stems","north","Gaylussacia_baccata","23"
535,"small_woody_stems","north","Vaccinium_pallidum","16"
535,"small_woody_stems","north","Smilax_rotundifolia","0"
535,"small_woody_stems","north","Acer_rubrum","0"
535,"medium_woody_stems","north","Kalmia_latifolia","5"
535,"medium_woody_stems","north","Gaylussacia_baccata","1"
535,"medium_woody_stems","north","Vaccinium_pallidum","0"
535,"medium_woody_stems","north","Smilax_rotundifolia","0"
535,"medium_woody_stems","north","Acer_rubrum","0"
535,"large_woody_stems","north","Kalmia_latifolia","10"
535,"large_woody_stems","north","Gaylussacia_baccata","0"
535,"large_woody_stems","north","Vaccinium_pallidum","0"
535,"large_woody_stems","north","Smilax_rotundifolia","1"
535,"large_woody_stems","north","Acer_rubrum","0"
535,"small_woody_stems","south","Kalmia_latifolia","13"
535,"small_woody_stems","south","Gaylussacia_baccata","32"
535,"small_woody_stems","south","Vaccinium_pallidum","2"
535,"small_woody_stems","south","Smilax_rotundifolia","0"
535,"small_woody_stems","south","Acer_rubrum","6"
535,"medium_woody_stems","south","Kalmia_latifolia","8"
535,"medium_woody_stems","south","Gaylussacia_baccata","0"
535,"medium_woody_stems","south","Vaccinium_pallidum","0"
535,"medium_woody_stems","south","Smilax_rotundifolia","0"
535,"medium_woody_stems","south","Acer_rubrum","1"
535,"large_woody_stems","south","Kalmia_latifolia","8"
535,"large_woody_stems","south","Gaylussacia_baccata","0"
535,"large_woody_stems","south","Vaccinium_pallidum","0"
535,"large_woody_stems","south","Smilax_rotundifolia","0"
535,"large_woody_stems","south","Acer_rubrum","0"
536,"basalarea","none","Acer_rubrum","3"
536,"basalarea","none","Nyssa_sylvatica","1"
536,"basalarea","none","Pinus_strobus","0"
536,"basalarea","none","Pinus_rigida","0"
536,"snag","none","snag","2"
536,"basalarea_edge","none","nodata","6"
536,"small_woody_stems","north","Kalmia_latifolia","2"
536,"small_woody_stems","north","Gaylussacia_frondosa","11"
536,"small_woody_stems","north","Quercus_ilicifolia","0"
536,"small_woody_stems","north","Acer_rubrum","0"
536,"small_woody_stems","north","Gaylussacia_baccata","1"
536,"medium_woody_stems","north","Kalmia_latifolia","3"
536,"medium_woody_stems","north","Gaylussacia_frondosa","9"
536,"medium_woody_stems","north","Quercus_ilicifolia","0"
536,"medium_woody_stems","north","Acer_rubrum","0"
536,"medium_woody_stems","north","Gaylussacia_baccata","0"
536,"large_woody_stems","north","Kalmia_latifolia","10"
536,"large_woody_stems","north","Gaylussacia_frondosa","0"
536,"large_woody_stems","north","Quercus_ilicifolia","1"
536,"large_woody_stems","north","Acer_rubrum","1"
536,"large_woody_stems","north","Gaylussacia_baccata","0"
536,"small_woody_stems","south","Kalmia_latifolia","11"
536,"small_woody_stems","south","Gaylussacia_frondosa","26"
536,"small_woody_stems","south","Quercus_ilicifolia","0"
536,"small_woody_stems","south","Acer_rubrum","0"
536,"small_woody_stems","south","Gaylussacia_baccata","0"
536,"medium_woody_stems","south","Kalmia_latifolia","8"
536,"medium_woody_stems","south","Gaylussacia_frondosa","5"
536,"medium_woody_stems","south","Quercus_ilicifolia","0"
536,"medium_woody_stems","south","Acer_rubrum","0"
536,"medium_woody_stems","south","Gaylussacia_baccata","0"
536,"large_woody_stems","south","Kalmia_latifolia","3"
536,"large_woody_stems","south","Gaylussacia_frondosa","0"
536,"large_woody_stems","south","Quercus_ilicifolia","0"
536,"large_woody_stems","south","Acer_rubrum","1"
536,"large_woody_stems","south","Gaylussacia_baccata","0"
537,"basalarea","none","Nyssa_sylvatica","3"
537,"basalarea","none","Pinus_strobus","3"
537,"basalarea","none","Acer_rubrum","0"
537,"snag","none","snag","1"
537,"basalarea_edge","none","nodata","6"
537,"small_woody_stems","north","Kalmia_latifolia","9"
537,"small_woody_stems","north","Gaylussacia_baccata","19"
537,"small_woody_stems","north","Gaylussacia_frondosa","9"
537,"small_woody_stems","north","Vaccinium_pallidum","3"
537,"small_woody_stems","north","Pinus_strobus","0"
537,"small_woody_stems","north","Quercus_ilicifolia","0"
537,"small_woody_stems","north","Amelanchier_spp","0"
537,"medium_woody_stems","north","Kalmia_latifolia","6"
537,"medium_woody_stems","north","Gaylussacia_baccata","0"
537,"medium_woody_stems","north","Gaylussacia_frondosa","2"
537,"medium_woody_stems","north","Vaccinium_pallidum","0"
537,"medium_woody_stems","north","Pinus_strobus","0"
537,"medium_woody_stems","north","Quercus_ilicifolia","0"
537,"medium_woody_stems","north","Amelanchier_spp","0"
537,"large_woody_stems","north","Kalmia_latifolia","12"
537,"large_woody_stems","north","Gaylussacia_baccata","0"
537,"large_woody_stems","north","Gaylussacia_frondosa","0"
537,"large_woody_stems","north","Vaccinium_pallidum","0"
537,"large_woody_stems","north","Pinus_strobus","1"
537,"large_woody_stems","north","Quercus_ilicifolia","0"
537,"large_woody_stems","north","Amelanchier_spp","0"
537,"small_woody_stems","south","Kalmia_latifolia","3"
537,"small_woody_stems","south","Gaylussacia_baccata","2"
537,"small_woody_stems","south","Gaylussacia_frondosa","37"
537,"small_woody_stems","south","Vaccinium_pallidum","10"
537,"small_woody_stems","south","Pinus_strobus","0"
537,"small_woody_stems","south","Quercus_ilicifolia","3"
537,"small_woody_stems","south","Amelanchier_spp","0"
537,"medium_woody_stems","south","Kalmia_latifolia","10"
537,"medium_woody_stems","south","Gaylussacia_baccata","0"
537,"medium_woody_stems","south","Gaylussacia_frondosa","17"
537,"medium_woody_stems","south","Vaccinium_pallidum","0"
537,"medium_woody_stems","south","Pinus_strobus","0"
537,"medium_woody_stems","south","Quercus_ilicifolia","3"
537,"medium_woody_stems","south","Amelanchier_spp","0"
537,"large_woody_stems","south","Kalmia_latifolia","11"
537,"large_woody_stems","south","Gaylussacia_baccata","0"
537,"large_woody_stems","south","Gaylussacia_frondosa","10"
537,"large_woody_stems","south","Vaccinium_pallidum","0"
537,"large_woody_stems","south","Pinus_strobus","0"
537,"large_woody_stems","south","Quercus_ilicifolia","1"
537,"large_woody_stems","south","Amelanchier_spp","1"
538,"basalarea","none","Nyssa_sylvatica","3"
538,"basalarea","none","Pinus_rigida","3"
538,"basalarea","none","Quercus_rubra","2"
538,"basalarea","none","Quercus_montana","1"
538,"snag","none","snag","0"
538,"basalarea_edge","none","nodata","8"
538,"small_woody_stems","north","Kalmia_latifolia","6"
538,"small_woody_stems","north","Vaccinium_pallidum","37"
538,"small_woody_stems","north","Gaylussacia_baccata","46"
538,"small_woody_stems","north","Aronia_melanocarpa","2"
538,"small_woody_stems","north","Amelanchier_spp","2"
538,"medium_woody_stems","north","Kalmia_latifolia","6"
538,"medium_woody_stems","north","Vaccinium_pallidum","0"
538,"medium_woody_stems","north","Gaylussacia_baccata","4"
538,"medium_woody_stems","north","Aronia_melanocarpa","1"
538,"medium_woody_stems","north","Amelanchier_spp","0"
538,"large_woody_stems","north","Kalmia_latifolia","7"
538,"large_woody_stems","north","Vaccinium_pallidum","0"
538,"large_woody_stems","north","Gaylussacia_baccata","0"
538,"large_woody_stems","north","Aronia_melanocarpa","0"
538,"large_woody_stems","north","Amelanchier_spp","0"
538,"small_woody_stems","south","Kalmia_latifolia","4"
538,"small_woody_stems","south","Vaccinium_pallidum","27"
538,"small_woody_stems","south","Gaylussacia_baccata","0"
538,"small_woody_stems","south","Aronia_melanocarpa","0"
538,"small_woody_stems","south","Amelanchier_spp","0"
538,"medium_woody_stems","south","Kalmia_latifolia","4"
538,"medium_woody_stems","south","Vaccinium_pallidum","0"
538,"medium_woody_stems","south","Gaylussacia_baccata","0"
538,"medium_woody_stems","south","Aronia_melanocarpa","0"
538,"medium_woody_stems","south","Amelanchier_spp","0"
538,"large_woody_stems","south","Kalmia_latifolia","6"
538,"large_woody_stems","south","Vaccinium_pallidum","0"
538,"large_woody_stems","south","Gaylussacia_baccata","0"
538,"large_woody_stems","south","Aronia_melanocarpa","0"
538,"large_woody_stems","south","Amelanchier_spp","0"
539,"basalarea","none","Pinus_rigida","4"
539,"snag","none","snag","1"
539,"basalarea_edge","none","nodata","1"
539,"small_woody_stems","north","Acer_rubrum","3"
539,"small_woody_stems","north","Quercus_montana","11"
539,"small_woody_stems","north","Vaccinium_pallidum","20"
539,"small_woody_stems","north","Nyssa_sylvatica","2"
539,"small_woody_stems","north","Pinus_rigida","0"
539,"small_woody_stems","north","Gaylussacia_baccata","0"
539,"small_woody_stems","north","Smilax_rotundifolia","0"
539,"small_woody_stems","north","Gaylussacia_frondosa","0"
539,"medium_woody_stems","north","Acer_rubrum","2"
539,"medium_woody_stems","north","Quercus_montana","1"
539,"medium_woody_stems","north","Vaccinium_pallidum","0"
539,"medium_woody_stems","north","Nyssa_sylvatica","4"
539,"medium_woody_stems","north","Pinus_rigida","1"
539,"medium_woody_stems","north","Gaylussacia_baccata","0"
539,"medium_woody_stems","north","Smilax_rotundifolia","0"
539,"medium_woody_stems","north","Gaylussacia_frondosa","0"
539,"large_woody_stems","north","Acer_rubrum","20"
539,"large_woody_stems","north","Quercus_montana","0"
539,"large_woody_stems","north","Vaccinium_pallidum","0"
539,"large_woody_stems","north","Nyssa_sylvatica","7"
539,"large_woody_stems","north","Pinus_rigida","0"
539,"large_woody_stems","north","Gaylussacia_baccata","0"
539,"large_woody_stems","north","Smilax_rotundifolia","0"
539,"large_woody_stems","north","Gaylussacia_frondosa","0"
539,"small_woody_stems","south","Acer_rubrum","5"
539,"small_woody_stems","south","Quercus_montana","7"
539,"small_woody_stems","south","Vaccinium_pallidum","39"
539,"small_woody_stems","south","Nyssa_sylvatica","2"
539,"small_woody_stems","south","Pinus_rigida","0"
539,"small_woody_stems","south","Gaylussacia_baccata","3"
539,"small_woody_stems","south","Smilax_rotundifolia","2"
539,"small_woody_stems","south","Gaylussacia_frondosa","30"
539,"medium_woody_stems","south","Acer_rubrum","2"
539,"medium_woody_stems","south","Quercus_montana","1"
539,"medium_woody_stems","south","Vaccinium_pallidum","0"
539,"medium_woody_stems","south","Nyssa_sylvatica","0"
539,"medium_woody_stems","south","Pinus_rigida","0"
539,"medium_woody_stems","south","Gaylussacia_baccata","0"
539,"medium_woody_stems","south","Smilax_rotundifolia","0"
539,"medium_woody_stems","south","Gaylussacia_frondosa","0"
539,"large_woody_stems","south","Acer_rubrum","12"
539,"large_woody_stems","south","Quercus_montana","0"
539,"large_woody_stems","south","Vaccinium_pallidum","0"
539,"large_woody_stems","south","Nyssa_sylvatica","0"
539,"large_woody_stems","south","Pinus_rigida","0"
539,"large_woody_stems","south","Gaylussacia_baccata","0"
539,"large_woody_stems","south","Smilax_rotundifolia","0"
539,"large_woody_stems","south","Gaylussacia_frondosa","0"
540,"basalarea","none","Quercus_montana","2"
540,"basalarea","none","Nyssa_sylvatica","2"
540,"snag","none","snag","1"
540,"basalarea_edge","none","nodata","0"
540,"small_woody_stems","north","Gaylussacia_frondosa","32"
540,"small_woody_stems","north","Vaccinium_pallidum","6"
540,"small_woody_stems","north","Smilax_rotundifolia","2"
540,"small_woody_stems","north","Betula_lenta","7"
540,"small_woody_stems","north","Acer_rubrum","11"
540,"small_woody_stems","north","Gaylussacia_baccata","0"
540,"medium_woody_stems","north","Gaylussacia_frondosa","5"
540,"medium_woody_stems","north","Vaccinium_pallidum","0"
540,"medium_woody_stems","north","Smilax_rotundifolia","1"
540,"medium_woody_stems","north","Betula_lenta","5"
540,"medium_woody_stems","north","Acer_rubrum","0"
540,"medium_woody_stems","north","Gaylussacia_baccata","0"
540,"large_woody_stems","north","Gaylussacia_frondosa","0"
540,"large_woody_stems","north","Vaccinium_pallidum","0"
540,"large_woody_stems","north","Smilax_rotundifolia","3"
540,"large_woody_stems","north","Betula_lenta","10"
540,"large_woody_stems","north","Acer_rubrum","3"
540,"large_woody_stems","north","Gaylussacia_baccata","0"
540,"small_woody_stems","south","Gaylussacia_frondosa","14"
540,"small_woody_stems","south","Vaccinium_pallidum","4"
540,"small_woody_stems","south","Smilax_rotundifolia","0"
540,"small_woody_stems","south","Betula_lenta","0"
540,"small_woody_stems","south","Acer_rubrum","1"
540,"small_woody_stems","south","Gaylussacia_baccata","35"
540,"medium_woody_stems","south","Gaylussacia_frondosa","2"
540,"medium_woody_stems","south","Vaccinium_pallidum","0"
540,"medium_woody_stems","south","Smilax_rotundifolia","0"
540,"medium_woody_stems","south","Betula_lenta","2"
540,"medium_woody_stems","south","Acer_rubrum","0"
540,"medium_woody_stems","south","Gaylussacia_baccata","0"
540,"large_woody_stems","south","Gaylussacia_frondosa","0"
540,"large_woody_stems","south","Vaccinium_pallidum","0"
540,"large_woody_stems","south","Smilax_rotundifolia","0"
540,"large_woody_stems","south","Betula_lenta","5"
540,"large_woody_stems","south","Acer_rubrum","12"
540,"large_woody_stems","south","Gaylussacia_baccata","0"
541,"basalarea","none","Pinus_strobus","0"
541,"snag","none","snag","7"
541,"basalarea_edge","none","nodata","5"
541,"small_woody_stems","north","Kalmia_latifolia","6"
541,"small_woody_stems","north","Gaylussacia_baccata","73"
541,"small_woody_stems","north","Vaccinium_pallidum","28"
541,"small_woody_stems","north","Acer_rubrum","2"
541,"small_woody_stems","north","Gaylussacia_frondosa","5"
541,"small_woody_stems","north","Smilax_rotundifolia","0"
541,"small_woody_stems","north","Vaccinium_angustifolium","7"
541,"small_woody_stems","north","Nyssa_sylvatica","2"
541,"medium_woody_stems","north","Kalmia_latifolia","3"
541,"medium_woody_stems","north","Gaylussacia_baccata","0"
541,"medium_woody_stems","north","Vaccinium_pallidum","0"
541,"medium_woody_stems","north","Acer_rubrum","0"
541,"medium_woody_stems","north","Gaylussacia_frondosa","0"
541,"medium_woody_stems","north","Smilax_rotundifolia","0"
541,"medium_woody_stems","north","Vaccinium_angustifolium","0"
541,"medium_woody_stems","north","Nyssa_sylvatica","0"
541,"large_woody_stems","north","Kalmia_latifolia","4"
541,"large_woody_stems","north","Gaylussacia_baccata","0"
541,"large_woody_stems","north","Vaccinium_pallidum","0"
541,"large_woody_stems","north","Acer_rubrum","0"
541,"large_woody_stems","north","Gaylussacia_frondosa","0"
541,"large_woody_stems","north","Smilax_rotundifolia","0"
541,"large_woody_stems","north","Vaccinium_angustifolium","0"
541,"large_woody_stems","north","Nyssa_sylvatica","0"
541,"small_woody_stems","south","Kalmia_latifolia","10"
541,"small_woody_stems","south","Gaylussacia_baccata","50"
541,"small_woody_stems","south","Vaccinium_pallidum","15"
541,"small_woody_stems","south","Acer_rubrum","0"
541,"small_woody_stems","south","Gaylussacia_frondosa","8"
541,"small_woody_stems","south","Smilax_rotundifolia","1"
541,"small_woody_stems","south","Vaccinium_angustifolium","2"
541,"small_woody_stems","south","Nyssa_sylvatica","0"
541,"medium_woody_stems","south","Kalmia_latifolia","5"
541,"medium_woody_stems","south","Gaylussacia_baccata","0"
541,"medium_woody_stems","south","Vaccinium_pallidum","0"
541,"medium_woody_stems","south","Acer_rubrum","0"
541,"medium_woody_stems","south","Gaylussacia_frondosa","1"
541,"medium_woody_stems","south","Smilax_rotundifolia","0"
541,"medium_woody_stems","south","Vaccinium_angustifolium","0"
541,"medium_woody_stems","south","Nyssa_sylvatica","0"
541,"large_woody_stems","south","Kalmia_latifolia","9"
541,"large_woody_stems","south","Gaylussacia_baccata","0"
541,"large_woody_stems","south","Vaccinium_pallidum","0"
541,"large_woody_stems","south","Acer_rubrum","0"
541,"large_woody_stems","south","Gaylussacia_frondosa","0"
541,"large_woody_stems","south","Smilax_rotundifolia","0"
541,"large_woody_stems","south","Vaccinium_angustifolium","0"
541,"large_woody_stems","south","Nyssa_sylvatica","0"
542,"basalarea","none","Quercus_montana","4"
542,"snag","none","snag","2"
542,"basalarea_edge","none","nodata","4"
542,"small_woody_stems","north","Kalmia_latifolia","2"
542,"small_woody_stems","north","Gaylussacia_baccata","40"
542,"small_woody_stems","north","Smilax_rotundifolia","0"
542,"small_woody_stems","north","Vaccinium_pallidum","8"
542,"medium_woody_stems","north","Kalmia_latifolia","4"
542,"medium_woody_stems","north","Gaylussacia_baccata","0"
542,"medium_woody_stems","north","Smilax_rotundifolia","0"
542,"medium_woody_stems","north","Vaccinium_pallidum","0"
542,"large_woody_stems","north","Kalmia_latifolia","10"
542,"large_woody_stems","north","Gaylussacia_baccata","0"
542,"large_woody_stems","north","Smilax_rotundifolia","4"
542,"large_woody_stems","north","Vaccinium_pallidum","0"
542,"small_woody_stems","south","Kalmia_latifolia","5"
542,"small_woody_stems","south","Gaylussacia_baccata","68"
542,"small_woody_stems","south","Smilax_rotundifolia","0"
542,"small_woody_stems","south","Vaccinium_pallidum","10"
542,"medium_woody_stems","south","Kalmia_latifolia","6"
542,"medium_woody_stems","south","Gaylussacia_baccata","3"
542,"medium_woody_stems","south","Smilax_rotundifolia","0"
542,"medium_woody_stems","south","Vaccinium_pallidum","0"
542,"large_woody_stems","south","Kalmia_latifolia","13"
542,"large_woody_stems","south","Gaylussacia_baccata","0"
542,"large_woody_stems","south","Smilax_rotundifolia","0"
542,"large_woody_stems","south","Vaccinium_pallidum","0"
543,"basalarea","none","Quercus_montana","2"
543,"basalarea","none","Pinus_rigida","1"
543,"basalarea","none","Pinus_strobus","2"
543,"basalarea","none","Nyssa_sylvatica","1"
543,"snag","none","snag","0"
543,"basalarea_edge","none","nodata","3"
543,"small_woody_stems","north","Kalmia_latifolia","6"
543,"small_woody_stems","north","Vaccinium_pallidum","9"
543,"small_woody_stems","north","Pinus_strobus","0"
543,"small_woody_stems","north","Gaylussacia_baccata","11"
543,"small_woody_stems","north","Nyssa_sylvatica","0"
543,"small_woody_stems","north","Gaylussacia_frondosa","0"
543,"small_woody_stems","north","Quercus_ilicifolia","0"
543,"medium_woody_stems","north","Kalmia_latifolia","6"
543,"medium_woody_stems","north","Vaccinium_pallidum","0"
543,"medium_woody_stems","north","Pinus_strobus","0"
543,"medium_woody_stems","north","Gaylussacia_baccata","0"
543,"medium_woody_stems","north","Nyssa_sylvatica","0"
543,"medium_woody_stems","north","Gaylussacia_frondosa","0"
543,"medium_woody_stems","north","Quercus_ilicifolia","0"
543,"large_woody_stems","north","Kalmia_latifolia","17"
543,"large_woody_stems","north","Vaccinium_pallidum","0"
543,"large_woody_stems","north","Pinus_strobus","1"
543,"large_woody_stems","north","Gaylussacia_baccata","0"
543,"large_woody_stems","north","Nyssa_sylvatica","3"
543,"large_woody_stems","north","Gaylussacia_frondosa","0"
543,"large_woody_stems","north","Quercus_ilicifolia","0"
543,"small_woody_stems","south","Kalmia_latifolia","10"
543,"small_woody_stems","south","Vaccinium_pallidum","15"
543,"small_woody_stems","south","Pinus_strobus","1"
543,"small_woody_stems","south","Gaylussacia_baccata","20"
543,"small_woody_stems","south","Nyssa_sylvatica","0"
543,"small_woody_stems","south","Gaylussacia_frondosa","2"
543,"small_woody_stems","south","Quercus_ilicifolia","0"
543,"medium_woody_stems","south","Kalmia_latifolia","11"
543,"medium_woody_stems","south","Vaccinium_pallidum","0"
543,"medium_woody_stems","south","Pinus_strobus","0"
543,"medium_woody_stems","south","Gaylussacia_baccata","0"
543,"medium_woody_stems","south","Nyssa_sylvatica","0"
543,"medium_woody_stems","south","Gaylussacia_frondosa","2"
543,"medium_woody_stems","south","Quercus_ilicifolia","0"
543,"large_woody_stems","south","Kalmia_latifolia","6"
543,"large_woody_stems","south","Vaccinium_pallidum","0"
543,"large_woody_stems","south","Pinus_strobus","0"
543,"large_woody_stems","south","Gaylussacia_baccata","0"
543,"large_woody_stems","south","Nyssa_sylvatica","0"
543,"large_woody_stems","south","Gaylussacia_frondosa","0"
543,"large_woody_stems","south","Quercus_ilicifolia","2"
544,"basalarea","none","Quercus_montana","1"
544,"snag","none","snag","4"
544,"basalarea_edge","none","nodata","6"
544,"small_woody_stems","north","Kalmia_latifolia","6"
544,"small_woody_stems","north","Vaccinium_angustifolium","6"
544,"small_woody_stems","north","Acer_rubrum","13"
544,"small_woody_stems","north","Amelanchier_spp","2"
544,"small_woody_stems","north","Gaylussacia_baccata","18"
544,"small_woody_stems","north","Nyssa_sylvatica","0"
544,"small_woody_stems","north","Gaylussacia_frondosa","0"
544,"small_woody_stems","north","Quercus_montana","0"
544,"small_woody_stems","north","Betula_alleghaniensis","1"
544,"medium_woody_stems","north","Kalmia_latifolia","8"
544,"medium_woody_stems","north","Vaccinium_angustifolium","0"
544,"medium_woody_stems","north","Acer_rubrum","3"
544,"medium_woody_stems","north","Amelanchier_spp","0"
544,"medium_woody_stems","north","Gaylussacia_baccata","0"
544,"medium_woody_stems","north","Nyssa_sylvatica","0"
544,"medium_woody_stems","north","Gaylussacia_frondosa","0"
544,"medium_woody_stems","north","Quercus_montana","0"
544,"medium_woody_stems","north","Betula_alleghaniensis","0"
544,"large_woody_stems","north","Kalmia_latifolia","9"
544,"large_woody_stems","north","Vaccinium_angustifolium","0"
544,"large_woody_stems","north","Acer_rubrum","1"
544,"large_woody_stems","north","Amelanchier_spp","0"
544,"large_woody_stems","north","Gaylussacia_baccata","0"
544,"large_woody_stems","north","Nyssa_sylvatica","0"
544,"large_woody_stems","north","Gaylussacia_frondosa","0"
544,"large_woody_stems","north","Quercus_montana","0"
544,"large_woody_stems","north","Betula_alleghaniensis","0"
544,"small_woody_stems","south","Kalmia_latifolia","9"
544,"small_woody_stems","south","Vaccinium_angustifolium","0"
544,"small_woody_stems","south","Acer_rubrum","1"
544,"small_woody_stems","south","Amelanchier_spp","0"
544,"small_woody_stems","south","Gaylussacia_baccata","7"
544,"small_woody_stems","south","Nyssa_sylvatica","0"
544,"small_woody_stems","south","Gaylussacia_frondosa","0"
544,"small_woody_stems","south","Quercus_montana","0"
544,"small_woody_stems","south","Betula_alleghaniensis","0"
544,"medium_woody_stems","south","Kalmia_latifolia","13"
544,"medium_woody_stems","south","Vaccinium_angustifolium","0"
544,"medium_woody_stems","south","Acer_rubrum","1"
544,"medium_woody_stems","south","Amelanchier_spp","0"
544,"medium_woody_stems","south","Gaylussacia_baccata","4"
544,"medium_woody_stems","south","Nyssa_sylvatica","0"
544,"medium_woody_stems","south","Gaylussacia_frondosa","4"
544,"medium_woody_stems","south","Quercus_montana","0"
544,"medium_woody_stems","south","Betula_alleghaniensis","0"
544,"large_woody_stems","south","Kalmia_latifolia","10"
544,"large_woody_stems","south","Vaccinium_angustifolium","0"
544,"large_woody_stems","south","Acer_rubrum","1"
544,"large_woody_stems","south","Amelanchier_spp","0"
544,"large_woody_stems","south","Gaylussacia_baccata","0"
544,"large_woody_stems","south","Nyssa_sylvatica","1"
544,"large_woody_stems","south","Gaylussacia_frondosa","0"
544,"large_woody_stems","south","Quercus_montana","2"
544,"large_woody_stems","south","Betula_alleghaniensis","0"
545,"basalarea","none","Populus_grandidentata","0"
545,"basalarea","none","Pinus_strobus","1"
545,"snag","none","snag","1"
545,"basalarea_edge","none","nodata","3"
545,"small_woody_stems","north","Kalmia_latifolia","0"
545,"small_woody_stems","north","Acer_rubrum","0"
545,"small_woody_stems","north","Sassafras_albidum","0"
545,"small_woody_stems","north","Pinus_rigida","0"
545,"small_woody_stems","north","Amelanchier_spp","0"
545,"small_woody_stems","north","Populus_grandidentata","0"
545,"small_woody_stems","north","Quercus_montana","0"
545,"small_woody_stems","north","Vaccinium_pallidum","0"
545,"small_woody_stems","north","Pinus_strobus","0"
545,"medium_woody_stems","north","Kalmia_latifolia","4"
545,"medium_woody_stems","north","Acer_rubrum","0"
545,"medium_woody_stems","north","Sassafras_albidum","0"
545,"medium_woody_stems","north","Pinus_rigida","0"
545,"medium_woody_stems","north","Amelanchier_spp","0"
545,"medium_woody_stems","north","Populus_grandidentata","0"
545,"medium_woody_stems","north","Quercus_montana","0"
545,"medium_woody_stems","north","Vaccinium_pallidum","0"
545,"medium_woody_stems","north","Pinus_strobus","0"
545,"large_woody_stems","north","Kalmia_latifolia","1"
545,"large_woody_stems","north","Acer_rubrum","17"
545,"large_woody_stems","north","Sassafras_albidum","1"
545,"large_woody_stems","north","Pinus_rigida","4"
545,"large_woody_stems","north","Amelanchier_spp","1"
545,"large_woody_stems","north","Populus_grandidentata","0"
545,"large_woody_stems","north","Quercus_montana","0"
545,"large_woody_stems","north","Vaccinium_pallidum","0"
545,"large_woody_stems","north","Pinus_strobus","0"
545,"small_woody_stems","south","Kalmia_latifolia","7"
545,"small_woody_stems","south","Acer_rubrum","0"
545,"small_woody_stems","south","Sassafras_albidum","0"
545,"small_woody_stems","south","Pinus_rigida","0"
545,"small_woody_stems","south","Amelanchier_spp","0"
545,"small_woody_stems","south","Populus_grandidentata","0"
545,"small_woody_stems","south","Quercus_montana","0"
545,"small_woody_stems","south","Vaccinium_pallidum","0"
545,"small_woody_stems","south","Pinus_strobus","17"
545,"medium_woody_stems","south","Kalmia_latifolia","4"
545,"medium_woody_stems","south","Acer_rubrum","0"
545,"medium_woody_stems","south","Sassafras_albidum","0"
545,"medium_woody_stems","south","Pinus_rigida","0"
545,"medium_woody_stems","south","Amelanchier_spp","0"
545,"medium_woody_stems","south","Populus_grandidentata","0"
545,"medium_woody_stems","south","Quercus_montana","0"
545,"medium_woody_stems","south","Vaccinium_pallidum","0"
545,"medium_woody_stems","south","Pinus_strobus","0"
545,"large_woody_stems","south","Kalmia_latifolia","2"
545,"large_woody_stems","south","Acer_rubrum","0"
545,"large_woody_stems","south","Sassafras_albidum","0"
545,"large_woody_stems","south","Pinus_rigida","2"
545,"large_woody_stems","south","Amelanchier_spp","0"
545,"large_woody_stems","south","Populus_grandidentata","2"
545,"large_woody_stems","south","Quercus_montana","4"
545,"large_woody_stems","south","Vaccinium_pallidum","0"
545,"large_woody_stems","south","Pinus_strobus","0"
546,"basalarea","none","Quercus_montana","4"
546,"basalarea","none","Nyssa_sylvatica","0"
546,"basalarea","none","Pinus_rigida","2"
546,"snag","none","snag","0"
546,"basalarea_edge","none","nodata","3"
546,"small_woody_stems","north","Kalmia_latifolia","7"
546,"small_woody_stems","north","Gaylussacia_baccata","19"
546,"small_woody_stems","north","Vaccinium_pallidum","16"
546,"small_woody_stems","north","Pinus_rigida","0"
546,"small_woody_stems","north","Nyssa_sylvatica","0"
546,"small_woody_stems","north","Sassafras_albidum","0"
546,"small_woody_stems","north","Comptonia_peregrina","0"
546,"small_woody_stems","north","Acer_rubrum","0"
546,"small_woody_stems","north","Tulipifera_liriodendron","0"
546,"medium_woody_stems","north","Kalmia_latifolia","5"
546,"medium_woody_stems","north","Gaylussacia_baccata","0"
546,"medium_woody_stems","north","Vaccinium_pallidum","1"
546,"medium_woody_stems","north","Pinus_rigida","0"
546,"medium_woody_stems","north","Nyssa_sylvatica","0"
546,"medium_woody_stems","north","Sassafras_albidum","0"
546,"medium_woody_stems","north","Comptonia_peregrina","0"
546,"medium_woody_stems","north","Acer_rubrum","0"
546,"medium_woody_stems","north","Tulipifera_liriodendron","0"
546,"large_woody_stems","north","Kalmia_latifolia","9"
546,"large_woody_stems","north","Gaylussacia_baccata","0"
546,"large_woody_stems","north","Vaccinium_pallidum","0"
546,"large_woody_stems","north","Pinus_rigida","4"
546,"large_woody_stems","north","Nyssa_sylvatica","1"
546,"large_woody_stems","north","Sassafras_albidum","2"
546,"large_woody_stems","north","Comptonia_peregrina","0"
546,"large_woody_stems","north","Acer_rubrum","0"
546,"large_woody_stems","north","Tulipifera_liriodendron","0"
546,"small_woody_stems","south","Kalmia_latifolia","8"
546,"small_woody_stems","south","Gaylussacia_baccata","14"
546,"small_woody_stems","south","Vaccinium_pallidum","17"
546,"small_woody_stems","south","Pinus_rigida","0"
546,"small_woody_stems","south","Nyssa_sylvatica","0"
546,"small_woody_stems","south","Sassafras_albidum","0"
546,"small_woody_stems","south","Comptonia_peregrina","1"
546,"small_woody_stems","south","Acer_rubrum","0"
546,"small_woody_stems","south","Tulipifera_liriodendron","0"
546,"medium_woody_stems","south","Kalmia_latifolia","3"
546,"medium_woody_stems","south","Gaylussacia_baccata","0"
546,"medium_woody_stems","south","Vaccinium_pallidum","0"
546,"medium_woody_stems","south","Pinus_rigida","0"
546,"medium_woody_stems","south","Nyssa_sylvatica","0"
546,"medium_woody_stems","south","Sassafras_albidum","0"
546,"medium_woody_stems","south","Comptonia_peregrina","0"
546,"medium_woody_stems","south","Acer_rubrum","1"
546,"medium_woody_stems","south","Tulipifera_liriodendron","0"
546,"large_woody_stems","south","Kalmia_latifolia","0"
546,"large_woody_stems","south","Gaylussacia_baccata","0"
546,"large_woody_stems","south","Vaccinium_pallidum","0"
546,"large_woody_stems","south","Pinus_rigida","1"
546,"large_woody_stems","south","Nyssa_sylvatica","1"
546,"large_woody_stems","south","Sassafras_albidum","4"
546,"large_woody_stems","south","Comptonia_peregrina","0"
546,"large_woody_stems","south","Acer_rubrum","4"
546,"large_woody_stems","south","Tulipifera_liriodendron","1"
547,"basalarea","none","Nyssa_sylvatica","2"
547,"snag","none","snag","0"
547,"basalarea_edge","none","nodata","2"
547,"small_woody_stems","north","Kalmia_latifolia","0"
547,"small_woody_stems","north","Gaylussacia_baccata","16"
547,"small_woody_stems","north","Quercus_ilicifolia","0"
547,"small_woody_stems","north","Acer_rubrum","0"
547,"small_woody_stems","north","Pinus_rigida","0"
547,"small_woody_stems","north","Vaccinium_pallidum","7"
547,"small_woody_stems","north","Nyssa_sylvatica","0"
547,"medium_woody_stems","north","Kalmia_latifolia","5"
547,"medium_woody_stems","north","Gaylussacia_baccata","6"
547,"medium_woody_stems","north","Quercus_ilicifolia","0"
547,"medium_woody_stems","north","Acer_rubrum","0"
547,"medium_woody_stems","north","Pinus_rigida","0"
547,"medium_woody_stems","north","Vaccinium_pallidum","1"
547,"medium_woody_stems","north","Nyssa_sylvatica","0"
547,"large_woody_stems","north","Kalmia_latifolia","2"
547,"large_woody_stems","north","Gaylussacia_baccata","0"
547,"large_woody_stems","north","Quercus_ilicifolia","1"
547,"large_woody_stems","north","Acer_rubrum","2"
547,"large_woody_stems","north","Pinus_rigida","1"
547,"large_woody_stems","north","Vaccinium_pallidum","0"
547,"large_woody_stems","north","Nyssa_sylvatica","0"
547,"small_woody_stems","south","Kalmia_latifolia","8"
547,"small_woody_stems","south","Gaylussacia_baccata","25"
547,"small_woody_stems","south","Quercus_ilicifolia","0"
547,"small_woody_stems","south","Acer_rubrum","0"
547,"small_woody_stems","south","Pinus_rigida","0"
547,"small_woody_stems","south","Vaccinium_pallidum","0"
547,"small_woody_stems","south","Nyssa_sylvatica","0"
547,"medium_woody_stems","south","Kalmia_latifolia","6"
547,"medium_woody_stems","south","Gaylussacia_baccata","0"
547,"medium_woody_stems","south","Quercus_ilicifolia","0"
547,"medium_woody_stems","south","Acer_rubrum","3"
547,"medium_woody_stems","south","Pinus_rigida","0"
547,"medium_woody_stems","south","Vaccinium_pallidum","5"
547,"medium_woody_stems","south","Nyssa_sylvatica","0"
547,"large_woody_stems","south","Kalmia_latifolia","4"
547,"large_woody_stems","south","Gaylussacia_baccata","0"
547,"large_woody_stems","south","Quercus_ilicifolia","0"
547,"large_woody_stems","south","Acer_rubrum","0"
547,"large_woody_stems","south","Pinus_rigida","1"
547,"large_woody_stems","south","Vaccinium_pallidum","0"
547,"large_woody_stems","south","Nyssa_sylvatica","1"
548,"basalarea","none","Pinus_rigida","0"
548,"basalarea","none","Nyssa_sylvatica","0"
548,"snag","none","snag","0"
548,"basalarea_edge","none","nodata","2"
548,"small_woody_stems","north","Kalmia_latifolia","0"
548,"small_woody_stems","north","Nyssa_sylvatica","0"
548,"small_woody_stems","north","Pinus_rigida","0"
548,"small_woody_stems","north","Gaylussacia_baccata","13"
548,"small_woody_stems","north","Comptonia_peregrina","0"
548,"small_woody_stems","north","Amelanchier_spp","0"
548,"small_woody_stems","north","Smilax_rotundifolia","0"
548,"small_woody_stems","north","Gaylussacia_frondosa","0"
548,"medium_woody_stems","north","Kalmia_latifolia","0"
548,"medium_woody_stems","north","Nyssa_sylvatica","0"
548,"medium_woody_stems","north","Pinus_rigida","0"
548,"medium_woody_stems","north","Gaylussacia_baccata","3"
548,"medium_woody_stems","north","Comptonia_peregrina","0"
548,"medium_woody_stems","north","Amelanchier_spp","0"
548,"medium_woody_stems","north","Smilax_rotundifolia","0"
548,"medium_woody_stems","north","Gaylussacia_frondosa","0"
548,"large_woody_stems","north","Kalmia_latifolia","2"
548,"large_woody_stems","north","Nyssa_sylvatica","2"
548,"large_woody_stems","north","Pinus_rigida","1"
548,"large_woody_stems","north","Gaylussacia_baccata","0"
548,"large_woody_stems","north","Comptonia_peregrina","0"
548,"large_woody_stems","north","Amelanchier_spp","0"
548,"large_woody_stems","north","Smilax_rotundifolia","0"
548,"large_woody_stems","north","Gaylussacia_frondosa","0"
548,"small_woody_stems","south","Kalmia_latifolia","3"
548,"small_woody_stems","south","Nyssa_sylvatica","0"
548,"small_woody_stems","south","Pinus_rigida","1"
548,"small_woody_stems","south","Gaylussacia_baccata","10"
548,"small_woody_stems","south","Comptonia_peregrina","4"
548,"small_woody_stems","south","Amelanchier_spp","0"
548,"small_woody_stems","south","Smilax_rotundifolia","0"
548,"small_woody_stems","south","Gaylussacia_frondosa","0"
548,"medium_woody_stems","south","Kalmia_latifolia","3"
548,"medium_woody_stems","south","Nyssa_sylvatica","0"
548,"medium_woody_stems","south","Pinus_rigida","0"
548,"medium_woody_stems","south","Gaylussacia_baccata","2"
548,"medium_woody_stems","south","Comptonia_peregrina","0"
548,"medium_woody_stems","south","Amelanchier_spp","0"
548,"medium_woody_stems","south","Smilax_rotundifolia","0"
548,"medium_woody_stems","south","Gaylussacia_frondosa","2"
548,"large_woody_stems","south","Kalmia_latifolia","3"
548,"large_woody_stems","south","Nyssa_sylvatica","1"
548,"large_woody_stems","south","Pinus_rigida","6"
548,"large_woody_stems","south","Gaylussacia_baccata","0"
548,"large_woody_stems","south","Comptonia_peregrina","0"
548,"large_woody_stems","south","Amelanchier_spp","1"
548,"large_woody_stems","south","Smilax_rotundifolia","3"
548,"large_woody_stems","south","Gaylussacia_frondosa","0"
